>ACAT1-201_Adig_Acropora_digitifera_11780	64	1260	Adig_Acropora_digitifera_11780
>ACAT1-201_Ahya_Acropora_hyacinthus_4520	43	939	Ahya_Acropora_hyacinthus_4520
>ACAT1-201_Amil_Acropora_millepora_16320	1	1221	Amil_Acropora_millepora_16320
>ACAT1-201_Apal_XM_021052263.2	30	1289	Apal_XM_021052263.2
>ACAT1-201_Apoc_chromosome_10.2367_1	65	1273	Apoc_chromosome_10.2367_1
>ACAT1-201_Aque_XM_003383217.3	70	1302	Aque_XM_003383217.3
>ACAT1-201_Cgig_G17019.10	25	1212	Cgig_G17019.10
>ACAT1-201_Emue_Em0023g337a.t1	1	1383	Emue_Em0023g337a.t1
>ACAT1-201_Gasp_gasp1.m3.27397.m1	53	1276	Gasp_gasp1.m3.27397.m1
>ACAT1-201_Gfas_gfas1.m1.3722.m1	45	1277	Gfas_gfas1.m1.3722.m1
>ACAT1-201_Hsal_ENA_GHBP01000655_GHBP01000655.1	980	1567	Hsal_ENA_GHBP01000655_GHBP01000655.1
>ACAT1-201_Kiwa_ENA_GBGI01006703_GBGI01006703.1	1767	556	Kiwa_ENA_GBGI01006703_GBGI01006703.1
>ACAT1-201_Mcap_g46694	7	1269	Mcap_g46694
>ACAT1-201_Msqu_ENA_GHBR01003891_GHBR01003891.1	1	660	Msqu_ENA_GHBR01003891_GHBR01003891.1
>ACAT1-201_Nvec_XM_001630345.2	208	1428	Nvec_XM_001630345.2
>ACAT1-201_Pbac_AVPN01007365.1	1946	3163	Pbac_AVPN01007365.1
>ACAT1-201_Pdam_Pocillopora_damicornis_1075	157	1434	Pdam_Pocillopora_damicornis_1075
>ACAT1-201_Plut_plut2.m8.18517.m1	13	1257	Plut_plut2.m8.18517.m1
>ACAT1-201_Prus_24985_t	148	1320	Prus_24985_t
>ACAT1-201_Pver_TRINITY_DN9271_c0_g1_i1	75	1247	Pver_TRINITY_DN9271_c0_g1_i1
>ACAT1-201_Spis_Stylophora_pistillata_18675	52	1221	Spis_Stylophora_pistillata_18675
>ACAT2-201_Adig_Acropora_digitifera_13409	19	1185	Adig_Acropora_digitifera_13409
>ACAT2-201_Ahya_Acropora_hyacinthus_4520	79	924	Ahya_Acropora_hyacinthus_4520
>ACAT2-201_Amil_Acropora_millepora_16320	4	1221	Amil_Acropora_millepora_16320
>ACAT2-201_Apal_XM_021052888.2	106	1278	Apal_XM_021052888.2
>ACAT2-201_Apoc_chromosome_10.2367_1	98	1270	Apoc_chromosome_10.2367_1
>ACAT2-201_Aque_XM_003383217.3	121	1299	Aque_XM_003383217.3
>ACAT2-201_Cgig_G17019.10	43	1209	Cgig_G17019.10
>ACAT2-201_Emue_Em0023g560a.t1	7	1176	Emue_Em0023g560a.t1
>ACAT2-201_Gasp_gasp1.m3.11053.m1	109	1317	Gasp_gasp1.m3.11053.m1
>ACAT2-201_Gfas_gfas1.m1.3722.m1	48	1274	Gfas_gfas1.m1.3722.m1
>ACAT2-201_Hsal_ENA_GHBP01000655_GHBP01000655.1	980	1567	Hsal_ENA_GHBP01000655_GHBP01000655.1
>ACAT2-201_Kiwa_ENA_GBGI01006703_GBGI01006703.1	1764	559	Kiwa_ENA_GBGI01006703_GBGI01006703.1
>ACAT2-201_Mcap_g196	34	1251	Mcap_g196
>ACAT2-201_Msqu_ENA_GHBR01004002_GHBR01004002.1	11	577	Msqu_ENA_GHBR01004002_GHBR01004002.1
>ACAT2-201_Nvec_XM_032378308.1	84	1256	Nvec_XM_032378308.1
>ACAT2-201_Pbac_AVPN01020132.1	393	31	Pbac_AVPN01020132.1
>ACAT2-201_Pdam_Pocillopora_damicornis_1075	178	1434	Pdam_Pocillopora_damicornis_1075
>ACAT2-201_Plut_plut2.m8.18517.m1	67	1251	Plut_plut2.m8.18517.m1
>ACAT2-201_Prus_11691_t	19	1086	Prus_11691_t
>ACAT2-201_Pver_TRINITY_DN68911_c0_g1_i1	50	1213	Pver_TRINITY_DN68911_c0_g1_i1
>ACAT2-201_Spis_Stylophora_pistillata_18675	37	1221	Spis_Stylophora_pistillata_18675
>ATAT1-204_Adig_Acropora_digitifera_2292	100	570	Adig_Acropora_digitifera_2292
>ATAT1-204_Amil_Acropora_millepora_9074	100	570	Amil_Acropora_millepora_9074
>ATAT1-204_Apal_XM_021049451.2	473	922	Apal_XM_021049451.2
>ATAT1-204_Apoc_chromosome_13.2184_1	190	420	Apoc_chromosome_13.2184_1
>ATAT1-204_Aque_XM_003389380.3	162	611	Aque_XM_003389380.3
>ATAT1-204_Cgig_G25255.2	28	564	Cgig_G25255.2
>ATAT1-204_Emue_Em0016g926a.t1	94	435	Emue_Em0016g926a.t1
>ATAT1-204_Gasp_gasp1.m3.10701.m1	108	686	Gasp_gasp1.m3.10701.m1
>ATAT1-204_Gfas_gfas1.m1.15191.m1	435	788	Gfas_gfas1.m1.15191.m1
>ATAT1-204_Mcap_g34157	100	570	Mcap_g34157
>ATAT1-204_Nvec_XM_032375737.1	584	1033	Nvec_XM_032375737.1
>ATAT1-204_Pbac_AVPN01000999.1	26898	26990	Pbac_AVPN01000999.1
>ATAT1-204_Plut_plut2.m8.276.m1	108	575	Plut_plut2.m8.276.m1
>ATAT1-204_Prus_33874_t	103	570	Prus_33874_t
>ATAT1-204_Pver_TRINITY_DN6845_c0_g1_i6	447	914	Pver_TRINITY_DN6845_c0_g1_i6
>ATAT1-204_Spis_Stylophora_pistillata_13691	103	570	Spis_Stylophora_pistillata_13691
>ATF2-201_Adig_Acropora_digitifera_13576	877	1278	Adig_Acropora_digitifera_13576
>ATF2-201_Ahya_Acropora_hyacinthus_4003	271	540	Ahya_Acropora_hyacinthus_4003
>ATF2-201_Amil_Acropora_millepora_9896	877	1278	Amil_Acropora_millepora_9896
>ATF2-201_Apal_XM_021037477.2	205	1506	Apal_XM_021037477.2
>ATF2-201_Apoc_chromosome_9.1488_1	31	579	Apoc_chromosome_9.1488_1
>ATF2-201_Aque_XM_019994099.1	49	297	Aque_XM_019994099.1
>ATF2-201_Cgig_G6233.1	13	1464	Cgig_G6233.1
>ATF2-201_Emue_Em0158g10a.t1	697	966	Emue_Em0158g10a.t1
>ATF2-201_Gasp_gasp1.m3.12272.m1	228	773	Gasp_gasp1.m3.12272.m1
>ATF2-201_Gfas_gfas1.m1.17953.m1	243	509	Gfas_gfas1.m1.17953.m1
>ATF2-201_Mcap_adi2mcaRNA25611_R0	910	1311	Mcap_adi2mcaRNA25611_R0
>ATF2-201_Nvec_XM_032383907.1	2003	3322	Nvec_XM_032383907.1
>ATF2-201_Pbac_AVPN01001084.1	10988	11116	Pbac_AVPN01001084.1
>ATF2-201_Pdam_Pocillopora_damicornis_2748	271	669	Pdam_Pocillopora_damicornis_2748
>ATF2-201_Plut_plut2.m8.6763.m1	202	786	Plut_plut2.m8.6763.m1
>ATF2-201_Prus_19261_t	10	558	Prus_19261_t
>ATF2-201_Pver_TRINITY_DN2403_c0_g1_i2	1083	1481	Pver_TRINITY_DN2403_c0_g1_i2
>ATF2-201_Spis_Stylophora_pistillata_18560	286	684	Spis_Stylophora_pistillata_18560
>BLOC1S1-203_Apal_XM_021050055.2	36	266	Apal_XM_021050055.2
>BLOC1S1-203_Apoc_chromosome_9.1525_1	1	354	Apoc_chromosome_9.1525_1
>BLOC1S1-203_Aque_XM_003385170.3	90	443	Aque_XM_003385170.3
>BLOC1S1-203_Cgig_G32170.3	1	348	Cgig_G32170.3
>BLOC1S1-203_Gfas_gfas1.m1.20226.m1	132	491	Gfas_gfas1.m1.20226.m1
>BLOC1S1-203_Hsal_ENA_GHBP01018868_GHBP01018868.1	111	308	Hsal_ENA_GHBP01018868_GHBP01018868.1
>BLOC1S1-203_Mcap_g37057	1	354	Mcap_g37057
>BLOC1S1-203_Nvec_XM_001635578.2	113	472	Nvec_XM_001635578.2
>BLOC1S1-203_Pbac_AVPN01000802.1	32317	32691	Pbac_AVPN01000802.1
>BLOC1S1-203_Plut_plut2.m8.3895.m1	77	343	Plut_plut2.m8.3895.m1
>BLOC1S1-203_Prus_27155_t	97	372	Prus_27155_t
>BLOC1S1-203_Pver_TRINITY_DN6181_c0_g1_i1	99	452	Pver_TRINITY_DN6181_c0_g1_i1
>BLOC1S1-203_Spis_Stylophora_pistillata_16865	46	399	Spis_Stylophora_pistillata_16865
>BRD4-201_Adig_Acropora_digitifera_12209	853	1566	Adig_Acropora_digitifera_12209
>BRD4-201_Ahya_Acropora_hyacinthus_7816	34	366	Ahya_Acropora_hyacinthus_7816
>BRD4-201_Amil_Acropora_millepora_5350	778	1491	Amil_Acropora_millepora_5350
>BRD4-201_Apal_XM_021054761.2	1180	1692	Apal_XM_021054761.2
>BRD4-201_Apoc_chromosome_13.2771_1	841	1371	Apoc_chromosome_13.2771_1
>BRD4-201_Aque_XM_011408014.2	1432	1953	Aque_XM_011408014.2
>BRD4-201_Cgig_G27797.4	220	561	Cgig_G27797.4
>BRD4-201_Emue_Em0016g950a.t1	646	1176	Emue_Em0016g950a.t1
>BRD4-201_Gasp_gasp1.m3.1032.m1	910	1257	Gasp_gasp1.m3.1032.m1
>BRD4-201_Gfas_gfas1.m1.16170.m1	1964	2494	Gfas_gfas1.m1.16170.m1
>BRD4-201_Hsal_ENA_GHBP01005816_GHBP01005816.1	415	699	Hsal_ENA_GHBP01005816_GHBP01005816.1
>BRD4-201_Kiwa_ENA_GBGI01015853_GBGI01015853.1	416	727	Kiwa_ENA_GBGI01015853_GBGI01015853.1
>BRD4-201_Mcap_g70469	988	1692	Mcap_g70469
>BRD4-201_Msqu_ENA_GHBR01001636_GHBR01001636.1	467	805	Msqu_ENA_GHBR01001636_GHBR01001636.1
>BRD4-201_Nvec_XM_032371099.1	1226	1735	Nvec_XM_032371099.1
>BRD4-201_Pbac_AVPN01008387.1	572	928	Pbac_AVPN01008387.1
>BRD4-201_Pdam_Pocillopora_damicornis_7066	652	957	Pdam_Pocillopora_damicornis_7066
>BRD4-201_Plut_plut2.m8.14864.m1	796	1335	Plut_plut2.m8.14864.m1
>BRD4-201_Prus_27725_t	489	1019	Prus_27725_t
>BRD4-201_Pver_TRINITY_DN371_c0_g1_i5	2273	2818	Pver_TRINITY_DN371_c0_g1_i5
>BRD4-201_Spis_Stylophora_pistillata_8473	841	1386	Spis_Stylophora_pistillata_8473
>DLAT-201_Adig_Acropora_digitifera_13962	253	1563	Adig_Acropora_digitifera_13962
>DLAT-201_Ahya_Acropora_hyacinthus_9203	13	453	Ahya_Acropora_hyacinthus_9203
>DLAT-201_Amil_Acropora_millepora_6294	235	1542	Amil_Acropora_millepora_6294
>DLAT-201_Apal_XM_021039733.1	262	1545	Apal_XM_021039733.1
>DLAT-201_Apoc_chromosome_4.1073_1	163	1452	Apoc_chromosome_4.1073_1
>DLAT-201_Aque_XM_003384787.3	276	1916	Aque_XM_003384787.3
>DLAT-201_Cgig_G4075.1	772	1626	Cgig_G4075.1
>DLAT-201_Emue_Em0005g1346a.t1	208	1455	Emue_Em0005g1346a.t1
>DLAT-201_Gasp_gasp1.m3.18980.m1	144	1352	Gasp_gasp1.m3.18980.m1
>DLAT-201_Gfas_gfas1.m1.612.m1	173	1432	Gfas_gfas1.m1.612.m1
>DLAT-201_Hsal_ENA_GHBP01014537_GHBP01014537.1	4	471	Hsal_ENA_GHBP01014537_GHBP01014537.1
>DLAT-201_Kiwa_ENA_GBGI01001593_GBGI01001593.1	1850	165	Kiwa_ENA_GBGI01001593_GBGI01001593.1
>DLAT-201_Mcap_g62575	157	1446	Mcap_g62575
>DLAT-201_Msqu_ENA_GHBR01000917_GHBR01000917.1	174	1166	Msqu_ENA_GHBR01000917_GHBR01000917.1
>DLAT-201_Nvec_XM_032376253.1	171	1427	Nvec_XM_032376253.1
>DLAT-201_Pbac_AVPN01003102.1	5545	4871	Pbac_AVPN01003102.1
>DLAT-201_Pdam_Pocillopora_damicornis_17930	4	798	Pdam_Pocillopora_damicornis_17930
>DLAT-201_Plut_plut2.m8.2064.m1	170	1474	Plut_plut2.m8.2064.m1
>DLAT-201_Prus_38555_t	94	798	Prus_38555_t
>DLAT-201_Pver_TRINITY_DN3216_c0_g1_i1	182	1456	Pver_TRINITY_DN3216_c0_g1_i1
>DLAT-201_Spis_Stylophora_pistillata_21005	163	1437	Spis_Stylophora_pistillata_21005
>ESCO1-201_Adig_Acropora_digitifera_6991	1	525	Adig_Acropora_digitifera_6991
>ESCO1-201_Amil_Acropora_millepora_8444	1249	1917	Amil_Acropora_millepora_8444
>ESCO1-201_Apal_XM_021037929.2	1475	2146	Apal_XM_021037929.2
>ESCO1-201_Apoc_chromosome_4.2093_1	1357	2025	Apoc_chromosome_4.2093_1
>ESCO1-201_Aque_XM_011404585.2	133	813	Aque_XM_011404585.2
>ESCO1-201_Cgig_G2599.3	1345	2061	Cgig_G2599.3
>ESCO1-201_Emue_Em0023g291a.t1	235	963	Emue_Em0023g291a.t1
>ESCO1-201_Gasp_gasp1.m3.18661.m1	1387	1605	Gasp_gasp1.m3.18661.m1
>ESCO1-201_Gfas_gfas1.m1.662.m1	1586	2257	Gfas_gfas1.m1.662.m1
>ESCO1-201_Nvec_XM_001639539.2	1298	2131	Nvec_XM_001639539.2
>ESCO1-201_Pbac_AVPN01002223.1	13098	13445	Pbac_AVPN01002223.1
>ESCO1-201_Pdam_Pocillopora_damicornis_8344	112	462	Pdam_Pocillopora_damicornis_8344
>ESCO1-201_Plut_plut2.m8.17866.m1	1596	2228	Plut_plut2.m8.17866.m1
>ESCO1-201_Prus_24975_t	1417	1995	Prus_24975_t
>ESCO1-201_Pver_TRINITY_DN10763_c0_g1_i1	1628	2296	Pver_TRINITY_DN10763_c0_g1_i1
>ESCO1-201_Spis_Stylophora_pistillata_10466	1351	2019	Spis_Stylophora_pistillata_10466
>ESCO2-201_Adig_Acropora_digitifera_6991	1	525	Adig_Acropora_digitifera_6991
>ESCO2-201_Amil_Acropora_millepora_8444	1249	1917	Amil_Acropora_millepora_8444
>ESCO2-201_Apal_XM_021037929.2	1367	2146	Apal_XM_021037929.2
>ESCO2-201_Apoc_chromosome_4.2093_1	1357	2025	Apoc_chromosome_4.2093_1
>ESCO2-201_Aque_XM_011404585.2	136	813	Aque_XM_011404585.2
>ESCO2-201_Cgig_G2599.3	1258	2064	Cgig_G2599.3
>ESCO2-201_Emue_Em0023g291a.t1	211	963	Emue_Em0023g291a.t1
>ESCO2-201_Gasp_gasp1.m3.18661.m1	1387	1605	Gasp_gasp1.m3.18661.m1
>ESCO2-201_Gfas_gfas1.m1.662.m1	1574	2257	Gfas_gfas1.m1.662.m1
>ESCO2-201_Nvec_XM_001639539.2	1454	2131	Nvec_XM_001639539.2
>ESCO2-201_Pbac_AVPN01002223.1	13923	14054	Pbac_AVPN01002223.1
>ESCO2-201_Pdam_Pocillopora_damicornis_8344	103	459	Pdam_Pocillopora_damicornis_8344
>ESCO2-201_Plut_plut2.m8.17866.m1	1575	2228	Plut_plut2.m8.17866.m1
>ESCO2-201_Prus_24975_t	1396	1995	Prus_24975_t
>ESCO2-201_Pver_TRINITY_DN10763_c0_g1_i1	1616	2296	Pver_TRINITY_DN10763_c0_g1_i1
>ESCO2-201_Spis_Stylophora_pistillata_10466	1339	2019	Spis_Stylophora_pistillata_10466
>GTF3C1-201_Adig_Acropora_digitifera_6300	121	966	Adig_Acropora_digitifera_6300
>GTF3C1-201_Ahya_Acropora_hyacinthus_4796	25	990	Ahya_Acropora_hyacinthus_4796
>GTF3C1-201_Amil_Acropora_millepora_798	1240	3744	Amil_Acropora_millepora_798
>GTF3C1-201_Apal_XM_028658659.1	100	912	Apal_XM_028658659.1
>GTF3C1-201_Apoc_chromosome_2.834_1	247	2565	Apoc_chromosome_2.834_1
>GTF3C1-201_Aque_XM_019994155.1	1989	3281	Aque_XM_019994155.1
>GTF3C1-201_Cgig_G28592.1	1585	3030	Cgig_G28592.1
>GTF3C1-201_Emue_Em0001g2705a.t1	1	702	Emue_Em0001g2705a.t1
>GTF3C1-201_Gfas_gfas1.m1.18677.m1	6	2438	Gfas_gfas1.m1.18677.m1
>GTF3C1-201_Mcap_g37650	1	1356	Mcap_g37650
>GTF3C1-201_Nvec_XM_032369447.1	1757	3223	Nvec_XM_032369447.1
>GTF3C1-201_Plut_plut2.m8.24691.m1	1983	4682	Plut_plut2.m8.24691.m1
>GTF3C1-201_Prus_37565_t	1663	3615	Prus_37565_t
>GTF3C1-201_Pver_TRINITY_DN1984_c0_g2_i2	1728	3146	Pver_TRINITY_DN1984_c0_g2_i2
>GTF3C1-201_Spis_Stylophora_pistillata_820	1	2757	Spis_Stylophora_pistillata_820
>GTF3C2-201_Adig_Acropora_digitifera_6301	2941	4656	Adig_Acropora_digitifera_6301
>GTF3C2-201_Ahya_Acropora_hyacinthus_80	67	270	Ahya_Acropora_hyacinthus_80
>GTF3C2-201_Amil_Acropora_millepora_2156	2104	3750	Amil_Acropora_millepora_2156
>GTF3C2-201_Apal_XM_021036379.2	2844	4478	Apal_XM_021036379.2
>GTF3C2-201_Apoc_chromosome_8.1700_1	2263	3576	Apoc_chromosome_8.1700_1
>GTF3C2-201_Aque_XM_020000902.1	3665	4702	Aque_XM_020000902.1
>GTF3C2-201_Cgig_G5830.1	1513	3108	Cgig_G5830.1
>GTF3C2-201_Emue_Em0005g1462a.t1	12934	14292	Emue_Em0005g1462a.t1
>GTF3C2-201_Gasp_gasp1.m3.12010.m1	2125	3264	Gasp_gasp1.m3.12010.m1
>GTF3C2-201_Kiwa_ENA_GBGI01008710_GBGI01008710.1	1010	1339	Kiwa_ENA_GBGI01008710_GBGI01008710.1
>GTF3C2-201_Mcap_g17421	37	1059	Mcap_g17421
>GTF3C2-201_Nvec_XM_032371591.1	127	1167	Nvec_XM_032371591.1
>GTF3C2-201_Pver_TRINITY_DN10372_c0_g1_i1	2104	3465	Pver_TRINITY_DN10372_c0_g1_i1
>GTF3C2-201_Spis_Stylophora_pistillata_12833	2119	3408	Spis_Stylophora_pistillata_12833
>Kat1-Hat1-201_Ahya_Acropora_hyacinthus_5552	37	513	Ahya_Acropora_hyacinthus_5552
>Kat1-Hat1-201_Amil_Acropora_millepora_8059	13	729	Amil_Acropora_millepora_8059
>Kat1-Hat1-201_Apal_XM_021040873.2	6	1193	Apal_XM_021040873.2
>Kat1-Hat1-201_Apoc_chromosome_9.2158_1	16	1200	Apoc_chromosome_9.2158_1
>Kat1-Hat1-201_Aque_XM_019999931.1	59	1234	Aque_XM_019999931.1
>Kat1-Hat1-201_Cgig_G5876.6	34	1209	Cgig_G5876.6
>Kat1-Hat1-201_Gasp_gasp1.m3.10252.m1	38	1105	Gasp_gasp1.m3.10252.m1
>Kat1-Hat1-201_Gfas_gfas1.m1.8248.m1	77	1255	Gfas_gfas1.m1.8248.m1
>Kat1-Hat1-201_Kiwa_ENA_GBGI01004875_GBGI01004875.1	464	1021	Kiwa_ENA_GBGI01004875_GBGI01004875.1
>Kat1-Hat1-201_Mcap_g14887	16	1200	Mcap_g14887
>Kat1-Hat1-201_Msqu_ENA_GHBR01006207_GHBR01006207.1	12	485	Msqu_ENA_GHBR01006207_GHBR01006207.1
>Kat1-Hat1-201_Nvec_XM_032376135.1	139	1323	Nvec_XM_032376135.1
>Kat1-Hat1-201_Pbac_AVPN01006540.1	3553	2744	Pbac_AVPN01006540.1
>Kat1-Hat1-201_Pdam_Pocillopora_damicornis_7511	40	1221	Pdam_Pocillopora_damicornis_7511
>Kat1-Hat1-201_Plut_plut2.m8.29326.m1	31	1188	Plut_plut2.m8.29326.m1
>Kat1-Hat1-201_Prus_4373_t	4	912	Prus_4373_t
>Kat1-Hat1-201_Pver_TRINITY_DN296_c0_g2_i1	40	1221	Pver_TRINITY_DN296_c0_g2_i1
>Kat1-Hat1-201_Spis_Stylophora_pistillata_5515	22	1203	Spis_Stylophora_pistillata_5515
>Kat12-Gtf3c4-201_Adig_Acropora_digitifera_16935	28	978	Adig_Acropora_digitifera_16935
>Kat12-Gtf3c4-201_Amil_Acropora_millepora_3898	64	1557	Amil_Acropora_millepora_3898
>Kat12-Gtf3c4-201_Apal_XM_021045777.2	283	1440	Apal_XM_021045777.2
>Kat12-Gtf3c4-201_Apoc_chromosome_5.1635_1	131	1363	Apoc_chromosome_5.1635_1
>Kat12-Gtf3c4-201_Aque_XM_020001692.1	359	1213	Aque_XM_020001692.1
>Kat12-Gtf3c4-201_Mcap_g29176	40	2292	Mcap_g29176
>Kat12-Gtf3c4-201_Nvec_XM_032379182.1	222	1448	Nvec_XM_032379182.1
>Kat12-Gtf3c4-201_Pdam_Pocillopora_damicornis_6659	295	516	Pdam_Pocillopora_damicornis_6659
>Kat12-Gtf3c4-201_Prus_Prusg18319.t1	52	1287	Prus_Prusg18319.t1
>Kat12-Gtf3c4-201_Pver_TRINITY_DN9516_c0_g1_i2	5	2305	Pver_TRINITY_DN9516_c0_g1_i2
>Kat12-Gtf3c4-201_Spis_Stylophora_pistillata_21282	52	999	Spis_Stylophora_pistillata_21282
>Kat13A-Ncoa1-201_Adig_Acropora_digitifera_16895	49	1278	Adig_Acropora_digitifera_16895
>Kat13A-Ncoa1-201_Ahya_Acropora_hyacinthus_3126	79	450	Ahya_Acropora_hyacinthus_3126
>Kat13A-Ncoa1-201_Amil_Acropora_millepora_2827	49	1278	Amil_Acropora_millepora_2827
>Kat13A-Ncoa1-201_Apal_XM_021049106.2	545	1558	Apal_XM_021049106.2
>Kat13A-Ncoa1-201_Apoc_chromosome_6.159_1	124	1152	Apoc_chromosome_6.159_1
>Kat13A-Ncoa1-201_Aque_XM_020002375.1	334	1332	Aque_XM_020002375.1
>Kat13A-Ncoa1-201_Cgig_G6754.1	31	1092	Cgig_G6754.1
>Kat13A-Ncoa1-201_Emue_Em0014g690a.t1	1513	2508	Emue_Em0014g690a.t1
>Kat13A-Ncoa1-201_Gasp_gasp1.m3.27131.m1	605	1609	Gasp_gasp1.m3.27131.m1
>Kat13A-Ncoa1-201_Gfas_gfas1.m1.2286.m1	307	1392	Gfas_gfas1.m1.2286.m1
>Kat13A-Ncoa1-201_Mcap_g62005	196	1200	Mcap_g62005
>Kat13A-Ncoa1-201_Nvec_XM_001629480.2	1769	2734	Nvec_XM_001629480.2
>Kat13A-Ncoa1-201_Pdam_Pocillopora_damicornis_9374	58	693	Pdam_Pocillopora_damicornis_9374
>Kat13A-Ncoa1-201_Plut_plut2.m8.8418.m1	698	1687	Plut_plut2.m8.8418.m1
>Kat13A-Ncoa1-201_Prus_12268_t	160	1149	Prus_12268_t
>Kat13A-Ncoa1-201_Pver_TRINITY_DN12075_c0_g1_i1	227	1375	Pver_TRINITY_DN12075_c0_g1_i1
>Kat13A-Ncoa1-201_Spis_Stylophora_pistillata_3524	184	1236	Spis_Stylophora_pistillata_3524
>Kat13B-Ncoa3-201_Adig_Acropora_digitifera_16895	157	1209	Adig_Acropora_digitifera_16895
>Kat13B-Ncoa3-201_Ahya_Acropora_hyacinthus_3126	283	450	Ahya_Acropora_hyacinthus_3126
>Kat13B-Ncoa3-201_Amil_Acropora_millepora_2827	157	1236	Amil_Acropora_millepora_2827
>Kat13B-Ncoa3-201_Apal_XM_021044842.2	359	745	Apal_XM_021044842.2
>Kat13B-Ncoa3-201_Apoc_chromosome_5.1837_1	160	1254	Apoc_chromosome_5.1837_1
>Kat13B-Ncoa3-201_Aque_XM_020002375.1	298	1440	Aque_XM_020002375.1
>Kat13B-Ncoa3-201_Cgig_G6754.1	79	1092	Cgig_G6754.1
>Kat13B-Ncoa3-201_Emue_Em0014g690a.t1	1513	2496	Emue_Em0014g690a.t1
>Kat13B-Ncoa3-201_Gasp_gasp1.m3.27131.m1	614	1696	Gasp_gasp1.m3.27131.m1
>Kat13B-Ncoa3-201_Gfas_gfas1.m1.2286.m1	355	1413	Gfas_gfas1.m1.2286.m1
>Kat13B-Ncoa3-201_Mcap_g70022	157	1236	Mcap_g70022
>Kat13B-Ncoa3-201_Nvec_XM_032372025.1	421	1527	Nvec_XM_032372025.1
>Kat13B-Ncoa3-201_Pbac_AVPN01000741.1	26567	26734	Pbac_AVPN01000741.1
>Kat13B-Ncoa3-201_Pdam_Pocillopora_damicornis_9374	115	651	Pdam_Pocillopora_damicornis_9374
>Kat13B-Ncoa3-201_Plut_plut2.m8.19463.m1	454	1212	Plut_plut2.m8.19463.m1
>Kat13B-Ncoa3-201_Prus_31030_t	409	1167	Prus_31030_t
>Kat13B-Ncoa3-201_Pver_TRINITY_DN12075_c0_g1_i1	278	1369	Pver_TRINITY_DN12075_c0_g1_i1
>Kat13B-Ncoa3-201_Spis_Stylophora_pistillata_3524	238	1194	Spis_Stylophora_pistillata_3524
>Kat13C-Ncoa2-201_Adig_Acropora_digitifera_16895	100	1251	Adig_Acropora_digitifera_16895
>Kat13C-Ncoa2-201_Ahya_Acropora_hyacinthus_3126	283	450	Ahya_Acropora_hyacinthus_3126
>Kat13C-Ncoa2-201_Amil_Acropora_millepora_2827	121	1251	Amil_Acropora_millepora_2827
>Kat13C-Ncoa2-201_Apal_XM_021049106.2	521	1603	Apal_XM_021049106.2
>Kat13C-Ncoa2-201_Apoc_chromosome_6.159_1	124	1188	Apoc_chromosome_6.159_1
>Kat13C-Ncoa2-201_Aque_XM_020002375.1	295	1425	Aque_XM_020002375.1
>Kat13C-Ncoa2-201_Cgig_G6754.1	79	1125	Cgig_G6754.1
>Kat13C-Ncoa2-201_Gasp_gasp1.m3.20025.m1	132	1295	Gasp_gasp1.m3.20025.m1
>Kat13C-Ncoa2-201_Gfas_gfas1.m1.8845.m1	358	1479	Gfas_gfas1.m1.8845.m1
>Kat13C-Ncoa2-201_Mcap_g70022	157	1251	Mcap_g70022
>Kat13C-Ncoa2-201_Nvec_XM_032362465.1	656	1420	Nvec_XM_032362465.1
>Kat13C-Ncoa2-201_Pdam_Pocillopora_damicornis_9374	112	642	Pdam_Pocillopora_damicornis_9374
>Kat13C-Ncoa2-201_Plut_plut2.m8.8418.m1	707	1663	Plut_plut2.m8.8418.m1
>Kat13C-Ncoa2-201_Prus_12268_t	169	1125	Prus_12268_t
>Kat13C-Ncoa2-201_Pver_TRINITY_DN12075_c0_g1_i1	278	1375	Pver_TRINITY_DN12075_c0_g1_i1
>Kat13C-Ncoa2-201_Spis_Stylophora_pistillata_3524	238	1218	Spis_Stylophora_pistillata_3524
>Kat13D-Clock-201_Adig_Acropora_digitifera_16895	31	1266	Adig_Acropora_digitifera_16895
>Kat13D-Clock-201_Ahya_Acropora_hyacinthus_92	1	435	Ahya_Acropora_hyacinthus_92
>Kat13D-Clock-201_Amil_Acropora_millepora_1313	25	1203	Amil_Acropora_millepora_1313
>Kat13D-Clock-201_Apal_XM_021059350.2	1038	2240	Apal_XM_021059350.2
>Kat13D-Clock-201_Apoc_chromosome_5.2729_1	52	1542	Apoc_chromosome_5.2729_1
>Kat13D-Clock-201_Aque_XM_020002375.1	307	1521	Aque_XM_020002375.1
>Kat13D-Clock-201_Cgig_G11460.1	124	1323	Cgig_G11460.1
>Kat13D-Clock-201_Emue_Em0016g102a.t1	103	1164	Emue_Em0016g102a.t1
>Kat13D-Clock-201_Gasp_gasp1.m1b.409.m1	73	1098	Gasp_gasp1.m1b.409.m1
>Kat13D-Clock-201_Gfas_gfas1.m1.8845.m1	358	1497	Gfas_gfas1.m1.8845.m1
>Kat13D-Clock-201_Kiwa_ENA_GBGI01010851_GBGI01010851.1	119	592	Kiwa_ENA_GBGI01010851_GBGI01010851.1
>Kat13D-Clock-201_Mcap_g25392	25	1236	Mcap_g25392
>Kat13D-Clock-201_Nvec_XM_032372025.1	319	1539	Nvec_XM_032372025.1
>Kat13D-Clock-201_Pbac_AVPN01000741.1	28004	28420	Pbac_AVPN01000741.1
>Kat13D-Clock-201_Pdam_Pocillopora_damicornis_9374	85	501	Pdam_Pocillopora_damicornis_9374
>Kat13D-Clock-201_Plut_plut2.m8.6365.m1	49	1125	Plut_plut2.m8.6365.m1
>Kat13D-Clock-201_Prus_Prusg13497.t1	49	1125	Prus_Prusg13497.t1
>Kat13D-Clock-201_Pver_TRINITY_DN12075_c0_g1_i1	278	1390	Pver_TRINITY_DN12075_c0_g1_i1
>Kat13D-Clock-201_Spis_Stylophora_pistillata_6007	118	1272	Spis_Stylophora_pistillata_6007
>Kat14-201_Adig_Acropora_digitifera_5944	907	1683	Adig_Acropora_digitifera_5944
>Kat14-201_Ahya_Acropora_hyacinthus_11094	175	351	Ahya_Acropora_hyacinthus_11094
>Kat14-201_Amil_Acropora_millepora_12940	853	1935	Amil_Acropora_millepora_12940
>Kat14-201_Apal_XM_028657908.1	1384	2208	Apal_XM_028657908.1
>Kat14-201_Apoc_chromosome_3.819_1	856	2061	Apoc_chromosome_3.819_1
>Kat14-201_Aque_XM_003383087.2	711	1658	Aque_XM_003383087.2
>Kat14-201_Cgig_G978.3	1510	2490	Cgig_G978.3
>Kat14-201_Emue_Em0009g762a.t1	730	1788	Emue_Em0009g762a.t1
>Kat14-201_Gasp_gasp1.m3.9824.m1	94	510	Gasp_gasp1.m3.9824.m1
>Kat14-201_Gfas_gfas1.m1.519.m1	880	1884	Gfas_gfas1.m1.519.m1
>Kat14-201_Mcap_g7175	985	2010	Mcap_g7175
>Kat14-201_Nvec_XM_032370464.1	1374	2396	Nvec_XM_032370464.1
>Kat14-201_Pdam_Pocillopora_damicornis_7292	10	651	Pdam_Pocillopora_damicornis_7292
>Kat14-201_Plut_plut2.m8.28449.m1	119	1021	Plut_plut2.m8.28449.m1
>Kat14-201_Prus_9508_t	847	1188	Prus_9508_t
>Kat14-201_Pver_TRINITY_DN31408_c0_g1_i2	855	2075	Pver_TRINITY_DN31408_c0_g1_i2
>Kat2a-202_Adig_Acropora_digitifera_2553	4	1536	Adig_Acropora_digitifera_2553
>Kat2a-202_Ahya_Acropora_hyacinthus_6399	1	552	Ahya_Acropora_hyacinthus_6399
>Kat2a-202_Amil_Acropora_millepora_10021	148	2391	Amil_Acropora_millepora_10021
>Kat2a-202_Apal_XM_021043113.2	216	2441	Apal_XM_021043113.2
>Kat2a-202_Apoc_chromosome_9.2554_1	142	2349	Apoc_chromosome_9.2554_1
>Kat2a-202_Aque_XM_011411522.2	92	2473	Aque_XM_011411522.2
>Kat2a-202_Cgig_G30969.2	133	2427	Cgig_G30969.2
>Kat2a-202_Emue_Em0004g796a.t1	4	894	Emue_Em0004g796a.t1
>Kat2a-202_Gasp_gasp1.m3.13417.m1	379	2607	Gasp_gasp1.m3.13417.m1
>Kat2a-202_Gfas_gfas1.m1.6395.m1	166	2394	Gfas_gfas1.m1.6395.m1
>Kat2a-202_Hsal_ENA_GHBP01005816_GHBP01005816.1	409	678	Hsal_ENA_GHBP01005816_GHBP01005816.1
>Kat2a-202_Kiwa_ENA_GBGI01007770_GBGI01007770.1	4676	4954	Kiwa_ENA_GBGI01007770_GBGI01007770.1
>Kat2a-202_Mcap_g58498	151	2391	Mcap_g58498
>Kat2a-202_Msqu_ENA_GHBR01001216_GHBR01001216.1	533	802	Msqu_ENA_GHBR01001216_GHBR01001216.1
>Kat2a-202_Nvec_XM_032385504.1	170	2404	Nvec_XM_032385504.1
>Kat2a-202_Pbac_AVPN01001979.1	11465	12391	Pbac_AVPN01001979.1
>Kat2a-202_Pdam_Pocillopora_damicornis_7066	13	954	Pdam_Pocillopora_damicornis_7066
>Kat2a-202_Plut_plut2.m8.29823.m1	1	1131	Plut_plut2.m8.29823.m1
>Kat2a-202_Prus_Prusg16397.t1	82	405	Prus_Prusg16397.t1
>Kat2a-202_Pver_TRINITY_DN22632_c0_g1_i1	161	2407	Pver_TRINITY_DN22632_c0_g1_i1
>Kat2a-202_Spis_Stylophora_pistillata_14617	142	2397	Spis_Stylophora_pistillata_14617
>Kat2b-201_Adig_Acropora_digitifera_2553	1	1536	Adig_Acropora_digitifera_2553
>Kat2b-201_Ahya_Acropora_hyacinthus_6399	1	552	Ahya_Acropora_hyacinthus_6399
>Kat2b-201_Amil_Acropora_millepora_10021	124	2391	Amil_Acropora_millepora_10021
>Kat2b-201_Apal_XM_021043113.2	192	2441	Apal_XM_021043113.2
>Kat2b-201_Apoc_chromosome_9.2554_1	118	2349	Apoc_chromosome_9.2554_1
>Kat2b-201_Aque_XM_011411522.2	68	2473	Aque_XM_011411522.2
>Kat2b-201_Cgig_G30969.2	109	2427	Cgig_G30969.2
>Kat2b-201_Emue_Em0004g796a.t1	4	894	Emue_Em0004g796a.t1
>Kat2b-201_Gasp_gasp1.m3.13417.m1	355	2607	Gasp_gasp1.m3.13417.m1
>Kat2b-201_Gfas_gfas1.m1.6395.m1	142	2394	Gfas_gfas1.m1.6395.m1
>Kat2b-201_Hsal_ENA_GHBP01000777_GHBP01000777.1	639	932	Hsal_ENA_GHBP01000777_GHBP01000777.1
>Kat2b-201_Kiwa_ENA_GBGI01015853_GBGI01015853.1	416	718	Kiwa_ENA_GBGI01015853_GBGI01015853.1
>Kat2b-201_Mcap_g58498	127	2391	Mcap_g58498
>Kat2b-201_Msqu_ENA_GHBR01001216_GHBR01001216.1	170	466	Msqu_ENA_GHBR01001216_GHBR01001216.1
>Kat2b-201_Nvec_XM_032385504.1	146	2404	Nvec_XM_032385504.1
>Kat2b-201_Pbac_AVPN01001979.1	11465	12391	Pbac_AVPN01001979.1
>Kat2b-201_Pdam_Pocillopora_damicornis_7066	13	954	Pdam_Pocillopora_damicornis_7066
>Kat2b-201_Plut_plut2.m8.29823.m1	1	1131	Plut_plut2.m8.29823.m1
>Kat2b-201_Prus_Prusg16397.t1	85	405	Prus_Prusg16397.t1
>Kat2b-201_Pver_TRINITY_DN22632_c0_g1_i1	137	2407	Pver_TRINITY_DN22632_c0_g1_i1
>Kat2b-201_Spis_Stylophora_pistillata_14617	118	2397	Spis_Stylophora_pistillata_14617
>Kat3A-Crebbp-201_Adig_Acropora_digitifera_13050	1171	3177	Adig_Acropora_digitifera_13050
>Kat3A-Crebbp-201_Ahya_Acropora_hyacinthus_4431	1	729	Ahya_Acropora_hyacinthus_4431
>Kat3A-Crebbp-201_Amil_Acropora_millepora_1063	2404	4701	Amil_Acropora_millepora_1063
>Kat3A-Crebbp-201_Apal_XM_021055526.2	2639	4933	Apal_XM_021055526.2
>Kat3A-Crebbp-201_Apoc_chromosome_6.1041_1	1723	3918	Apoc_chromosome_6.1041_1
>Kat3A-Crebbp-201_Aque_XM_020007366.1	3032	5275	Aque_XM_020007366.1
>Kat3A-Crebbp-201_Cgig_G27434.3	2962	5301	Cgig_G27434.3
>Kat3A-Crebbp-201_Emue_Em0022g34a.t1	2911	4302	Emue_Em0022g34a.t1
>Kat3A-Crebbp-201_Gasp_gasp1.m3.12589.m1	2350	4647	Gasp_gasp1.m3.12589.m1
>Kat3A-Crebbp-201_Gfas_gfas1.m1.13919.m1	2415	3710	Gfas_gfas1.m1.13919.m1
>Kat3A-Crebbp-201_Hsal_ENA_GHBP01002064_GHBP01002064.1	255	1157	Hsal_ENA_GHBP01002064_GHBP01002064.1
>Kat3A-Crebbp-201_Kiwa_ENA_GBGI01006451_GBGI01006451.1	1743	3242	Kiwa_ENA_GBGI01006451_GBGI01006451.1
>Kat3A-Crebbp-201_Mcap_g47147	2383	4692	Mcap_g47147
>Kat3A-Crebbp-201_Msqu_ENA_GHBR01000039_GHBR01000039.1	3	2009	Msqu_ENA_GHBR01000039_GHBR01000039.1
>Kat3A-Crebbp-201_Nvec_XM_032381914.1	2859	5153	Nvec_XM_032381914.1
>Kat3A-Crebbp-201_Pbac_AVPN01003073.1	6083	5847	Pbac_AVPN01003073.1
>Kat3A-Crebbp-201_Pdam_Pocillopora_damicornis_9119	223	462	Pdam_Pocillopora_damicornis_9119
>Kat3A-Crebbp-201_Plut_plut2.m8.5293.m1	2548	4842	Plut_plut2.m8.5293.m1
>Kat3A-Crebbp-201_Prus_38477_t	2407	4806	Prus_38477_t
>Kat3A-Crebbp-201_Pver_TRINITY_DN429_c0_g3_i1	2706	5000	Pver_TRINITY_DN429_c0_g3_i1
>Kat3A-Crebbp-201_Spis_Stylophora_pistillata_4261	3895	4272	Spis_Stylophora_pistillata_4261
>Kat3B-Ep300-201_Adig_Acropora_digitifera_13050	1180	3177	Adig_Acropora_digitifera_13050
>Kat3B-Ep300-201_Ahya_Acropora_hyacinthus_4431	1	729	Ahya_Acropora_hyacinthus_4431
>Kat3B-Ep300-201_Amil_Acropora_millepora_1063	2413	4713	Amil_Acropora_millepora_1063
>Kat3B-Ep300-201_Apal_XM_021055526.2	2645	4945	Apal_XM_021055526.2
>Kat3B-Ep300-201_Apoc_chromosome_6.1041_1	1705	3930	Apoc_chromosome_6.1041_1
>Kat3B-Ep300-201_Aque_XM_020007364.1	3017	5284	Aque_XM_020007364.1
>Kat3B-Ep300-201_Cgig_G27434.3	2971	5307	Cgig_G27434.3
>Kat3B-Ep300-201_Emue_Em0022g34a.t1	2656	4299	Emue_Em0022g34a.t1
>Kat3B-Ep300-201_Gasp_gasp1.m3.12589.m1	2356	4659	Gasp_gasp1.m3.12589.m1
>Kat3B-Ep300-201_Gfas_gfas1.m1.13919.m1	2397	4910	Gfas_gfas1.m1.13919.m1
>Kat3B-Ep300-201_Hsal_ENA_GHBP01002064_GHBP01002064.1	255	1142	Hsal_ENA_GHBP01002064_GHBP01002064.1
>Kat3B-Ep300-201_Kiwa_ENA_GBGI01006451_GBGI01006451.1	1743	3236	Kiwa_ENA_GBGI01006451_GBGI01006451.1
>Kat3B-Ep300-201_Mcap_g47147	2389	4704	Mcap_g47147
>Kat3B-Ep300-201_Msqu_ENA_GHBR01000039_GHBR01000039.1	3	2018	Msqu_ENA_GHBR01000039_GHBR01000039.1
>Kat3B-Ep300-201_Nvec_XM_032381914.1	2865	5165	Nvec_XM_032381914.1
>Kat3B-Ep300-201_Pbac_AVPN01003073.1	6083	5847	Pbac_AVPN01003073.1
>Kat3B-Ep300-201_Pdam_Pocillopora_damicornis_9119	223	462	Pdam_Pocillopora_damicornis_9119
>Kat3B-Ep300-201_Plut_plut2.m8.5293.m1	2530	4854	Plut_plut2.m8.5293.m1
>Kat3B-Ep300-201_Prus_38477_t	2413	4818	Prus_38477_t
>Kat3B-Ep300-201_Pver_TRINITY_DN429_c0_g3_i1	2688	5012	Pver_TRINITY_DN429_c0_g3_i1
>Kat3B-Ep300-201_Spis_Stylophora_pistillata_4261	3796	4272	Spis_Stylophora_pistillata_4261
>Kat4-Taf1-206_Adig_Acropora_digitifera_15	4	1686	Adig_Acropora_digitifera_15
>Kat4-Taf1-206_Ahya_Acropora_hyacinthus_10423	1	396	Ahya_Acropora_hyacinthus_10423
>Kat4-Taf1-206_Amil_Acropora_millepora_995	22	4314	Amil_Acropora_millepora_995
>Kat4-Taf1-206_Apal_XM_021055467.2	1	2271	Apal_XM_021055467.2
>Kat4-Taf1-206_Apoc_chromosome_6.2817_1	661	4953	Apoc_chromosome_6.2817_1
>Kat4-Taf1-206_Aque_XM_020002207.1	676	4803	Aque_XM_020002207.1
>Kat4-Taf1-206_Cgig_G27926.3	877	4962	Cgig_G27926.3
>Kat4-Taf1-206_Emue_Em0022g784a.t1	19	2181	Emue_Em0022g784a.t1
>Kat4-Taf1-206_Gasp_gasp1.m3.8428.m1	1084	4290	Gasp_gasp1.m3.8428.m1
>Kat4-Taf1-206_Gfas_gfas1.m1.3166.m1	627	4847	Gfas_gfas1.m1.3166.m1
>Kat4-Taf1-206_Hsal_ENA_GHBP01000033_GHBP01000033.1	5	3007	Hsal_ENA_GHBP01000033_GHBP01000033.1
>Kat4-Taf1-206_Kiwa_ENA_GBGI01017578_GBGI01017578.1	2528	1272	Kiwa_ENA_GBGI01017578_GBGI01017578.1
>Kat4-Taf1-206_Mcap_g32477	553	4911	Mcap_g32477
>Kat4-Taf1-206_Msqu_ENA_GHBR01001216_GHBR01001216.1	2	874	Msqu_ENA_GHBR01001216_GHBR01001216.1
>Kat4-Taf1-206_Nvec_XM_032365757.1	736	5007	Nvec_XM_032365757.1
>Kat4-Taf1-206_Pbac_AVPN01000038.1	107980	108444	Pbac_AVPN01000038.1
>Kat4-Taf1-206_Pdam_Pocillopora_damicornis_9119	1	510	Pdam_Pocillopora_damicornis_9119
>Kat4-Taf1-206_Plut_plut2.m8.3193.m1	734	5017	Plut_plut2.m8.3193.m1
>Kat4-Taf1-206_Prus_27592_t	1	5223	Prus_27592_t
>Kat4-Taf1-206_Pver_TRINITY_DN4729_c0_g1_i1	643	4953	Pver_TRINITY_DN4729_c0_g1_i1
>Kat4-Taf1-206_Spis_Stylophora_pistillata_3590	628	4230	Spis_Stylophora_pistillata_3590
>Kat5-201_Adig_Acropora_digitifera_976	31	840	Adig_Acropora_digitifera_976
>Kat5-201_Ahya_Acropora_hyacinthus_8660	1	462	Ahya_Acropora_hyacinthus_8660
>Kat5-201_Amil_Acropora_millepora_12520	1	1311	Amil_Acropora_millepora_12520
>Kat5-201_Apal_XM_021039283.2	354	1400	Apal_XM_021039283.2
>Kat5-201_Apoc_chromosome_11.436_1	13	1299	Apoc_chromosome_11.436_1
>Kat5-201_Aque_XM_020008704.1	100	1458	Aque_XM_020008704.1
>Kat5-201_Cgig_G10477.9	25	1461	Cgig_G10477.9
>Kat5-201_Emue_Em0019g598a.t1	37	1314	Emue_Em0019g598a.t1
>Kat5-201_Gasp_gasp1.m3.27573.m1	451	1773	Gasp_gasp1.m3.27573.m1
>Kat5-201_Gfas_gfas1.m1.2182.m1	3373	4665	Gfas_gfas1.m1.2182.m1
>Kat5-201_Hsal_ENA_GHBP01004655_GHBP01004655.1	3	788	Hsal_ENA_GHBP01004655_GHBP01004655.1
>Kat5-201_Kiwa_ENA_GBGI01001695_GBGI01001695.1	1325	72	Kiwa_ENA_GBGI01001695_GBGI01001695.1
>Kat5-201_Mcap_g4653	55	1377	Mcap_g4653
>Kat5-201_Msqu_ENA_GHBR01002319_GHBR01002319.1	11	763	Msqu_ENA_GHBR01002319_GHBR01002319.1
>Kat5-201_Nvec_XM_032374704.1	628	1680	Nvec_XM_032374704.1
>Kat5-201_Pbac_AVPN01000566.1	11179	10301	Pbac_AVPN01000566.1
>Kat5-201_Pdam_Pocillopora_damicornis_10730	25	867	Pdam_Pocillopora_damicornis_10730
>Kat5-201_Plut_plut2.m8.10124.m1	34	1215	Plut_plut2.m8.10124.m1
>Kat5-201_Prus_16782_t	1	1473	Prus_16782_t
>Kat5-201_Pver_TRINITY_DN7707_c0_g1_i1	220	1536	Pver_TRINITY_DN7707_c0_g1_i1
>Kat5-201_Spis_Stylophora_pistillata_15846	31	1347	Spis_Stylophora_pistillata_15846
>Kat6a-201_Adig_Acropora_digitifera_15161	64	1008	Adig_Acropora_digitifera_15161
>Kat6a-201_Ahya_Acropora_hyacinthus_8660	1	462	Ahya_Acropora_hyacinthus_8660
>Kat6a-201_Amil_Acropora_millepora_6431	1120	2037	Amil_Acropora_millepora_6431
>Kat6a-201_Apal_XM_021050458.1	1917	2867	Apal_XM_021050458.1
>Kat6a-201_Apoc_chromosome_11.1407_1	1747	2703	Apoc_chromosome_11.1407_1
>Kat6a-201_Aque_XM_020008704.1	565	1431	Aque_XM_020008704.1
>Kat6a-201_Cgig_G14917.4	733	1827	Cgig_G14917.4
>Kat6a-201_Emue_Em0022g492a.t1	1024	1974	Emue_Em0022g492a.t1
>Kat6a-201_Gasp_gasp1.m3.10677.m1	1141	2073	Gasp_gasp1.m3.10677.m1
>Kat6a-201_Gfas_gfas1.m1.18558.m1	999	2108	Gfas_gfas1.m1.18558.m1
>Kat6a-201_Hsal_ENA_GHBP01004655_GHBP01004655.1	3	773	Hsal_ENA_GHBP01004655_GHBP01004655.1
>Kat6a-201_Kiwa_ENA_GBGI01003948_GBGI01003948.1	1052	165	Kiwa_ENA_GBGI01003948_GBGI01003948.1
>Kat6a-201_Mcap_g52873	1123	2082	Mcap_g52873
>Kat6a-201_Msqu_ENA_GHBR01002319_GHBR01002319.1	11	742	Msqu_ENA_GHBR01002319_GHBR01002319.1
>Kat6a-201_Nvec_XM_032380673.1	1540	2463	Nvec_XM_032380673.1
>Kat6a-201_Pbac_AVPN01000587.1	22157	21246	Pbac_AVPN01000587.1
>Kat6a-201_Pdam_Pocillopora_damicornis_11793	109	918	Pdam_Pocillopora_damicornis_11793
>Kat6a-201_Plut_plut2.m8.1640.m1	1091	2158	Plut_plut2.m8.1640.m1
>Kat6a-201_Prus_18284_t	628	1695	Prus_18284_t
>Kat6a-201_Pver_TRINITY_DN4213_c0_g1_i1	1423	2346	Pver_TRINITY_DN4213_c0_g1_i1
>Kat6a-201_Spis_Stylophora_pistillata_1653	493	1311	Spis_Stylophora_pistillata_1653
>Kat6b-214_Adig_Acropora_digitifera_15161	64	897	Adig_Acropora_digitifera_15161
>Kat6b-214_Ahya_Acropora_hyacinthus_8660	1	462	Ahya_Acropora_hyacinthus_8660
>Kat6b-214_Amil_Acropora_millepora_5451	1228	2160	Amil_Acropora_millepora_5451
>Kat6b-214_Apal_XM_021050458.1	1881	2870	Apal_XM_021050458.1
>Kat6b-214_Apoc_chromosome_11.1407_1	1771	2703	Apoc_chromosome_11.1407_1
>Kat6b-214_Aque_XM_019995565.1	1433	2344	Aque_XM_019995565.1
>Kat6b-214_Cgig_G14974.3	901	1827	Cgig_G14974.3
>Kat6b-214_Emue_Em0022g492a.t1	946	1974	Emue_Em0022g492a.t1
>Kat6b-214_Gasp_gasp1.m3.10677.m1	1141	2073	Gasp_gasp1.m3.10677.m1
>Kat6b-214_Gfas_gfas1.m1.18558.m1	1020	2093	Gfas_gfas1.m1.18558.m1
>Kat6b-214_Hsal_ENA_GHBP01004655_GHBP01004655.1	3	773	Hsal_ENA_GHBP01004655_GHBP01004655.1
>Kat6b-214_Kiwa_ENA_GBGI01003948_GBGI01003948.1	1052	165	Kiwa_ENA_GBGI01003948_GBGI01003948.1
>Kat6b-214_Mcap_g49654	1237	2169	Mcap_g49654
>Kat6b-214_Msqu_ENA_GHBR01001929_GHBR01001929.1	158	910	Msqu_ENA_GHBR01001929_GHBR01001929.1
>Kat6b-214_Nvec_XM_032380673.1	1540	2472	Nvec_XM_032380673.1
>Kat6b-214_Pbac_AVPN01000587.1	22157	21249	Pbac_AVPN01000587.1
>Kat6b-214_Pdam_Pocillopora_damicornis_10730	55	867	Pdam_Pocillopora_damicornis_10730
>Kat6b-214_Plut_plut2.m8.14718.m1	1604	2425	Plut_plut2.m8.14718.m1
>Kat6b-214_Prus_18284_t	778	1695	Prus_18284_t
>Kat6b-214_Pver_TRINITY_DN4213_c0_g1_i1	1423	2355	Pver_TRINITY_DN4213_c0_g1_i1
>Kat6b-214_Spis_Stylophora_pistillata_1653	310	1311	Spis_Stylophora_pistillata_1653
>Kat7-205_Adig_Acropora_digitifera_15161	931	2136	Adig_Acropora_digitifera_15161
>Kat7-205_Ahya_Acropora_hyacinthus_8660	4	465	Ahya_Acropora_hyacinthus_8660
>Kat7-205_Amil_Acropora_millepora_6431	694	2040	Amil_Acropora_millepora_6431
>Kat7-205_Apal_XM_021050458.1	1929	2855	Apal_XM_021050458.1
>Kat7-205_Apoc_chromosome_11.1407_1	1339	2688	Apoc_chromosome_11.1407_1
>Kat7-205_Aque_XM_019995565.1	971	2344	Aque_XM_019995565.1
>Kat7-205_Cgig_G14974.3	550	1827	Cgig_G14974.3
>Kat7-205_Emue_Em0005g172a.t1	1276	2214	Emue_Em0005g172a.t1
>Kat7-205_Gasp_gasp1.m3.10677.m1	709	2058	Gasp_gasp1.m3.10677.m1
>Kat7-205_Gfas_gfas1.m1.18558.m1	822	2096	Gfas_gfas1.m1.18558.m1
>Kat7-205_Hsal_ENA_GHBP01004655_GHBP01004655.1	3	773	Hsal_ENA_GHBP01004655_GHBP01004655.1
>Kat7-205_Kiwa_ENA_GBGI01003948_GBGI01003948.1	1043	153	Kiwa_ENA_GBGI01003948_GBGI01003948.1
>Kat7-205_Mcap_g52873	721	2064	Mcap_g52873
>Kat7-205_Msqu_ENA_GHBR01001929_GHBR01001929.1	47	910	Msqu_ENA_GHBR01001929_GHBR01001929.1
>Kat7-205_Nvec_XM_032370992.1	919	2256	Nvec_XM_032370992.1
>Kat7-205_Pbac_AVPN01000587.1	22277	21255	Pbac_AVPN01000587.1
>Kat7-205_Pdam_Pocillopora_damicornis_11793	43	918	Pdam_Pocillopora_damicornis_11793
>Kat7-205_Plut_plut2.m8.1640.m1	800	2161	Plut_plut2.m8.1640.m1
>Kat7-205_Prus_18284_t	589	1704	Prus_18284_t
>Kat7-205_Pver_TRINITY_DN3662_c0_g1_i3	821	2170	Pver_TRINITY_DN3662_c0_g1_i3
>Kat7-205_Spis_Stylophora_pistillata_6718	919	1929	Spis_Stylophora_pistillata_6718
>Kat8-201_Adig_Acropora_digitifera_22	193	1374	Adig_Acropora_digitifera_22
>Kat8-201_Ahya_Acropora_hyacinthus_8660	1	474	Ahya_Acropora_hyacinthus_8660
>Kat8-201_Amil_Acropora_millepora_12520	34	1284	Amil_Acropora_millepora_12520
>Kat8-201_Apal_XM_021039283.2	81	1373	Apal_XM_021039283.2
>Kat8-201_Apoc_chromosome_11.436_1	19	1272	Apoc_chromosome_11.436_1
>Kat8-201_Aque_XM_020008704.1	160	1431	Aque_XM_020008704.1
>Kat8-201_Cgig_G3337.5	154	1365	Cgig_G3337.5
>Kat8-201_Emue_Em0019g598a.t1	100	1287	Emue_Em0019g598a.t1
>Kat8-201_Gasp_gasp1.m3.27573.m1	427	1746	Gasp_gasp1.m3.27573.m1
>Kat8-201_Gfas_gfas1.m1.6739.m1	222	1310	Gfas_gfas1.m1.6739.m1
>Kat8-201_Hsal_ENA_GHBP01004046_GHBP01004046.1	20	802	Hsal_ENA_GHBP01004046_GHBP01004046.1
>Kat8-201_Kiwa_ENA_GBGI01001695_GBGI01001695.1	1325	81	Kiwa_ENA_GBGI01001695_GBGI01001695.1
>Kat8-201_Mcap_g4653	28	1350	Mcap_g4653
>Kat8-201_Msqu_ENA_GHBR01002319_GHBR01002319.1	11	742	Msqu_ENA_GHBR01002319_GHBR01002319.1
>Kat8-201_Nvec_XM_032374704.1	349	1653	Nvec_XM_032374704.1
>Kat8-201_Pbac_AVPN01000566.1	11176	10301	Pbac_AVPN01000566.1
>Kat8-201_Pdam_Pocillopora_damicornis_10730	1	891	Pdam_Pocillopora_damicornis_10730
>Kat8-201_Plut_plut2.m8.10124.m1	19	1188	Plut_plut2.m8.10124.m1
>Kat8-201_Prus_16782_t	16	1446	Prus_16782_t
>Kat8-201_Pver_TRINITY_DN7707_c0_g1_i1	199	1509	Pver_TRINITY_DN7707_c0_g1_i1
>Kat8-201_Spis_Stylophora_pistillata_15846	4	1320	Spis_Stylophora_pistillata_15846
>Kat9-Elp3-201_Adig_Acropora_digitifera_766	22	927	Adig_Acropora_digitifera_766
>Kat9-Elp3-201_Amil_Acropora_millepora_8604	4	1647	Amil_Acropora_millepora_8604
>Kat9-Elp3-201_Apal_XM_021038146.2	123	1733	Apal_XM_021038146.2
>Kat9-Elp3-201_Apoc_chromosome_4.33_1	4	1671	Apoc_chromosome_4.33_1
>Kat9-Elp3-201_Aque_XM_011411990.2	110	1723	Aque_XM_011411990.2
>Kat9-Elp3-201_Cgig_G2471.4	4	1650	Cgig_G2471.4
>Kat9-Elp3-201_Emue_Em0023g247a.t1	31	1641	Emue_Em0023g247a.t1
>Kat9-Elp3-201_Gasp_gasp1.m3.28057.m1	15	1370	Gasp_gasp1.m3.28057.m1
>Kat9-Elp3-201_Gfas_gfas1.m1.1790.m1	1138	2145	Gfas_gfas1.m1.1790.m1
>Kat9-Elp3-201_Hsal_ENA_GHBP01005389_GHBP01005389.1	3	791	Hsal_ENA_GHBP01005389_GHBP01005389.1
>Kat9-Elp3-201_Kiwa_ENA_GBGI01000360_GBGI01000360.1	1610	63	Kiwa_ENA_GBGI01000360_GBGI01000360.1
>Kat9-Elp3-201_Mcap_g48271	31	1623	Mcap_g48271
>Kat9-Elp3-201_Msqu_ENA_GHBR01002501_GHBR01002501.1	50	814	Msqu_ENA_GHBR01002501_GHBR01002501.1
>Kat9-Elp3-201_Nvec_XM_001631427.2	135	1745	Nvec_XM_001631427.2
>Kat9-Elp3-201_Pbac_AVPN01002842.1	9424	9903	Pbac_AVPN01002842.1
>Kat9-Elp3-201_Pdam_Pocillopora_damicornis_11892	1	789	Pdam_Pocillopora_damicornis_11892
>Kat9-Elp3-201_Plut_plut2.m8.21366.m1	128	1273	Plut_plut2.m8.21366.m1
>Kat9-Elp3-201_Prus_15815_t	28	1500	Prus_15815_t
>Kat9-Elp3-201_Pver_TRINITY_DN6204_c0_g1_i4	544	2064	Pver_TRINITY_DN6204_c0_g1_i4
>Kat9-Elp3-201_Spis_Stylophora_pistillata_7088	1	1362	Spis_Stylophora_pistillata_7088
>MAPT-201_Apal_XM_021051896.2	1337	1546	Apal_XM_021051896.2
>MAPT-201_Apoc_chromosome_9.1653_1	1405	1632	Apoc_chromosome_9.1653_1
>MAPT-201_Cgig_G4652.12	4003	4440	Cgig_G4652.12
>MAPT-201_Gasp_gasp1.m3.20752.m1	1560	1802	Gasp_gasp1.m3.20752.m1
>MAPT-201_Gfas_gfas1.m1.20792.m1	1535	1792	Gfas_gfas1.m1.20792.m1
>MAPT-201_Nvec_XM_032377975.1	1288	1473	Nvec_XM_032377975.1
>MAPT-201_Pver_TRINITY_DN38871_c0_g2_i1	88	252	Pver_TRINITY_DN38871_c0_g2_i1
>MAPT-201_Spis_Stylophora_pistillata_19499	1378	1551	Spis_Stylophora_pistillata_19499
>MCM3AP-201_Adig_Acropora_digitifera_1706	781	1830	Adig_Acropora_digitifera_1706
>MCM3AP-201_Ahya_Acropora_hyacinthus_10772	4	354	Ahya_Acropora_hyacinthus_10772
>MCM3AP-201_Amil_Acropora_millepora_1832	781	2403	Amil_Acropora_millepora_1832
>MCM3AP-201_Apal_XM_021060858.2	193	1095	Apal_XM_021060858.2
>MCM3AP-201_Apoc_chromosome_8.790_1	1024	2721	Apoc_chromosome_8.790_1
>MCM3AP-201_Aque_XM_019994707.1	1245	2429	Aque_XM_019994707.1
>MCM3AP-201_Cgig_G30291.2	3808	5748	Cgig_G30291.2
>MCM3AP-201_Emue_Em0019g710a.t1	7	960	Emue_Em0019g710a.t1
>MCM3AP-201_Gasp_gasp1.m3.16869.m1	1054	2769	Gasp_gasp1.m3.16869.m1
>MCM3AP-201_Gfas_gfas1.m1.6706.m1	1147	2442	Gfas_gfas1.m1.6706.m1
>MCM3AP-201_Hsal_ENA_GHBP01000343_GHBP01000343.1	1387	1875	Hsal_ENA_GHBP01000343_GHBP01000343.1
>MCM3AP-201_Mcap_g44689	985	2610	Mcap_g44689
>MCM3AP-201_Nvec_XM_032370717.1	878	2464	Nvec_XM_032370717.1
>MCM3AP-201_Pbac_AVPN01004388.1	4866	5927	Pbac_AVPN01004388.1
>MCM3AP-201_Plut_plut2.m8.3588.m1	952	2550	Plut_plut2.m8.3588.m1
>MCM3AP-201_Prus_Prusg7309.t1	37	372	Prus_Prusg7309.t1
>MCM3AP-201_Pver_TRINITY_DN4167_c0_g1_i11	1329	2972	Pver_TRINITY_DN4167_c0_g1_i11
>MCM3AP-201_Spis_Stylophora_pistillata_21723	2791	4620	Spis_Stylophora_pistillata_21723
>NAA10-208_Adig_Acropora_digitifera_1044	10	468	Adig_Acropora_digitifera_1044
>NAA10-208_Ahya_Acropora_hyacinthus_4267	1	462	Ahya_Acropora_hyacinthus_4267
>NAA10-208_Amil_Acropora_millepora_18302	58	516	Amil_Acropora_millepora_18302
>NAA10-208_Apal_XM_021039448.1	71	574	Apal_XM_021039448.1
>NAA10-208_Apoc_chromosome_1.945_1	7	465	Apoc_chromosome_1.945_1
>NAA10-208_Aque_XM_003382632.3	75	554	Aque_XM_003382632.3
>NAA10-208_Cgig_G29225.2	1	474	Cgig_G29225.2
>NAA10-208_Emue_Em0004g1039a.t1	7	483	Emue_Em0004g1039a.t1
>NAA10-208_Gasp_gasp1.m3.2744.m1	105	566	Gasp_gasp1.m3.2744.m1
>NAA10-208_Gfas_gfas1.m1.4592.m1	76	621	Gfas_gfas1.m1.4592.m1
>NAA10-208_Hsal_ENA_GHBP01006836_GHBP01006836.1	27	482	Hsal_ENA_GHBP01006836_GHBP01006836.1
>NAA10-208_Kiwa_ENA_GBGI01021947_GBGI01021947.1	90	566	Kiwa_ENA_GBGI01021947_GBGI01021947.1
>NAA10-208_Mcap_g29219	7	465	Mcap_g29219
>NAA10-208_Msqu_ENA_GHBR01004138_GHBR01004138.1	19	474	Msqu_ENA_GHBR01004138_GHBR01004138.1
>NAA10-208_Nvec_XM_001641543.2	131	634	Nvec_XM_001641543.2
>NAA10-208_Pbac_AVPN01007910.1	1464	1934	Pbac_AVPN01007910.1
>NAA10-208_Plut_plut2.m8.10366.m1	98	556	Plut_plut2.m8.10366.m1
>NAA10-208_Prus_7648_t	1	462	Prus_7648_t
>NAA10-208_Pver_TRINITY_DN4271_c0_g1_i1	83	655	Pver_TRINITY_DN4271_c0_g1_i1
>NAA10-208_Spis_Stylophora_pistillata_18484	7	477	Spis_Stylophora_pistillata_18484
>NAA50-201_Adig_Acropora_digitifera_2080	106	573	Adig_Acropora_digitifera_2080
>NAA50-201_Ahya_Acropora_hyacinthus_5814	31	489	Ahya_Acropora_hyacinthus_5814
>NAA50-201_Amil_Acropora_millepora_22014	31	489	Amil_Acropora_millepora_22014
>NAA50-201_Apal_XM_021052380.2	108	587	Apal_XM_021052380.2
>NAA50-201_Apoc_chromosome_7.1800_1	64	519	Apoc_chromosome_7.1800_1
>NAA50-201_Aque_XM_003383989.3	85	576	Aque_XM_003383989.3
>NAA50-201_Cgig_G967.1	37	528	Cgig_G967.1
>NAA50-201_Emue_Em0006g1007a.t1	1297	1755	Emue_Em0006g1007a.t1
>NAA50-201_Gasp_gasp1.m3.2744.m1	99	557	Gasp_gasp1.m3.2744.m1
>NAA50-201_Gfas_gfas1.m1.10808.m1	105	542	Gfas_gfas1.m1.10808.m1
>NAA50-201_Hsal_ENA_GHBP01006836_GHBP01006836.1	27	473	Hsal_ENA_GHBP01006836_GHBP01006836.1
>NAA50-201_Kiwa_ENA_GBGI01004182_GBGI01004182.1	775	1179	Kiwa_ENA_GBGI01004182_GBGI01004182.1
>NAA50-201_Mcap_g71023	46	501	Mcap_g71023
>NAA50-201_Msqu_ENA_GHBR01004065_GHBR01004065.1	5	487	Msqu_ENA_GHBR01004065_GHBR01004065.1
>NAA50-201_Nvec_XM_001623988.2	150	605	Nvec_XM_001623988.2
>NAA50-201_Pbac_AVPN01000248.1	7646	7509	Pbac_AVPN01000248.1
>NAA50-201_Pdam_Pocillopora_damicornis_19799	46	489	Pdam_Pocillopora_damicornis_19799
>NAA50-201_Plut_plut2.m8.14409.m1	67	528	Plut_plut2.m8.14409.m1
>NAA50-201_Prus_7648_t	16	453	Prus_7648_t
>NAA50-201_Pver_TRINITY_DN7675_c0_g1_i1	163	624	Pver_TRINITY_DN7675_c0_g1_i1
>NAA50-201_Spis_Stylophora_pistillata_6924	46	489	Spis_Stylophora_pistillata_6924
>NAA60-202_Adig_Acropora_digitifera_10507	79	456	Adig_Acropora_digitifera_10507
>NAA60-202_Ahya_Acropora_hyacinthus_5814	22	624	Ahya_Acropora_hyacinthus_5814
>NAA60-202_Amil_Acropora_millepora_22014	22	624	Amil_Acropora_millepora_22014
>NAA60-202_Apal_XM_021048992.2	161	817	Apal_XM_021048992.2
>NAA60-202_Apoc_chromosome_5.569_1	77	679	Apoc_chromosome_5.569_1
>NAA60-202_Aque_XM_003383364.3	130	648	Aque_XM_003383364.3
>NAA60-202_Cgig_G967.1	1	675	Cgig_G967.1
>NAA60-202_Emue_Em0006g1007a.t1	1285	1707	Emue_Em0006g1007a.t1
>NAA60-202_Gasp_gasp1.m3.21724.m1	156	698	Gasp_gasp1.m3.21724.m1
>NAA60-202_Gfas_gfas1.m1.16456.m1	22	564	Gfas_gfas1.m1.16456.m1
>NAA60-202_Hsal_ENA_GHBP01005903_GHBP01005903.1	321	557	Hsal_ENA_GHBP01005903_GHBP01005903.1
>NAA60-202_Kiwa_ENA_GBGI01004182_GBGI01004182.1	787	1143	Kiwa_ENA_GBGI01004182_GBGI01004182.1
>NAA60-202_Mcap_g71023	79	456	Mcap_g71023
>NAA60-202_Msqu_ENA_GHBR01004065_GHBR01004065.1	32	463	Msqu_ENA_GHBR01004065_GHBR01004065.1
>NAA60-202_Nvec_XM_032373000.1	171	821	Nvec_XM_032373000.1
>NAA60-202_Pbac_AVPN01006683.1	595	371	Pbac_AVPN01006683.1
>NAA60-202_Pdam_Pocillopora_damicornis_19799	22	624	Pdam_Pocillopora_damicornis_19799
>NAA60-202_Plut_plut2.m8.19882.m1	150	692	Plut_plut2.m8.19882.m1
>NAA60-202_Prus_Prusg16481.t1	22	564	Prus_Prusg16481.t1
>NAA60-202_Pver_TRINITY_DN4251_c0_g1_i1	145	747	Pver_TRINITY_DN4251_c0_g1_i1
>NAA60-202_Spis_Stylophora_pistillata_6924	22	624	Spis_Stylophora_pistillata_6924
>NAT10-201_Adig_Acropora_digitifera_14763	1	2994	Adig_Acropora_digitifera_14763
>NAT10-201_Ahya_Acropora_hyacinthus_1210	4	369	Ahya_Acropora_hyacinthus_1210
>NAT10-201_Amil_Acropora_millepora_4438	28	2979	Amil_Acropora_millepora_4438
>NAT10-201_Apal_XM_021037818.2	2	1936	Apal_XM_021037818.2
>NAT10-201_Apoc_chromosome_5.2290_1	1	2958	Apoc_chromosome_5.2290_1
>NAT10-201_Aque_XM_019998011.1	178	3105	Aque_XM_019998011.1
>NAT10-201_Cgig_G5616.6	1	3012	Cgig_G5616.6
>NAT10-201_Emue_Em0003g317a.t1	1	2943	Emue_Em0003g317a.t1
>NAT10-201_Gasp_gasp1.m3.14332.m1	10	2769	Gasp_gasp1.m3.14332.m1
>NAT10-201_Gfas_gfas1.m1.15765.m1	56	3028	Gfas_gfas1.m1.15765.m1
>NAT10-201_Hsal_ENA_GHBP01000537_GHBP01000537.1	106	1257	Hsal_ENA_GHBP01000537_GHBP01000537.1
>NAT10-201_Kiwa_ENA_GBGI01003304_GBGI01003304.1	2402	138	Kiwa_ENA_GBGI01003304_GBGI01003304.1
>NAT10-201_Mcap_g27246	1	3009	Mcap_g27246
>NAT10-201_Msqu_ENA_GHBR01000021_GHBR01000021.1	28	2460	Msqu_ENA_GHBR01000021_GHBR01000021.1
>NAT10-201_Nvec_XM_001641272.2	416	3421	Nvec_XM_001641272.2
>NAT10-201_Pbac_AVPN01000376.1	9732	12545	Pbac_AVPN01000376.1
>NAT10-201_Pdam_Pocillopora_damicornis_25004	10	513	Pdam_Pocillopora_damicornis_25004
>NAT10-201_Plut_plut2.m8.6107.m1	7	2487	Plut_plut2.m8.6107.m1
>NAT10-201_Prus_11411_t	1	573	Prus_11411_t
>NAT10-201_Pver_TRINITY_DN8327_c0_g1_i1	21	2981	Pver_TRINITY_DN8327_c0_g1_i1
>NAT10-201_Spis_Stylophora_pistillata_2941	1	1209	Spis_Stylophora_pistillata_2941
>NAT8-201_Adig_Acropora_digitifera_11873	319	642	Adig_Acropora_digitifera_11873
>NAT8-201_Ahya_Acropora_hyacinthus_5470	25	333	Ahya_Acropora_hyacinthus_5470
>NAT8-201_Amil_Acropora_millepora_28470	244	654	Amil_Acropora_millepora_28470
>NAT8-201_Apal_XM_021058178.2	1102	1494	Apal_XM_021058178.2
>NAT8-201_Apoc_chromosome_8.1658_1	310	663	Apoc_chromosome_8.1658_1
>NAT8-201_Gasp_gasp1.m3.15001.m1	265	657	Gasp_gasp1.m3.15001.m1
>NAT8-201_Gfas_gfas1.m1.13090.m1	250	597	Gfas_gfas1.m1.13090.m1
>NAT8-201_Mcap_g50861	316	642	Mcap_g50861
>NAT8-201_Nvec_XM_001628295.2	19	348	Nvec_XM_001628295.2
>NAT8-201_Pdam_Pocillopora_damicornis_8912	232	582	Pdam_Pocillopora_damicornis_8912
>NAT8-201_Plut_plut2.m8.18188.m1	280	615	Plut_plut2.m8.18188.m1
>NAT8-201_Prus_Prusg18841.t1	316	651	Prus_Prusg18841.t1
>NAT8-201_Pver_TRINITY_DN7075_c0_g1_i2	525	899	Pver_TRINITY_DN7075_c0_g1_i2
>NAT8-201_Spis_Stylophora_pistillata_16750	241	588	Spis_Stylophora_pistillata_16750
>NAT8B-201_Adig_Acropora_digitifera_11873	238	702	Adig_Acropora_digitifera_11873
>NAT8B-201_Ahya_Acropora_hyacinthus_5470	52	393	Ahya_Acropora_hyacinthus_5470
>NAT8B-201_Amil_Acropora_millepora_15906	238	702	Amil_Acropora_millepora_15906
>NAT8B-201_Apal_XM_028660584.1	90	653	Apal_XM_028660584.1
>NAT8B-201_Apoc_chromosome_8.1638_1	70	642	Apoc_chromosome_8.1638_1
>NAT8B-201_Gasp_gasp1.m3.15001.m1	235	657	Gasp_gasp1.m3.15001.m1
>NAT8B-201_Gfas_gfas1.m1.11680.m1	97	510	Gfas_gfas1.m1.11680.m1
>NAT8B-201_Mcap_g71449	292	858	Mcap_g71449
>NAT8B-201_Nvec_XM_032376450.1	336	740	Nvec_XM_032376450.1
>NAT8B-201_Pdam_Pocillopora_damicornis_11325	265	654	Pdam_Pocillopora_damicornis_11325
>NAT8B-201_Plut_plut2.m8.23510.m1	273	845	Plut_plut2.m8.23510.m1
>NAT8B-201_Prus_3706_t	52	648	Prus_3706_t
>NAT8B-201_Pver_TRINITY_DN7075_c0_g1_i2	489	899	Pver_TRINITY_DN7075_c0_g1_i2
>NAT8B-201_Spis_Stylophora_pistillata_10858	193	654	Spis_Stylophora_pistillata_10858
>NAT8L-201_Adig_Acropora_digitifera_11873	313	642	Adig_Acropora_digitifera_11873
>NAT8L-201_Ahya_Acropora_hyacinthus_5470	58	333	Ahya_Acropora_hyacinthus_5470
>NAT8L-201_Amil_Acropora_millepora_28470	310	654	Amil_Acropora_millepora_28470
>NAT8L-201_Apal_XM_021039711.2	420	809	Apal_XM_021039711.2
>NAT8L-201_Apoc_chromosome_8.1358_1	247	669	Apoc_chromosome_8.1358_1
>NAT8L-201_Gasp_gasp1.m3.15006.m1	606	1022	Gasp_gasp1.m3.15006.m1
>NAT8L-201_Gfas_gfas1.m1.18693.m1	520	951	Gfas_gfas1.m1.18693.m1
>NAT8L-201_Mcap_g50861	292	702	Mcap_g50861
>NAT8L-201_Nvec_XM_001628310.2	858	1262	Nvec_XM_001628310.2
>NAT8L-201_Pdam_Pocillopora_damicornis_24583	262	687	Pdam_Pocillopora_damicornis_24583
>NAT8L-201_Plut_plut2.m8.23513.m1	283	708	Plut_plut2.m8.23513.m1
>NAT8L-201_Prus_Prusg18841.t1	319	651	Prus_Prusg18841.t1
>NAT8L-201_Pver_TRINITY_DN1423_c0_g1_i7	595	1014	Pver_TRINITY_DN1423_c0_g1_i7
>NAT8L-201_Spis_Stylophora_pistillata_10858	232	663	Spis_Stylophora_pistillata_10858
