>Hif1an-201_Adig_Acropora_digitifera_3454	334	1188	Adig_Acropora_digitifera_3454
>Hif1an-201_Ahya_Acropora_hyacinthus_10318	4	339	Ahya_Acropora_hyacinthus_10318
>Hif1an-201_Amil_Acropora_millepora_7054	49	966	Amil_Acropora_millepora_7054
>Hif1an-201_Apal_XM_028658409.1	263	1282	Apal_XM_028658409.1
>Hif1an-201_Apoc_chromosome_12.2362_1	58	1014	Apoc_chromosome_12.2362_1
>Hif1an-201_Aque_XM_011407397.2	86	1033	Aque_XM_011407397.2
>Hif1an-201_Cgig_G1111.4	28	972	Cgig_G1111.4
>Hif1an-201_Emue_Em0010g680a.t1	67	1002	Emue_Em0010g680a.t1
>Hif1an-201_Gasp_gasp1.m3.28489.m1	71	1018	Gasp_gasp1.m3.28489.m1
>Hif1an-201_Gfas_gfas1.m1.17507.m1	196	1083	Gfas_gfas1.m1.17507.m1
>Hif1an-201_Hsal_ENA_GHBP01003042_GHBP01003042.1	236	559	Hsal_ENA_GHBP01003042_GHBP01003042.1
>Hif1an-201_Kiwa_ENA_GBGI01010562_GBGI01010562.1	933	1247	Kiwa_ENA_GBGI01010562_GBGI01010562.1
>Hif1an-201_Mcap_g48360	58	1008	Mcap_g48360
>Hif1an-201_Nvec_XM_001622865.2	53	1027	Nvec_XM_001622865.2
>Hif1an-201_Pbac_AVPN01021097.1	847	1206	Pbac_AVPN01021097.1
>Hif1an-201_Pdam_Pocillopora_damicornis_3499	4	855	Pdam_Pocillopora_damicornis_3499
>Hif1an-201_Plut_plut2.m8.28429.m1	576	1493	Plut_plut2.m8.28429.m1
>Hif1an-201_Prus_36824_t	6	884	Prus_36824_t
>Hif1an-201_Pver_TRINITY_DN4481_c0_g1_i2	557	1465	Pver_TRINITY_DN4481_c0_g1_i2
>Hif1an-201_Spis_Stylophora_pistillata_7212	58	1014	Spis_Stylophora_pistillata_7212
>Hr-205_Adig_Acropora_digitifera_15717	1927	3021	Adig_Acropora_digitifera_15717
>Hr-205_Ahya_Acropora_hyacinthus_8949	115	450	Ahya_Acropora_hyacinthus_8949
>Hr-205_Amil_Acropora_millepora_516	5413	6507	Amil_Acropora_millepora_516
>Hr-205_Apal_XM_021045584.2	4378	5466	Apal_XM_021045584.2
>Hr-205_Apoc_chromosome_12.1991_1	6250	7344	Apoc_chromosome_12.1991_1
>Hr-205_Aque_XM_019994482.1	3234	4325	Aque_XM_019994482.1
>Hr-205_Cgig_G16622.2	6616	7725	Cgig_G16622.2
>Hr-205_Emue_Em0013g992a.t1	2917	3888	Emue_Em0013g992a.t1
>Hr-205_Gasp_gasp1.m3.6204.m1	1599	2375	Gasp_gasp1.m3.6204.m1
>Hr-205_Gfas_gfas1.m1.2774.m1	6389	7483	Gfas_gfas1.m1.2774.m1
>Hr-205_Mcap_g57202	6022	7116	Mcap_g57202
>Hr-205_Nvec_XM_032381413.1	7363	8463	Nvec_XM_032381413.1
>Hr-205_Pbac_AVPN01000400.1	43619	43371	Pbac_AVPN01000400.1
>Hr-205_Plut_plut2.m8.4291.m1	6669	7829	Plut_plut2.m8.4291.m1
>Hr-205_Prus_25327_t	3616	4413	Prus_25327_t
>Hr-205_Pver_TRINITY_DN6084_c0_g1_i2	6279	7373	Pver_TRINITY_DN6084_c0_g1_i2
>Hr-205_Spis_Stylophora_pistillata_20049	1111	2205	Spis_Stylophora_pistillata_20049
>Hspbap1-202_Adig_Acropora_digitifera_14947	136	765	Adig_Acropora_digitifera_14947
>Hspbap1-202_Ahya_Acropora_hyacinthus_3285	1	519	Ahya_Acropora_hyacinthus_3285
>Hspbap1-202_Amil_Acropora_millepora_17442	337	1053	Amil_Acropora_millepora_17442
>Hspbap1-202_Apal_XM_028657589.1	78	950	Apal_XM_028657589.1
>Hspbap1-202_Apoc_chromosome_9.1605.1.5f15e8ff_1	73	993	Apoc_chromosome_9.1605.1.5f15e8ff_1
>Hspbap1-202_Aque_XM_003385228.3	67	1011	Aque_XM_003385228.3
>Hspbap1-202_Cgig_G15231.2	31	864	Cgig_G15231.2
>Hspbap1-202_Emue_Em0020g127a.t1	478	954	Emue_Em0020g127a.t1
>Hspbap1-202_Gasp_gasp1.m3.20930.m1	552	1472	Gasp_gasp1.m3.20930.m1
>Hspbap1-202_Gfas_gfas1.m1.5010.m1	1291	2103	Gfas_gfas1.m1.5010.m1
>Hspbap1-202_Hsal_ENA_GHBP01003042_GHBP01003042.1	2	760	Hsal_ENA_GHBP01003042_GHBP01003042.1
>Hspbap1-202_Kiwa_ENA_GBGI01010564_GBGI01010564.1	989	1309	Kiwa_ENA_GBGI01010564_GBGI01010564.1
>Hspbap1-202_Mcap_g66690	235	1092	Mcap_g66690
>Hspbap1-202_Msqu_ENA_GHBR01003456_GHBR01003456.1	236	703	Msqu_ENA_GHBR01003456_GHBR01003456.1
>Hspbap1-202_Nvec_XM_032373614.1	114	953	Nvec_XM_032373614.1
>Hspbap1-202_Pbac_AVPN01021097.1	589	1389	Pbac_AVPN01021097.1
>Hspbap1-202_Pdam_Pocillopora_damicornis_17567	1	693	Pdam_Pocillopora_damicornis_17567
>Hspbap1-202_Plut_plut2.m8.30951.m1	70	780	Plut_plut2.m8.30951.m1
>Hspbap1-202_Prus_9171_t	76	1107	Prus_9171_t
>Hspbap1-202_Pver_TRINITY_DN446_c0_g1_i2	87	743	Pver_TRINITY_DN446_c0_g1_i2
>Hspbap1-202_Spis_Stylophora_pistillata_4348	976	1332	Spis_Stylophora_pistillata_4348
>Jarid2-201_Adig_Acropora_digitifera_13011	1225	2334	Adig_Acropora_digitifera_13011
>Jarid2-201_Ahya_Acropora_hyacinthus_10442	49	399	Ahya_Acropora_hyacinthus_10442
>Jarid2-201_Amil_Acropora_millepora_14818	19	1155	Amil_Acropora_millepora_14818
>Jarid2-201_Apal_XM_021060663.2	3605	4678	Apal_XM_021060663.2
>Jarid2-201_Apoc_chromosome_2.578_1	1225	2334	Apoc_chromosome_2.578_1
>Jarid2-201_Aque_XM_003385922.3	1212	2207	Aque_XM_003385922.3
>Jarid2-201_Cgig_G29529.1	1093	2211	Cgig_G29529.1
>Jarid2-201_Emue_Em0001g235a.t1	1060	2166	Emue_Em0001g235a.t1
>Jarid2-201_Gasp_gasp1.m3.2509.m1	2905	4047	Gasp_gasp1.m3.2509.m1
>Jarid2-201_Gfas_gfas1.m1.14682.m1	1096	2205	Gfas_gfas1.m1.14682.m1
>Jarid2-201_Kiwa_ENA_GBGI01008657_GBGI01008657.1	1016	1636	Kiwa_ENA_GBGI01008657_GBGI01008657.1
>Jarid2-201_Mcap_g45329	1237	2346	Mcap_g45329
>Jarid2-201_Nvec_XM_001638492.2	3425	4453	Nvec_XM_001638492.2
>Jarid2-201_Pbac_AVPN01001128.1	23749	24579	Pbac_AVPN01001128.1
>Jarid2-201_Pdam_Pocillopora_damicornis_20019	1	534	Pdam_Pocillopora_damicornis_20019
>Jarid2-201_Plut_plut2.m8.24384.m1	4525	5667	Plut_plut2.m8.24384.m1
>Jarid2-201_Prus_22733_t	3982	5169	Prus_22733_t
>Jarid2-201_Pver_TRINITY_DN4423_c0_g1_i1	1363	2472	Pver_TRINITY_DN4423_c0_g1_i1
>Jarid2-201_Spis_Stylophora_pistillata_9710	1258	2367	Spis_Stylophora_pistillata_9710
>Jmjd6-201_Adig_Acropora_digitifera_15738	1	1014	Adig_Acropora_digitifera_15738
>Jmjd6-201_Ahya_Acropora_hyacinthus_7697	10	543	Ahya_Acropora_hyacinthus_7697
>Jmjd6-201_Amil_Acropora_millepora_12427	1	1014	Amil_Acropora_millepora_12427
>Jmjd6-201_Apal_XM_021042723.2	2	721	Apal_XM_021042723.2
>Jmjd6-201_Apoc_chromosome_14.538_1	1	1014	Apoc_chromosome_14.538_1
>Jmjd6-201_Aque_XM_003382525.3	64	1074	Aque_XM_003382525.3
>Jmjd6-201_Cgig_G3998.4	1	1017	Cgig_G3998.4
>Jmjd6-201_Emue_Em0017g98a.t1	2251	3264	Emue_Em0017g98a.t1
>Jmjd6-201_Gasp_gasp1.m3.10092.m1	709	1605	Gasp_gasp1.m3.10092.m1
>Jmjd6-201_Gfas_gfas1.m1.19537.m1	148	1161	Gfas_gfas1.m1.19537.m1
>Jmjd6-201_Mcap_g44636	292	996	Mcap_g44636
>Jmjd6-201_Nvec_XM_001633036.2	158	1174	Nvec_XM_001633036.2
>Jmjd6-201_Pbac_AVPN01021440.1	907	467	Pbac_AVPN01021440.1
>Jmjd6-201_Pdam_Pocillopora_damicornis_8873	1	513	Pdam_Pocillopora_damicornis_8873
>Jmjd6-201_Plut_plut2.m8.15359.m1	163	1176	Plut_plut2.m8.15359.m1
>Jmjd6-201_Prus_26652_t	1	690	Prus_26652_t
>Jmjd6-201_Pver_TRINITY_DN3061_c0_g1_i2	133	1146	Pver_TRINITY_DN3061_c0_g1_i2
>Jmjd6-201_Spis_Stylophora_pistillata_4348	598	1422	Spis_Stylophora_pistillata_4348
>Jmjd7-201_Adig_Acropora_digitifera_3454	340	1188	Adig_Acropora_digitifera_3454
>Jmjd7-201_Ahya_Acropora_hyacinthus_10318	4	294	Ahya_Acropora_hyacinthus_10318
>Jmjd7-201_Amil_Acropora_millepora_22700	91	987	Amil_Acropora_millepora_22700
>Jmjd7-201_Apal_XM_021045248.2	243	1259	Apal_XM_021045248.2
>Jmjd7-201_Apoc_chromosome_3.1497_1	52	966	Apoc_chromosome_3.1497_1
>Jmjd7-201_Aque_XM_003387619.2	563	1438	Aque_XM_003387619.2
>Jmjd7-201_Cgig_G20358.7	46	933	Cgig_G20358.7
>Jmjd7-201_Emue_Em0019g342a.t1	73	783	Emue_Em0019g342a.t1
>Jmjd7-201_Gasp_gasp1.m3.12988.m1	52	948	Gasp_gasp1.m3.12988.m1
>Jmjd7-201_Gfas_gfas1.m1.15456.m1	52	942	Gfas_gfas1.m1.15456.m1
>Jmjd7-201_Hsal_ENA_GHBP01003042_GHBP01003042.1	212	577	Hsal_ENA_GHBP01003042_GHBP01003042.1
>Jmjd7-201_Kiwa_ENA_GBGI01010562_GBGI01010562.1	609	1247	Kiwa_ENA_GBGI01010562_GBGI01010562.1
>Jmjd7-201_Mcap_adi2mcaRNA9303_R0	1702	2595	Mcap_adi2mcaRNA9303_R0
>Jmjd7-201_Msqu_ENA_GHBR01011168_GHBR01011168.1	682	1143	Msqu_ENA_GHBR01011168_GHBR01011168.1
>Jmjd7-201_Nvec_XM_001626477.2	676	1539	Nvec_XM_001626477.2
>Jmjd7-201_Pbac_AVPN01001357.1	22506	23159	Pbac_AVPN01001357.1
>Jmjd7-201_Pdam_Pocillopora_damicornis_24815	82	684	Pdam_Pocillopora_damicornis_24815
>Jmjd7-201_Plut_plut2.m8.15880.m1	52	951	Plut_plut2.m8.15880.m1
>Jmjd7-201_Prus_8911_t	52	951	Prus_8911_t
>Jmjd7-201_Pver_TRINITY_DN16095_c0_g2_i2	90	986	Pver_TRINITY_DN16095_c0_g2_i2
>Jmjd7-201_Spis_Stylophora_pistillata_3641	13	909	Spis_Stylophora_pistillata_3641
>Jmjd8-201_Adig_Acropora_digitifera_15738	106	855	Adig_Acropora_digitifera_15738
>Jmjd8-201_Ahya_Acropora_hyacinthus_7697	94	441	Ahya_Acropora_hyacinthus_7697
>Jmjd8-201_Amil_Acropora_millepora_12427	106	855	Amil_Acropora_millepora_12427
>Jmjd8-201_Apal_XM_021043701.1	44	811	Apal_XM_021043701.1
>Jmjd8-201_Apoc_chromosome_14.538_1	61	855	Apoc_chromosome_14.538_1
>Jmjd8-201_Aque_XM_003382525.3	121	915	Aque_XM_003382525.3
>Jmjd8-201_Cgig_G1242.1	76	813	Cgig_G1242.1
>Jmjd8-201_Emue_Em0017g98a.t1	2311	3105	Emue_Em0017g98a.t1
>Jmjd8-201_Gasp_gasp1.m3.10092.m1	715	1509	Gasp_gasp1.m3.10092.m1
>Jmjd8-201_Gfas_gfas1.m1.19537.m1	214	1002	Gfas_gfas1.m1.19537.m1
>Jmjd8-201_Kiwa_ENA_GBGI01010562_GBGI01010562.1	1014	1244	Kiwa_ENA_GBGI01010562_GBGI01010562.1
>Jmjd8-201_Mcap_g27874	610	1302	Mcap_g27874
>Jmjd8-201_Nvec_XM_001633036.2	317	1012	Nvec_XM_001633036.2
>Jmjd8-201_Pdam_Pocillopora_damicornis_17567	127	450	Pdam_Pocillopora_damicornis_17567
>Jmjd8-201_Plut_plut2.m8.15359.m1	322	1017	Plut_plut2.m8.15359.m1
>Jmjd8-201_Prus_9171_t	508	831	Prus_9171_t
>Jmjd8-201_Pver_TRINITY_DN3061_c0_g1_i2	193	987	Pver_TRINITY_DN3061_c0_g1_i2
>Jmjd8-201_Spis_Stylophora_pistillata_7003	301	642	Spis_Stylophora_pistillata_7003
>Kdm1a-202_Adig_Acropora_digitifera_7962	388	2451	Adig_Acropora_digitifera_7962
>Kdm1a-202_Ahya_Acropora_hyacinthus_4838	148	813	Ahya_Acropora_hyacinthus_4838
>Kdm1a-202_Amil_Acropora_millepora_7073	388	2451	Amil_Acropora_millepora_7073
>Kdm1a-202_Apal_XM_028658593.1	979	2169	Apal_XM_028658593.1
>Kdm1a-202_Apoc_chromosome_10.2144_1	394	2373	Apoc_chromosome_10.2144_1
>Kdm1a-202_Aque_XM_019993198.1	334	2352	Aque_XM_019993198.1
>Kdm1a-202_Cgig_G18520.9	325	2346	Cgig_G18520.9
>Kdm1a-202_Emue_Em0022g12a.t1	217	2229	Emue_Em0022g12a.t1
>Kdm1a-202_Gasp_gasp1.m3.23144.m1	528	2531	Gasp_gasp1.m3.23144.m1
>Kdm1a-202_Gfas_gfas1.m1.19776.m1	19	2082	Gfas_gfas1.m1.19776.m1
>Kdm1a-202_Mcap_g28771	181	2244	Mcap_g28771
>Kdm1a-202_Nvec_XM_032382261.1	262	2559	Nvec_XM_032382261.1
>Kdm1a-202_Pbac_AVPN01000125.1	71058	71795	Pbac_AVPN01000125.1
>Kdm1a-202_Pdam_Pocillopora_damicornis_24099	4	1218	Pdam_Pocillopora_damicornis_24099
>Kdm1a-202_Plut_plut2.m8.2899.m1	510	2573	Plut_plut2.m8.2899.m1
>Kdm1a-202_Prus_1205_t	391	2451	Prus_1205_t
>Kdm1a-202_Pver_TRINITY_DN1220_c0_g1_i1	537	2633	Pver_TRINITY_DN1220_c0_g1_i1
>Kdm1a-202_Spis_Stylophora_pistillata_6270	178	1935	Spis_Stylophora_pistillata_6270
>Kdm1b-201_Adig_Acropora_digitifera_12670	52	2394	Adig_Acropora_digitifera_12670
>Kdm1b-201_Ahya_Acropora_hyacinthus_4838	199	720	Ahya_Acropora_hyacinthus_4838
>Kdm1b-201_Amil_Acropora_millepora_4646	10	2364	Amil_Acropora_millepora_4646
>Kdm1b-201_Apal_XM_021043766.2	189	1871	Apal_XM_021043766.2
>Kdm1b-201_Apoc_chromosome_8.2491_1	25	2373	Apoc_chromosome_8.2491_1
>Kdm1b-201_Aque_XM_019994698.1	190	2679	Aque_XM_019994698.1
>Kdm1b-201_Cgig_G6376.1	16	2382	Cgig_G6376.1
>Kdm1b-201_Emue_Em0005g1571a.t1	73	2427	Emue_Em0005g1571a.t1
>Kdm1b-201_Gasp_gasp1.m3.5518.m1	43	2505	Gasp_gasp1.m3.5518.m1
>Kdm1b-201_Gfas_gfas1.m1.7712.m1	1115	2392	Gfas_gfas1.m1.7712.m1
>Kdm1b-201_Mcap_g41066	88	2367	Mcap_g41066
>Kdm1b-201_Nvec_XM_032370349.1	380	2659	Nvec_XM_032370349.1
>Kdm1b-201_Pbac_AVPN01000125.1	71058	71768	Pbac_AVPN01000125.1
>Kdm1b-201_Pdam_Pocillopora_damicornis_24099	220	1170	Pdam_Pocillopora_damicornis_24099
>Kdm1b-201_Plut_plut2.m8.25369.m1	274	2616	Plut_plut2.m8.25369.m1
>Kdm1b-201_Prus_17416_t	25	1668	Prus_17416_t
>Kdm1b-201_Pver_TRINITY_DN3938_c0_g1_i5	107	2146	Pver_TRINITY_DN3938_c0_g1_i5
>Kdm1b-201_Spis_Stylophora_pistillata_9648	136	1380	Spis_Stylophora_pistillata_9648
>Kdm2a-201_Adig_Acropora_digitifera_16619	25	1005	Adig_Acropora_digitifera_16619
>Kdm2a-201_Ahya_Acropora_hyacinthus_4706	25	966	Ahya_Acropora_hyacinthus_4706
>Kdm2a-201_Amil_Acropora_millepora_4939	67	1047	Amil_Acropora_millepora_4939
>Kdm2a-201_Apal_XM_021047219.2	219	2126	Apal_XM_021047219.2
>Kdm2a-201_Apoc_chromosome_4.1395.1.5f15e4eb_1	25	1035	Apoc_chromosome_4.1395.1.5f15e4eb_1
>Kdm2a-201_Aque_XM_011406316.2	399	1328	Aque_XM_011406316.2
>Kdm2a-201_Cgig_G21633.5	1	1035	Cgig_G21633.5
>Kdm2a-201_Emue_Em0001g106a.t1	310	1185	Emue_Em0001g106a.t1
>Kdm2a-201_Gasp_gasp1.m3.10175.m1	161	1270	Gasp_gasp1.m3.10175.m1
>Kdm2a-201_Gfas_gfas1.m1.23337.m1	133	1110	Gfas_gfas1.m1.23337.m1
>Kdm2a-201_Mcap_g45319	256	1218	Mcap_g45319
>Kdm2a-201_Nvec_XM_032382429.1	136	2160	Nvec_XM_032382429.1
>Kdm2a-201_Pbac_AVPN01003847.1	6187	7095	Pbac_AVPN01003847.1
>Kdm2a-201_Pdam_Pocillopora_damicornis_19731	730	1038	Pdam_Pocillopora_damicornis_19731
>Kdm2a-201_Plut_plut2.m8.15420.m1	102	1082	Plut_plut2.m8.15420.m1
>Kdm2a-201_Prus_10519_t	148	948	Prus_10519_t
>Kdm2a-201_Pver_TRINITY_DN5168_c0_g1_i2	267	1229	Pver_TRINITY_DN5168_c0_g1_i2
>Kdm2a-201_Spis_Stylophora_pistillata_1194	1	1635	Spis_Stylophora_pistillata_1194
>Kdm2b-202_Adig_Acropora_digitifera_16619	1	2088	Adig_Acropora_digitifera_16619
>Kdm2b-202_Ahya_Acropora_hyacinthus_4706	1	966	Ahya_Acropora_hyacinthus_4706
>Kdm2b-202_Amil_Acropora_millepora_4939	43	1158	Amil_Acropora_millepora_4939
>Kdm2b-202_Apal_XM_021037150.1	190	1233	Apal_XM_021037150.1
>Kdm2b-202_Apoc_chromosome_4.1395.1.5f15e4eb_1	1	1056	Apoc_chromosome_4.1395.1.5f15e4eb_1
>Kdm2b-202_Aque_XM_019996418.1	235	1191	Aque_XM_019996418.1
>Kdm2b-202_Cgig_G21633.4	40	1074	Cgig_G21633.4
>Kdm2b-202_Emue_Em0001g106a.t1	199	1185	Emue_Em0001g106a.t1
>Kdm2b-202_Gasp_gasp1.m3.10175.m1	137	1192	Gasp_gasp1.m3.10175.m1
>Kdm2b-202_Gfas_gfas1.m1.11086.m1	199	1197	Gfas_gfas1.m1.11086.m1
>Kdm2b-202_Mcap_g48416	1	1005	Mcap_g48416
>Kdm2b-202_Nvec_XM_032382430.1	106	1128	Nvec_XM_032382430.1
>Kdm2b-202_Pbac_AVPN01003847.1	6271	7098	Pbac_AVPN01003847.1
>Kdm2b-202_Pdam_Pocillopora_damicornis_14117	442	1116	Pdam_Pocillopora_damicornis_14117
>Kdm2b-202_Plut_plut2.m8.15420.m1	78	1142	Plut_plut2.m8.15420.m1
>Kdm2b-202_Prus_10519_t	19	1008	Prus_10519_t
>Kdm2b-202_Pver_TRINITY_DN2651_c0_g1_i8	107	1126	Pver_TRINITY_DN2651_c0_g1_i8
>Kdm2b-202_Spis_Stylophora_pistillata_16106	172	1119	Spis_Stylophora_pistillata_16106
>Kdm3a-201_Adig_Acropora_digitifera_15717	565	3030	Adig_Acropora_digitifera_15717
>Kdm3a-201_Ahya_Acropora_hyacinthus_8949	4	462	Ahya_Acropora_hyacinthus_8949
>Kdm3a-201_Amil_Acropora_millepora_516	4051	6516	Amil_Acropora_millepora_516
>Kdm3a-201_Apal_XM_021045584.2	4330	5484	Apal_XM_021045584.2
>Kdm3a-201_Apoc_chromosome_12.1991_1	6229	7353	Apoc_chromosome_12.1991_1
>Kdm3a-201_Aque_XM_019994482.1	3204	4325	Aque_XM_019994482.1
>Kdm3a-201_Cgig_G16622.2	5200	7725	Cgig_G16622.2
>Kdm3a-201_Emue_Em0013g992a.t1	2857	3891	Emue_Em0013g992a.t1
>Kdm3a-201_Gasp_gasp1.m3.6204.m1	1566	2384	Gasp_gasp1.m3.6204.m1
>Kdm3a-201_Gfas_gfas1.m1.2774.m1	6362	7483	Gfas_gfas1.m1.2774.m1
>Kdm3a-201_Mcap_g57202	5995	7125	Mcap_g57202
>Kdm3a-201_Nvec_XM_032381413.1	7333	8481	Nvec_XM_032381413.1
>Kdm3a-201_Pbac_AVPN01000400.1	43664	43080	Pbac_AVPN01000400.1
>Kdm3a-201_Plut_plut2.m8.4291.m1	6630	7847	Plut_plut2.m8.4291.m1
>Kdm3a-201_Prus_25327_t	3655	4410	Prus_25327_t
>Kdm3a-201_Pver_TRINITY_DN6084_c0_g1_i2	6255	7382	Pver_TRINITY_DN6084_c0_g1_i2
>Kdm3a-201_Spis_Stylophora_pistillata_20049	1018	2205	Spis_Stylophora_pistillata_20049
>Kdm3b-201_Adig_Acropora_digitifera_15717	1909	3036	Adig_Acropora_digitifera_15717
>Kdm3b-201_Ahya_Acropora_hyacinthus_8949	10	468	Ahya_Acropora_hyacinthus_8949
>Kdm3b-201_Amil_Acropora_millepora_516	5395	6528	Amil_Acropora_millepora_516
>Kdm3b-201_Apal_XM_021045584.2	4354	5484	Apal_XM_021045584.2
>Kdm3b-201_Apoc_chromosome_12.1991_1	6232	7353	Apoc_chromosome_12.1991_1
>Kdm3b-201_Aque_XM_019994482.1	3216	4319	Aque_XM_019994482.1
>Kdm3b-201_Cgig_G16622.2	5200	7725	Cgig_G16622.2
>Kdm3b-201_Emue_Em0013g992a.t1	2899	3891	Emue_Em0013g992a.t1
>Kdm3b-201_Gasp_gasp1.m3.6204.m1	1089	2384	Gasp_gasp1.m3.6204.m1
>Kdm3b-201_Gfas_gfas1.m1.2774.m1	6371	7489	Gfas_gfas1.m1.2774.m1
>Kdm3b-201_Mcap_g57202	6004	7125	Mcap_g57202
>Kdm3b-201_Nvec_XM_032381413.1	7345	8457	Nvec_XM_032381413.1
>Kdm3b-201_Pbac_AVPN01000400.1	43664	43080	Pbac_AVPN01000400.1
>Kdm3b-201_Plut_plut2.m8.4291.m1	6693	7850	Plut_plut2.m8.4291.m1
>Kdm3b-201_Prus_25327_t	3745	4407	Prus_25327_t
>Kdm3b-201_Pver_TRINITY_DN6084_c0_g1_i2	6162	7382	Pver_TRINITY_DN6084_c0_g1_i2
>Kdm3b-201_Spis_Stylophora_pistillata_20049	967	2211	Spis_Stylophora_pistillata_20049
>Kdm3c-Jmjd1c-211_Adig_Acropora_digitifera_15717	1891	3036	Adig_Acropora_digitifera_15717
>Kdm3c-Jmjd1c-211_Ahya_Acropora_hyacinthus_8949	4	465	Ahya_Acropora_hyacinthus_8949
>Kdm3c-Jmjd1c-211_Amil_Acropora_millepora_516	5377	6522	Amil_Acropora_millepora_516
>Kdm3c-Jmjd1c-211_Apal_XM_021045584.2	4351	5502	Apal_XM_021045584.2
>Kdm3c-Jmjd1c-211_Apoc_chromosome_12.1991_1	6226	7359	Apoc_chromosome_12.1991_1
>Kdm3c-Jmjd1c-211_Aque_XM_019994482.1	3207	4319	Aque_XM_019994482.1
>Kdm3c-Jmjd1c-211_Cgig_G16622.2	5200	7731	Cgig_G16622.2
>Kdm3c-Jmjd1c-211_Emue_Em0013g993a.t1	3400	4308	Emue_Em0013g993a.t1
>Kdm3c-Jmjd1c-211_Gasp_gasp1.m3.6204.m1	1566	2390	Gasp_gasp1.m3.6204.m1
>Kdm3c-Jmjd1c-211_Gfas_gfas1.m1.2774.m1	4958	7489	Gfas_gfas1.m1.2774.m1
>Kdm3c-Jmjd1c-211_Mcap_g57202	5995	7131	Mcap_g57202
>Kdm3c-Jmjd1c-211_Nvec_XM_032381413.1	7342	8478	Nvec_XM_032381413.1
>Kdm3c-Jmjd1c-211_Pbac_AVPN01000400.1	43667	43080	Pbac_AVPN01000400.1
>Kdm3c-Jmjd1c-211_Plut_plut2.m8.4291.m1	6708	7862	Plut_plut2.m8.4291.m1
>Kdm3c-Jmjd1c-211_Prus_25327_t	22	900	Prus_25327_t
>Kdm3c-Jmjd1c-211_Pver_TRINITY_DN6084_c0_g1_i2	4845	7397	Pver_TRINITY_DN6084_c0_g1_i2
>Kdm3c-Jmjd1c-211_Spis_Stylophora_pistillata_20049	10	2211	Spis_Stylophora_pistillata_20049
>Kdm4a-203_Adig_Acropora_digitifera_11378	1336	2544	Adig_Acropora_digitifera_11378
>Kdm4a-203_Ahya_Acropora_hyacinthus_4598	70	399	Ahya_Acropora_hyacinthus_4598
>Kdm4a-203_Amil_Acropora_millepora_4108	1336	2361	Amil_Acropora_millepora_4108
>Kdm4a-203_Apal_XM_021037814.2	1595	2800	Apal_XM_021037814.2
>Kdm4a-203_Apoc_chromosome_3.1635_1	1177	2520	Apoc_chromosome_3.1635_1
>Kdm4a-203_Aque_XM_003385922.3	1209	1940	Aque_XM_003385922.3
>Kdm4a-203_Cgig_G2576.1	4378	5565	Cgig_G2576.1
>Kdm4a-203_Emue_Em0011g1184a.t1	1	987	Emue_Em0011g1184a.t1
>Kdm4a-203_Gasp_gasp1.m3.7266.m1	1397	2827	Gasp_gasp1.m3.7266.m1
>Kdm4a-203_Gfas_gfas1.m1.540.m1	1500	2708	Gfas_gfas1.m1.540.m1
>Kdm4a-203_Kiwa_ENA_GBGI01008657_GBGI01008657.1	923	1702	Kiwa_ENA_GBGI01008657_GBGI01008657.1
>Kdm4a-203_Mcap_g62857	1327	2535	Mcap_g62857
>Kdm4a-203_Msqu_ENA_GHBR01000470_GHBR01000470.1	236	637	Msqu_ENA_GHBR01000470_GHBR01000470.1
>Kdm4a-203_Nvec_XM_032374850.1	201	1166	Nvec_XM_032374850.1
>Kdm4a-203_Pbac_AVPN01018405.1	3552	3791	Pbac_AVPN01018405.1
>Kdm4a-203_Pdam_Pocillopora_damicornis_15303	25	453	Pdam_Pocillopora_damicornis_15303
>Kdm4a-203_Plut_plut2.m8.30009.m1	1292	2278	Plut_plut2.m8.30009.m1
>Kdm4a-203_Prus_31752_t	57	1268	Prus_31752_t
>Kdm4a-203_Pver_TRINITY_DN8386_c0_g2_i2	1563	2759	Pver_TRINITY_DN8386_c0_g2_i2
>Kdm4a-203_Spis_Stylophora_pistillata_8815	1342	2538	Spis_Stylophora_pistillata_8815
>Kdm4b-201_Adig_Acropora_digitifera_11378	1324	2601	Adig_Acropora_digitifera_11378
>Kdm4b-201_Ahya_Acropora_hyacinthus_4598	73	399	Ahya_Acropora_hyacinthus_4598
>Kdm4b-201_Amil_Acropora_millepora_4108	1126	2346	Amil_Acropora_millepora_4108
>Kdm4b-201_Apal_XM_021037814.2	1583	2857	Apal_XM_021037814.2
>Kdm4b-201_Apoc_chromosome_3.1635_1	1051	2577	Apoc_chromosome_3.1635_1
>Kdm4b-201_Aque_XM_003385922.3	1209	1931	Aque_XM_003385922.3
>Kdm4b-201_Cgig_G2576.1	4366	5541	Cgig_G2576.1
>Kdm4b-201_Emue_Em0011g1184a.t1	1	945	Emue_Em0011g1184a.t1
>Kdm4b-201_Gasp_gasp1.m3.7266.m1	1634	2884	Gasp_gasp1.m3.7266.m1
>Kdm4b-201_Gfas_gfas1.m1.540.m1	1512	2765	Gfas_gfas1.m1.540.m1
>Kdm4b-201_Kiwa_ENA_GBGI01008657_GBGI01008657.1	923	1702	Kiwa_ENA_GBGI01008657_GBGI01008657.1
>Kdm4b-201_Mcap_g62857	1315	2592	Mcap_g62857
>Kdm4b-201_Msqu_ENA_GHBR01000470_GHBR01000470.1	236	637	Msqu_ENA_GHBR01000470_GHBR01000470.1
>Kdm4b-201_Nvec_XM_032374850.1	201	1154	Nvec_XM_032374850.1
>Kdm4b-201_Pbac_AVPN01001290.1	7320	6676	Pbac_AVPN01001290.1
>Kdm4b-201_Pdam_Pocillopora_damicornis_15303	25	453	Pdam_Pocillopora_damicornis_15303
>Kdm4b-201_Plut_plut2.m8.30009.m1	1292	2335	Plut_plut2.m8.30009.m1
>Kdm4b-201_Prus_31752_t	39	1325	Prus_31752_t
>Kdm4b-201_Pver_TRINITY_DN8386_c0_g2_i2	1536	2816	Pver_TRINITY_DN8386_c0_g2_i2
>Kdm4b-201_Spis_Stylophora_pistillata_8815	1315	2595	Spis_Stylophora_pistillata_8815
>Kdm4c-201_Adig_Acropora_digitifera_11378	1336	2619	Adig_Acropora_digitifera_11378
>Kdm4c-201_Ahya_Acropora_hyacinthus_4598	79	399	Ahya_Acropora_hyacinthus_4598
>Kdm4c-201_Amil_Acropora_millepora_4108	1336	2361	Amil_Acropora_millepora_4108
>Kdm4c-201_Apal_XM_021037814.2	1595	2881	Apal_XM_021037814.2
>Kdm4c-201_Apoc_chromosome_3.1635_1	1327	2595	Apoc_chromosome_3.1635_1
>Kdm4c-201_Aque_XM_003385922.3	1209	1931	Aque_XM_003385922.3
>Kdm4c-201_Cgig_G2576.1	4333	5553	Cgig_G2576.1
>Kdm4c-201_Emue_Em0011g1184a.t1	1	945	Emue_Em0011g1184a.t1
>Kdm4c-201_Gasp_gasp1.m3.7266.m1	1637	2902	Gasp_gasp1.m3.7266.m1
>Kdm4c-201_Gfas_gfas1.m1.540.m1	1500	2783	Gfas_gfas1.m1.540.m1
>Kdm4c-201_Kiwa_ENA_GBGI01008657_GBGI01008657.1	923	1705	Kiwa_ENA_GBGI01008657_GBGI01008657.1
>Kdm4c-201_Mcap_g62857	1318	2610	Mcap_g62857
>Kdm4c-201_Msqu_ENA_GHBR01000470_GHBR01000470.1	14	769	Msqu_ENA_GHBR01000470_GHBR01000470.1
>Kdm4c-201_Nvec_XM_032374850.1	201	1166	Nvec_XM_032374850.1
>Kdm4c-201_Pbac_AVPN01001000.1	26593	26123	Pbac_AVPN01001000.1
>Kdm4c-201_Pdam_Pocillopora_damicornis_15303	25	453	Pdam_Pocillopora_damicornis_15303
>Kdm4c-201_Plut_plut2.m8.30009.m1	1292	2353	Plut_plut2.m8.30009.m1
>Kdm4c-201_Prus_31752_t	39	1343	Prus_31752_t
>Kdm4c-201_Pver_TRINITY_DN8386_c0_g2_i2	1563	2834	Pver_TRINITY_DN8386_c0_g2_i2
>Kdm4c-201_Spis_Stylophora_pistillata_8815	1333	2613	Spis_Stylophora_pistillata_8815
>Kdm4d-201_Adig_Acropora_digitifera_11378	4	1005	Adig_Acropora_digitifera_11378
>Kdm4d-201_Amil_Acropora_millepora_4108	4	1005	Amil_Acropora_millepora_4108
>Kdm4d-201_Apal_XM_021037814.2	326	1270	Apal_XM_021037814.2
>Kdm4d-201_Apoc_chromosome_3.1635_1	22	984	Apoc_chromosome_3.1635_1
>Kdm4d-201_Aque_XM_003385922.3	1197	1931	Aque_XM_003385922.3
>Kdm4d-201_Cgig_G2576.1	1	975	Cgig_G2576.1
>Kdm4d-201_Emue_Em0011g1184a.t1	4	945	Emue_Em0011g1184a.t1
>Kdm4d-201_Gasp_gasp1.m3.7266.m1	239	1207	Gasp_gasp1.m3.7266.m1
>Kdm4d-201_Gfas_gfas1.m1.1559.m1	4156	5040	Gfas_gfas1.m1.1559.m1
>Kdm4d-201_Kiwa_ENA_GBGI01008657_GBGI01008657.1	923	1702	Kiwa_ENA_GBGI01008657_GBGI01008657.1
>Kdm4d-201_Mcap_g62857	25	981	Mcap_g62857
>Kdm4d-201_Nvec_XM_032374850.1	195	1148	Nvec_XM_032374850.1
>Kdm4d-201_Pbac_AVPN01018405.1	3546	3788	Pbac_AVPN01018405.1
>Kdm4d-201_Pdam_Pocillopora_damicornis_15303	25	453	Pdam_Pocillopora_damicornis_15303
>Kdm4d-201_Plut_plut2.m8.30009.m1	254	1183	Plut_plut2.m8.30009.m1
>Kdm4d-201_Prus_22733_t	3676	4641	Prus_22733_t
>Kdm4d-201_Pver_TRINITY_DN8386_c0_g2_i2	246	1190	Pver_TRINITY_DN8386_c0_g2_i2
>Kdm4d-201_Spis_Stylophora_pistillata_8815	25	969	Spis_Stylophora_pistillata_8815
>Kdm5a-201_Adig_Acropora_digitifera_13011	70	3975	Adig_Acropora_digitifera_13011
>Kdm5a-201_Ahya_Acropora_hyacinthus_10942	7	363	Ahya_Acropora_hyacinthus_10942
>Kdm5a-201_Amil_Acropora_millepora_1001	70	3975	Amil_Acropora_millepora_1001
>Kdm5a-201_Apal_XM_021053763.1	138	3995	Apal_XM_021053763.1
>Kdm5a-201_Apoc_chromosome_2.578_1	70	3987	Apoc_chromosome_2.578_1
>Kdm5a-201_Aque_XM_003385922.3	186	3896	Aque_XM_003385922.3
>Kdm5a-201_Cgig_G29529.1	64	4383	Cgig_G29529.1
>Kdm5a-201_Emue_Em0001g235a.t1	52	3753	Emue_Em0001g235a.t1
>Kdm5a-201_Gasp_gasp1.m3.27523.m1	156	4079	Gasp_gasp1.m3.27523.m1
>Kdm5a-201_Gfas_gfas1.m1.14682.m1	40	3924	Gfas_gfas1.m1.14682.m1
>Kdm5a-201_Hsal_ENA_GHBP01005032_GHBP01005032.1	421	561	Hsal_ENA_GHBP01005032_GHBP01005032.1
>Kdm5a-201_Kiwa_ENA_GBGI01008657_GBGI01008657.1	611	1714	Kiwa_ENA_GBGI01008657_GBGI01008657.1
>Kdm5a-201_Mcap_g45329	70	3984	Mcap_g45329
>Kdm5a-201_Msqu_ENA_GHBR01006215_GHBR01006215.1	4	261	Msqu_ENA_GHBR01006215_GHBR01006215.1
>Kdm5a-201_Nvec_XM_032374610.1	181	2502	Nvec_XM_032374610.1
>Kdm5a-201_Pbac_AVPN01001128.1	23740	24462	Pbac_AVPN01001128.1
>Kdm5a-201_Pdam_Pocillopora_damicornis_15303	10	453	Pdam_Pocillopora_damicornis_15303
>Kdm5a-201_Plut_plut2.m8.22711.m1	1239	3590	Plut_plut2.m8.22711.m1
>Kdm5a-201_Prus_28285_t	70	1788	Prus_28285_t
>Kdm5a-201_Pver_TRINITY_DN4423_c0_g1_i1	964	4122	Pver_TRINITY_DN4423_c0_g1_i1
>Kdm5a-201_Spis_Stylophora_pistillata_9710	973	4020	Spis_Stylophora_pistillata_9710
>Kdm5b-201_Adig_Acropora_digitifera_13011	1009	4302	Adig_Acropora_digitifera_13011
>Kdm5b-201_Ahya_Acropora_hyacinthus_5498	85	570	Ahya_Acropora_hyacinthus_5498
>Kdm5b-201_Amil_Acropora_millepora_1001	1009	4302	Amil_Acropora_millepora_1001
>Kdm5b-201_Apal_XM_021053763.1	117	4241	Apal_XM_021053763.1
>Kdm5b-201_Apoc_chromosome_2.578_1	43	4317	Apoc_chromosome_2.578_1
>Kdm5b-201_Aque_XM_003385922.3	159	4718	Aque_XM_003385922.3
>Kdm5b-201_Cgig_G29529.1	37	3822	Cgig_G29529.1
>Kdm5b-201_Emue_Em0001g235a.t1	838	4488	Emue_Em0001g235a.t1
>Kdm5b-201_Gasp_gasp1.m3.27523.m1	129	4409	Gasp_gasp1.m3.27523.m1
>Kdm5b-201_Gfas_gfas1.m1.14682.m1	43	4251	Gfas_gfas1.m1.14682.m1
>Kdm5b-201_Hsal_ENA_GHBP01005032_GHBP01005032.1	274	561	Hsal_ENA_GHBP01005032_GHBP01005032.1
>Kdm5b-201_Kiwa_ENA_GBGI01008657_GBGI01008657.1	917	2167	Kiwa_ENA_GBGI01008657_GBGI01008657.1
>Kdm5b-201_Mcap_g53778	4390	5556	Mcap_g53778
>Kdm5b-201_Nvec_XM_032374645.1	142	3033	Nvec_XM_032374645.1
>Kdm5b-201_Pbac_AVPN01001128.1	23740	24726	Pbac_AVPN01001128.1
>Kdm5b-201_Pdam_Pocillopora_damicornis_15303	10	453	Pdam_Pocillopora_damicornis_15303
>Kdm5b-201_Plut_plut2.m8.22711.m1	1239	3920	Plut_plut2.m8.22711.m1
>Kdm5b-201_Prus_28285_t	43	1788	Prus_28285_t
>Kdm5b-201_Pver_TRINITY_DN4423_c0_g1_i1	1162	4455	Pver_TRINITY_DN4423_c0_g1_i1
>Kdm5b-201_Spis_Stylophora_pistillata_9710	1057	4350	Spis_Stylophora_pistillata_9710
>Kdm5c-202_Adig_Acropora_digitifera_13011	28	4275	Adig_Acropora_digitifera_13011
>Kdm5c-202_Ahya_Acropora_hyacinthus_5498	82	561	Ahya_Acropora_hyacinthus_5498
>Kdm5c-202_Amil_Acropora_millepora_1001	28	4275	Amil_Acropora_millepora_1001
>Kdm5c-202_Apal_XM_021053763.1	102	4232	Apal_XM_021053763.1
>Kdm5c-202_Apoc_chromosome_2.578_1	28	4290	Apoc_chromosome_2.578_1
>Kdm5c-202_Aque_XM_003385922.3	129	4184	Aque_XM_003385922.3
>Kdm5c-202_Cgig_G29529.1	19	4356	Cgig_G29529.1
>Kdm5c-202_Emue_Em0001g235a.t1	4	4059	Emue_Em0001g235a.t1
>Kdm5c-202_Gasp_gasp1.m3.27523.m1	114	4106	Gasp_gasp1.m3.27523.m1
>Kdm5c-202_Gfas_gfas1.m1.14682.m1	43	4224	Gfas_gfas1.m1.14682.m1
>Kdm5c-202_Kiwa_ENA_GBGI01008657_GBGI01008657.1	854	2167	Kiwa_ENA_GBGI01008657_GBGI01008657.1
>Kdm5c-202_Mcap_g45329	28	4014	Mcap_g45329
>Kdm5c-202_Nvec_XM_032374645.1	70	2994	Nvec_XM_032374645.1
>Kdm5c-202_Pbac_AVPN01001128.1	23740	24810	Pbac_AVPN01001128.1
>Kdm5c-202_Pdam_Pocillopora_damicornis_15303	10	453	Pdam_Pocillopora_damicornis_15303
>Kdm5c-202_Plut_plut2.m8.22711.m1	1239	2972	Plut_plut2.m8.22711.m1
>Kdm5c-202_Prus_28285_t	28	1788	Prus_28285_t
>Kdm5c-202_Pver_TRINITY_DN4423_c0_g1_i1	115	4428	Pver_TRINITY_DN4423_c0_g1_i1
>Kdm5c-202_Spis_Stylophora_pistillata_9710	28	4323	Spis_Stylophora_pistillata_9710
>Kdm5d-201_Adig_Acropora_digitifera_13011	28	4008	Adig_Acropora_digitifera_13011
>Kdm5d-201_Ahya_Acropora_hyacinthus_10442	34	399	Ahya_Acropora_hyacinthus_10442
>Kdm5d-201_Amil_Acropora_millepora_1001	28	4008	Amil_Acropora_millepora_1001
>Kdm5d-201_Apal_XM_021053763.1	102	4019	Apal_XM_021053763.1
>Kdm5d-201_Apoc_chromosome_2.578_1	28	4290	Apoc_chromosome_2.578_1
>Kdm5d-201_Aque_XM_003385922.3	135	3896	Aque_XM_003385922.3
>Kdm5d-201_Cgig_G29529.1	19	3888	Cgig_G29529.1
>Kdm5d-201_Emue_Em0001g235a.t1	4	3792	Emue_Em0001g235a.t1
>Kdm5d-201_Gasp_gasp1.m3.27523.m1	114	4112	Gasp_gasp1.m3.27523.m1
>Kdm5d-201_Gfas_gfas1.m1.14682.m1	43	3957	Gfas_gfas1.m1.14682.m1
>Kdm5d-201_Kiwa_ENA_GBGI01008657_GBGI01008657.1	758	2167	Kiwa_ENA_GBGI01008657_GBGI01008657.1
>Kdm5d-201_Mcap_g45329	28	4020	Mcap_g45329
>Kdm5d-201_Nvec_XM_032374645.1	7	2715	Nvec_XM_032374645.1
>Kdm5d-201_Pbac_AVPN01001128.1	23740	24777	Pbac_AVPN01001128.1
>Kdm5d-201_Pdam_Pocillopora_damicornis_15303	10	453	Pdam_Pocillopora_damicornis_15303
>Kdm5d-201_Plut_plut2.m8.22711.m1	1245	3623	Plut_plut2.m8.22711.m1
>Kdm5d-201_Prus_28285_t	28	1788	Prus_28285_t
>Kdm5d-201_Pver_TRINITY_DN4423_c0_g1_i1	115	4158	Pver_TRINITY_DN4423_c0_g1_i1
>Kdm5d-201_Spis_Stylophora_pistillata_9710	28	4323	Spis_Stylophora_pistillata_9710
>Kdm6a-202_Adig_Acropora_digitifera_15458	895	2499	Adig_Acropora_digitifera_15458
>Kdm6a-202_Amil_Acropora_millepora_1491	2200	3804	Amil_Acropora_millepora_1491
>Kdm6a-202_Apal_XM_028661146.1	2380	3828	Apal_XM_028661146.1
>Kdm6a-202_Apoc_chromosome_7.1353_1	1972	3576	Apoc_chromosome_7.1353_1
>Kdm6a-202_Aque_XM_020008684.1	1192	2481	Aque_XM_020008684.1
>Kdm6a-202_Cgig_G16431.1	1999	3522	Cgig_G16431.1
>Kdm6a-202_Emue_Em0021g24a.t1	1588	2919	Emue_Em0021g24a.t1
>Kdm6a-202_Gasp_gasp1.m3.23117.m1	2784	4049	Gasp_gasp1.m3.23117.m1
>Kdm6a-202_Gfas_gfas1.m1.18714.m1	2635	4317	Gfas_gfas1.m1.18714.m1
>Kdm6a-202_Hsal_ENA_GHBP01003577_GHBP01003577.1	120	545	Hsal_ENA_GHBP01003577_GHBP01003577.1
>Kdm6a-202_Mcap_g43845	2203	3807	Mcap_g43845
>Kdm6a-202_Nvec_XM_032380232.1	2428	3981	Nvec_XM_032380232.1
>Kdm6a-202_Pbac_AVPN01001273.1	8891	10039	Pbac_AVPN01001273.1
>Kdm6a-202_Pdam_Pocillopora_damicornis_11329	82	375	Pdam_Pocillopora_damicornis_11329
>Kdm6a-202_Plut_plut2.m8.9149.m1	3401	4975	Plut_plut2.m8.9149.m1
>Kdm6a-202_Prus_Prusg15094.t1	592	777	Prus_Prusg15094.t1
>Kdm6a-202_Pver_TRINITY_DN2642_c0_g2_i1	1877	4150	Pver_TRINITY_DN2642_c0_g2_i1
>Kdm6a-202_Spis_Stylophora_pistillata_12883	844	2454	Spis_Stylophora_pistillata_12883
>Kdm6b-201_Adig_Acropora_digitifera_15458	1126	2514	Adig_Acropora_digitifera_15458
>Kdm6b-201_Amil_Acropora_millepora_1491	2431	3819	Amil_Acropora_millepora_1491
>Kdm6b-201_Apal_XM_028661146.1	2896	3822	Apal_XM_028661146.1
>Kdm6b-201_Apoc_chromosome_7.1353_1	2203	3576	Apoc_chromosome_7.1353_1
>Kdm6b-201_Aque_XM_020008684.1	1192	2499	Aque_XM_020008684.1
>Kdm6b-201_Cgig_G16431.1	2158	3513	Cgig_G16431.1
>Kdm6b-201_Emue_Em0021g24a.t1	1582	2907	Emue_Em0021g24a.t1
>Kdm6b-201_Gasp_gasp1.m3.23117.m1	2781	4049	Gasp_gasp1.m3.23117.m1
>Kdm6b-201_Gfas_gfas1.m1.18714.m1	2866	4332	Gfas_gfas1.m1.18714.m1
>Kdm6b-201_Mcap_g43845	2434	3822	Mcap_g43845
>Kdm6b-201_Nvec_XM_032380232.1	2599	3999	Nvec_XM_032380232.1
>Kdm6b-201_Pbac_AVPN01001273.1	8918	9841	Pbac_AVPN01001273.1
>Kdm6b-201_Plut_plut2.m8.9149.m1	3593	4990	Plut_plut2.m8.9149.m1
>Kdm6b-201_Pver_TRINITY_DN2642_c0_g2_i1	2780	4150	Pver_TRINITY_DN2642_c0_g2_i1
>Kdm6b-201_Spis_Stylophora_pistillata_12883	1084	2454	Spis_Stylophora_pistillata_12883
>Kdm7a-201_Adig_Acropora_digitifera_14529	88	1101	Adig_Acropora_digitifera_14529
>Kdm7a-201_Ahya_Acropora_hyacinthus_4706	4	969	Ahya_Acropora_hyacinthus_4706
>Kdm7a-201_Amil_Acropora_millepora_4715	7	1341	Amil_Acropora_millepora_4715
>Kdm7a-201_Apal_XM_021037150.1	22	1521	Apal_XM_021037150.1
>Kdm7a-201_Apoc_chromosome_4.1395_1	31	993	Apoc_chromosome_4.1395_1
>Kdm7a-201_Aque_XM_019996418.1	67	1392	Aque_XM_019996418.1
>Kdm7a-201_Cgig_G31217.1	25	2820	Cgig_G31217.1
>Kdm7a-201_Emue_Em0001g106a.t1	31	1374	Emue_Em0001g106a.t1
>Kdm7a-201_Gasp_gasp1.m3.27518.m1	103	1335	Gasp_gasp1.m3.27518.m1
>Kdm7a-201_Gfas_gfas1.m1.11086.m1	31	1407	Gfas_gfas1.m1.11086.m1
>Kdm7a-201_Mcap_g45319	16	1350	Mcap_g45319
>Kdm7a-201_Nvec_XM_032380402.1	308	1642	Nvec_XM_032380402.1
>Kdm7a-201_Pbac_AVPN01003847.1	5953	7272	Pbac_AVPN01003847.1
>Kdm7a-201_Pdam_Pocillopora_damicornis_5111	463	600	Pdam_Pocillopora_damicornis_5111
>Kdm7a-201_Plut_plut2.m8.22696.m1	469	1677	Plut_plut2.m8.22696.m1
>Kdm7a-201_Prus_25598_t	310	1257	Prus_25598_t
>Kdm7a-201_Pver_TRINITY_DN5168_c0_g1_i2	27	1361	Pver_TRINITY_DN5168_c0_g1_i2
>Kdm7a-201_Spis_Stylophora_pistillata_16106	4	1497	Spis_Stylophora_pistillata_16106
>Kdm8-201_Adig_Acropora_digitifera_3454	139	1185	Adig_Acropora_digitifera_3454
>Kdm8-201_Ahya_Acropora_hyacinthus_10318	4	297	Ahya_Acropora_hyacinthus_10318
>Kdm8-201_Amil_Acropora_millepora_17642	7	1038	Amil_Acropora_millepora_17642
>Kdm8-201_Apal_XM_021045642.2	118	1314	Apal_XM_021045642.2
>Kdm8-201_Apoc_chromosome_13.2748_1	130	1395	Apoc_chromosome_13.2748_1
>Kdm8-201_Aque_XM_019997734.1	110	1276	Aque_XM_019997734.1
>Kdm8-201_Cgig_G21831.2	1	1158	Cgig_G21831.2
>Kdm8-201_Emue_Em0011g644a.t1	703	1503	Emue_Em0011g644a.t1
>Kdm8-201_Gasp_gasp1.m3.1021.m1	124	1371	Gasp_gasp1.m3.1021.m1
>Kdm8-201_Gfas_gfas1.m1.19438.m1	131	1381	Gfas_gfas1.m1.19438.m1
>Kdm8-201_Hsal_ENA_GHBP01003042_GHBP01003042.1	239	559	Hsal_ENA_GHBP01003042_GHBP01003042.1
>Kdm8-201_Kiwa_ENA_GBGI01010562_GBGI01010562.1	243	1247	Kiwa_ENA_GBGI01010562_GBGI01010562.1
>Kdm8-201_Mcap_g41644	133	1227	Mcap_g41644
>Kdm8-201_Msqu_ENA_GHBR01011168_GHBR01011168.1	232	1197	Msqu_ENA_GHBR01011168_GHBR01011168.1
>Kdm8-201_Nvec_XM_032386576.1	236	1399	Nvec_XM_032386576.1
>Kdm8-201_Pbac_AVPN01007326.1	772	1935	Pbac_AVPN01007326.1
>Kdm8-201_Pdam_Pocillopora_damicornis_24815	46	726	Pdam_Pocillopora_damicornis_24815
>Kdm8-201_Plut_plut2.m8.19493.m1	147	1391	Plut_plut2.m8.19493.m1
>Kdm8-201_Prus_33758_t	625	1479	Prus_33758_t
>Kdm8-201_Pver_TRINITY_DN13786_c0_g1_i1	153	1421	Pver_TRINITY_DN13786_c0_g1_i1
>Kdm8-201_Spis_Stylophora_pistillata_7718	121	1368	Spis_Stylophora_pistillata_7718
>Phf2-201_Adig_Acropora_digitifera_16619	64	1338	Adig_Acropora_digitifera_16619
>Phf2-201_Ahya_Acropora_hyacinthus_4706	142	963	Ahya_Acropora_hyacinthus_4706
>Phf2-201_Amil_Acropora_millepora_4715	4	1362	Amil_Acropora_millepora_4715
>Phf2-201_Apal_XM_021037150.1	22	1470	Apal_XM_021037150.1
>Phf2-201_Apoc_chromosome_4.1395_1	64	1029	Apoc_chromosome_4.1395_1
>Phf2-201_Aque_XM_019996418.1	64	1404	Aque_XM_019996418.1
>Phf2-201_Cgig_G31217.1	22	1389	Cgig_G31217.1
>Phf2-201_Emue_Em0001g106a.t1	28	1404	Emue_Em0001g106a.t1
>Phf2-201_Gasp_gasp1.m3.27518.m1	106	1377	Gasp_gasp1.m3.27518.m1
>Phf2-201_Gfas_gfas1.m1.11086.m1	25	1407	Gfas_gfas1.m1.11086.m1
>Phf2-201_Mcap_g45319	10	1371	Mcap_g45319
>Phf2-201_Nvec_XM_032380403.1	312	1664	Nvec_XM_032380403.1
>Phf2-201_Pbac_AVPN01003847.1	5950	7251	Pbac_AVPN01003847.1
>Phf2-201_Pdam_Pocillopora_damicornis_3610	121	288	Pdam_Pocillopora_damicornis_3610
>Phf2-201_Plut_plut2.m8.22696.m1	469	1596	Plut_plut2.m8.22696.m1
>Phf2-201_Prus_25598_t	310	1176	Prus_25598_t
>Phf2-201_Pver_TRINITY_DN5168_c0_g1_i2	21	1409	Pver_TRINITY_DN5168_c0_g1_i2
>Phf2-201_Spis_Stylophora_pistillata_16106	1	1359	Spis_Stylophora_pistillata_16106
>Phf8-201_Adig_Acropora_digitifera_14529	88	1116	Adig_Acropora_digitifera_14529
>Phf8-201_Ahya_Acropora_hyacinthus_4706	160	963	Ahya_Acropora_hyacinthus_4706
>Phf8-201_Amil_Acropora_millepora_4715	4	1356	Amil_Acropora_millepora_4715
>Phf8-201_Apal_XM_021037150.1	22	1449	Apal_XM_021037150.1
>Phf8-201_Apoc_chromosome_4.1395_1	160	1032	Apoc_chromosome_4.1395_1
>Phf8-201_Aque_XM_019996418.1	64	1392	Aque_XM_019996418.1
>Phf8-201_Cgig_G31217.1	22	1365	Cgig_G31217.1
>Phf8-201_Emue_Em0001g106a.t1	28	1401	Emue_Em0001g106a.t1
>Phf8-201_Gasp_gasp1.m3.27518.m1	106	1341	Gasp_gasp1.m3.27518.m1
>Phf8-201_Gfas_gfas1.m1.11086.m1	25	1407	Gfas_gfas1.m1.11086.m1
>Phf8-201_Mcap_g45319	10	1365	Mcap_g45319
>Phf8-201_Nvec_XM_032380403.1	312	1643	Nvec_XM_032380403.1
>Phf8-201_Pbac_AVPN01003847.1	5950	7341	Pbac_AVPN01003847.1
>Phf8-201_Pdam_Pocillopora_damicornis_3610	121	264	Pdam_Pocillopora_damicornis_3610
>Phf8-201_Plut_plut2.m8.22696.m1	469	1572	Plut_plut2.m8.22696.m1
>Phf8-201_Prus_25598_t	289	1152	Prus_25598_t
>Phf8-201_Pver_TRINITY_DN5168_c0_g1_i2	21	1376	Pver_TRINITY_DN5168_c0_g1_i2
>Phf8-201_Spis_Stylophora_pistillata_16106	1	1353	Spis_Stylophora_pistillata_16106
>Riox1-201_Adig_Acropora_digitifera_13403	541	1839	Adig_Acropora_digitifera_13403
>Riox1-201_Ahya_Acropora_hyacinthus_1417	1	300	Ahya_Acropora_hyacinthus_1417
>Riox1-201_Amil_Acropora_millepora_10275	7	1305	Amil_Acropora_millepora_10275
>Riox1-201_Apal_XM_021039271.2	462	2030	Apal_XM_021039271.2
>Riox1-201_Apoc_chromosome_11.87_1	469	1815	Apoc_chromosome_11.87_1
>Riox1-201_Aque_XM_020008727.1	403	1710	Aque_XM_020008727.1
>Riox1-201_Cgig_G13479.1	754	2088	Cgig_G13479.1
>Riox1-201_Emue_Em0019g1181a.t1	748	1659	Emue_Em0019g1181a.t1
>Riox1-201_Gasp_gasp1.m3.8817.m1	528	1826	Gasp_gasp1.m3.8817.m1
>Riox1-201_Gfas_gfas1.m1.1612.m1	546	1577	Gfas_gfas1.m1.1612.m1
>Riox1-201_Mcap_g5676	499	1797	Mcap_g5676
>Riox1-201_Nvec_XM_032379971.1	891	2189	Nvec_XM_032379971.1
>Riox1-201_Pbac_AVPN01001193.1	23802	23191	Pbac_AVPN01001193.1
>Riox1-201_Pdam_Pocillopora_damicornis_6854	1	366	Pdam_Pocillopora_damicornis_6854
>Riox1-201_Plut_plut2.m8.14346.m1	556	1854	Plut_plut2.m8.14346.m1
>Riox1-201_Prus_Prusg12774.t1	13	420	Prus_Prusg12774.t1
>Riox1-201_Pver_TRINITY_DN3486_c0_g1_i1	288	1841	Pver_TRINITY_DN3486_c0_g1_i1
>Riox1-201_Spis_Stylophora_pistillata_3651	514	1812	Spis_Stylophora_pistillata_3651
>Riox2-201_Adig_Acropora_digitifera_13403	550	1830	Adig_Acropora_digitifera_13403
>Riox2-201_Amil_Acropora_millepora_10275	16	1296	Amil_Acropora_millepora_10275
>Riox2-201_Apal_XM_021037859.2	73	1245	Apal_XM_021037859.2
>Riox2-201_Apoc_chromosome_11.87_1	526	1743	Apoc_chromosome_11.87_1
>Riox2-201_Aque_XM_020008727.1	421	1707	Aque_XM_020008727.1
>Riox2-201_Cgig_G13479.1	778	1908	Cgig_G13479.1
>Riox2-201_Emue_Em0019g1181a.t1	769	1533	Emue_Em0019g1181a.t1
>Riox2-201_Gasp_gasp1.m3.8817.m1	486	1817	Gasp_gasp1.m3.8817.m1
>Riox2-201_Gfas_gfas1.m1.21680.m1	212	1399	Gfas_gfas1.m1.21680.m1
>Riox2-201_Mcap_g33278	508	1788	Mcap_g33278
>Riox2-201_Nvec_XM_032379971.1	912	2180	Nvec_XM_032379971.1
>Riox2-201_Pbac_AVPN01001193.1	26214	26089	Pbac_AVPN01001193.1
>Riox2-201_Plut_plut2.m8.14346.m1	565	1845	Plut_plut2.m8.14346.m1
>Riox2-201_Prus_Prusg12774.t1	103	456	Prus_Prusg12774.t1
>Riox2-201_Pver_TRINITY_DN3486_c0_g1_i1	552	1832	Pver_TRINITY_DN3486_c0_g1_i1
>Riox2-201_Spis_Stylophora_pistillata_3651	523	1740	Spis_Stylophora_pistillata_3651
>Tyw5-209_Adig_Acropora_digitifera_3378	25	918	Adig_Acropora_digitifera_3378
>Tyw5-209_Ahya_Acropora_hyacinthus_10318	4	297	Ahya_Acropora_hyacinthus_10318
>Tyw5-209_Amil_Acropora_millepora_21096	145	1038	Amil_Acropora_millepora_21096
>Tyw5-209_Apal_XM_021037203.2	35	940	Apal_XM_021037203.2
>Tyw5-209_Apoc_chromosome_1.810_1	43	936	Apoc_chromosome_1.810_1
>Tyw5-209_Aque_XM_011407397.2	89	997	Aque_XM_011407397.2
>Tyw5-209_Cgig_G30630.1	817	1698	Cgig_G30630.1
>Tyw5-209_Emue_Em0010g680a.t1	106	996	Emue_Em0010g680a.t1
>Tyw5-209_Gasp_gasp1.m3.28489.m1	104	976	Gasp_gasp1.m3.28489.m1
>Tyw5-209_Gfas_gfas1.m1.15441.m1	179	1075	Gfas_gfas1.m1.15441.m1
>Tyw5-209_Hsal_ENA_GHBP01003042_GHBP01003042.1	230	559	Hsal_ENA_GHBP01003042_GHBP01003042.1
>Tyw5-209_Kiwa_ENA_GBGI01010562_GBGI01010562.1	549	1247	Kiwa_ENA_GBGI01010562_GBGI01010562.1
>Tyw5-209_Mcap_g5863	43	933	Mcap_g5863
>Tyw5-209_Nvec_XM_001634984.2	1392	2321	Nvec_XM_001634984.2
>Tyw5-209_Pbac_AVPN01021177.1	1113	1772	Pbac_AVPN01021177.1
>Tyw5-209_Pdam_Pocillopora_damicornis_3499	25	738	Pdam_Pocillopora_damicornis_3499
>Tyw5-209_Plut_plut2.m8.2084.m1	136	1011	Plut_plut2.m8.2084.m1
>Tyw5-209_Prus_36824_t	6	881	Prus_36824_t
>Tyw5-209_Pver_TRINITY_DN10556_c0_g1_i1	599	1456	Pver_TRINITY_DN10556_c0_g1_i1
>Tyw5-209_Spis_Stylophora_pistillata_21066	433	1290	Spis_Stylophora_pistillata_21066
>Uty-201_Adig_Acropora_digitifera_15458	1060	2499	Adig_Acropora_digitifera_15458
>Uty-201_Amil_Acropora_millepora_1491	2365	3804	Amil_Acropora_millepora_1491
>Uty-201_Apal_XM_028661146.1	2554	3843	Apal_XM_028661146.1
>Uty-201_Apoc_chromosome_7.1353_1	2203	3576	Apoc_chromosome_7.1353_1
>Uty-201_Aque_XM_020008684.1	1192	2499	Aque_XM_020008684.1
>Uty-201_Cgig_G16431.1	2053	3513	Cgig_G16431.1
>Uty-201_Emue_Em0021g24a.t1	1588	2919	Emue_Em0021g24a.t1
>Uty-201_Gasp_gasp1.m3.23117.m1	2784	4049	Gasp_gasp1.m3.23117.m1
>Uty-201_Gfas_gfas1.m1.18714.m1	2866	4317	Gfas_gfas1.m1.18714.m1
>Uty-201_Mcap_g43845	2434	3807	Mcap_g43845
>Uty-201_Nvec_XM_032380232.1	2599	3981	Nvec_XM_032380232.1
>Uty-201_Pbac_AVPN01001273.1	9263	10039	Pbac_AVPN01001273.1
>Uty-201_Pdam_Pocillopora_damicornis_11329	82	375	Pdam_Pocillopora_damicornis_11329
>Uty-201_Plut_plut2.m8.9149.m1	3593	4975	Plut_plut2.m8.9149.m1
>Uty-201_Prus_Prusg15094.t1	592	792	Prus_Prusg15094.t1
>Uty-201_Pver_TRINITY_DN2642_c0_g2_i1	2780	4150	Pver_TRINITY_DN2642_c0_g2_i1
>Uty-201_Spis_Stylophora_pistillata_12883	1084	2454	Spis_Stylophora_pistillata_12883
