>APBB1-221_Adig_Acropora_digitifera_1503	2452	3354	Adig_Acropora_digitifera_1503
>APBB1-221_Ahya_Acropora_hyacinthus_343	160	315	Ahya_Acropora_hyacinthus_343
>APBB1-221_Amil_Acropora_millepora_1649	2434	3336	Amil_Acropora_millepora_1649
>APBB1-221_Apal_XM_028660433.1	1841	2872	Apal_XM_028660433.1
>APBB1-221_Apoc_chromosome_6.2164_1	2296	3201	Apoc_chromosome_6.2164_1
>APBB1-221_Aque_XM_020001762.1	2625	3449	Aque_XM_020001762.1
>APBB1-221_Cgig_G27402.2	1030	2043	Cgig_G27402.2
>APBB1-221_Emue_Em0022g287a.t1	2227	2604	Emue_Em0022g287a.t1
>APBB1-221_Gasp_gasp1.m3.17494.m1	10	945	Gasp_gasp1.m3.17494.m1
>APBB1-221_Gfas_gfas1.m1.23221.m1	2476	3513	Gfas_gfas1.m1.23221.m1
>APBB1-221_Mcap_g12401	2296	2925	Mcap_g12401
>APBB1-221_Nvec_XM_032370847.1	2149	3192	Nvec_XM_032370847.1
>APBB1-221_Plut_plut2.m8.6862.m1	2759	3661	Plut_plut2.m8.6862.m1
>APBB1-221_Prus_37769_t	52	435	Prus_37769_t
>APBB1-221_Pver_TRINITY_DN6217_c0_g1_i4	3181	3822	Pver_TRINITY_DN6217_c0_g1_i4
>APBB1-221_Spis_Stylophora_pistillata_16593	1432	2343	Spis_Stylophora_pistillata_16593
>ATM-229_Adig_Acropora_digitifera_15040	214	1743	Adig_Acropora_digitifera_15040
>ATM-229_Ahya_Acropora_hyacinthus_11340	34	312	Ahya_Acropora_hyacinthus_11340
>ATM-229_Amil_Acropora_millepora_3322	1	2436	Amil_Acropora_millepora_3322
>ATM-229_Apal_XM_028659142.1	3190	6660	Apal_XM_028659142.1
>ATM-229_Apoc_chromosome_10.3112_1	3133	9417	Apoc_chromosome_10.3112_1
>ATM-229_Aque_XM_020000804.1	138	5792	Aque_XM_020000804.1
>ATM-229_Cgig_G21711.1	2752	9060	Cgig_G21711.1
>ATM-229_Emue_Em0023g444a.t1	5611	8877	Emue_Em0023g444a.t1
>ATM-229_Gasp_gasp1.m3.6032.m1	2420	8488	Gasp_gasp1.m3.6032.m1
>ATM-229_Gfas_gfas1.m1.19736.m1	1	4524	Gfas_gfas1.m1.19736.m1
>ATM-229_Hsal_ENA_GHBP01001336_GHBP01001336.1	274	1254	Hsal_ENA_GHBP01001336_GHBP01001336.1
>ATM-229_Kiwa_ENA_GBGI01016729_GBGI01016729.1	1741	92	Kiwa_ENA_GBGI01016729_GBGI01016729.1
>ATM-229_Mcap_adi2mcaRNA5846_R0	2776	6006	Mcap_adi2mcaRNA5846_R0
>ATM-229_Msqu_ENA_GHBR01000003_GHBR01000003.1	2523	3242	Msqu_ENA_GHBR01000003_GHBR01000003.1
>ATM-229_Nvec_XM_032376586.1	3097	9564	Nvec_XM_032376586.1
>ATM-229_Pbac_AVPN01002953.1	4231	3605	Pbac_AVPN01002953.1
>ATM-229_Pdam_Pocillopora_damicornis_7199	22	1239	Pdam_Pocillopora_damicornis_7199
>ATM-229_Plut_plut2.m8.5690.m1	8	3205	Plut_plut2.m8.5690.m1
>ATM-229_Prus_490_t	23	2929	Prus_490_t
>ATM-229_Pver_TRINITY_DN8199_c0_g1_i4	2142	8642	Pver_TRINITY_DN8199_c0_g1_i4
>ATM-229_Spis_Stylophora_pistillata_12804	2137	8325	Spis_Stylophora_pistillata_12804
>ATR-201_Adig_Acropora_digitifera_15040	4	1743	Adig_Acropora_digitifera_15040
>ATR-201_Amil_Acropora_millepora_1767	7	4092	Amil_Acropora_millepora_1767
>ATR-201_Apal_XM_021039792.2	304	8238	Apal_XM_021039792.2
>ATR-201_Apoc_chromosome_8.1747_1	1825	7245	Apoc_chromosome_8.1747_1
>ATR-201_Aque_XM_019994755.1	2256	7613	Aque_XM_019994755.1
>ATR-201_Cgig_G13675.2	1	2241	Cgig_G13675.2
>ATR-201_Emue_Em0016g527a.t1	10	3555	Emue_Em0016g527a.t1
>ATR-201_Gasp_gasp1.m3.25783.m1	38	2995	Gasp_gasp1.m3.25783.m1
>ATR-201_Gfas_gfas1.m1.17236.m1	153	6854	Gfas_gfas1.m1.17236.m1
>ATR-201_Hsal_ENA_GHBP01001336_GHBP01001336.1	1	1254	Hsal_ENA_GHBP01001336_GHBP01001336.1
>ATR-201_Kiwa_ENA_GBGI01007071_GBGI01007071.1	2066	3214	Kiwa_ENA_GBGI01007071_GBGI01007071.1
>ATR-201_Mcap_g48771	3760	8754	Mcap_g48771
>ATR-201_Msqu_ENA_GHBR01005455_GHBR01005455.1	27	485	Msqu_ENA_GHBR01005455_GHBR01005455.1
>ATR-201_Nvec_XM_032363055.1	3451	8619	Nvec_XM_032363055.1
>ATR-201_Pbac_AVPN01000002.1	182360	182112	Pbac_AVPN01000002.1
>ATR-201_Pdam_Pocillopora_damicornis_7199	94	1248	Pdam_Pocillopora_damicornis_7199
>ATR-201_Plut_plut2.m8.9853.m1	79	1974	Plut_plut2.m8.9853.m1
>ATR-201_Prus_490_t	164	2929	Prus_490_t
>ATR-201_Pver_TRINITY_DN9861_c0_g1_i2	2397	8198	Pver_TRINITY_DN9861_c0_g1_i2
>ATR-201_Spis_Stylophora_pistillata_21376	1	4623	Spis_Stylophora_pistillata_21376
>AURKA-208_Adig_Acropora_digitifera_13882	142	1131	Adig_Acropora_digitifera_13882
>AURKA-208_Ahya_Acropora_hyacinthus_2662	31	900	Ahya_Acropora_hyacinthus_2662
>AURKA-208_Amil_Acropora_millepora_8339	10	906	Amil_Acropora_millepora_8339
>AURKA-208_Apal_XM_021047412.2	201	1118	Apal_XM_021047412.2
>AURKA-208_Apoc_chromosome_14.7083_1	181	1155	Apoc_chromosome_14.7083_1
>AURKA-208_Aque_XM_019993922.1	423	1226	Aque_XM_019993922.1
>AURKA-208_Cgig_G23184.6	49	915	Cgig_G23184.6
>AURKA-208_Emue_Em0006g1249a.t1	34	903	Emue_Em0006g1249a.t1
>AURKA-208_Gasp_gasp1.m3.3364.m1	293	1318	Gasp_gasp1.m3.3364.m1
>AURKA-208_Gfas_gfas1.m1.14922.m1	325	1254	Gfas_gfas1.m1.14922.m1
>AURKA-208_Hsal_ENA_GHBP01003195_GHBP01003195.1	114	866	Hsal_ENA_GHBP01003195_GHBP01003195.1
>AURKA-208_Kiwa_ENA_GBGI01020131_GBGI01020131.1	358	1260	Kiwa_ENA_GBGI01020131_GBGI01020131.1
>AURKA-208_Mcap_g71132	106	1128	Mcap_g71132
>AURKA-208_Msqu_ENA_GHBR01000709_GHBR01000709.1	388	1188	Msqu_ENA_GHBR01000709_GHBR01000709.1
>AURKA-208_Nvec_XM_032375338.1	312	1172	Nvec_XM_032375338.1
>AURKA-208_Pbac_AVPN01019333.1	238	1005	Pbac_AVPN01019333.1
>AURKA-208_Pdam_Pocillopora_damicornis_10008	16	861	Pdam_Pocillopora_damicornis_10008
>AURKA-208_Plut_plut2.m8.10296.m1	321	1274	Plut_plut2.m8.10296.m1
>AURKA-208_Prus_30864_t	304	1257	Prus_30864_t
>AURKA-208_Pver_TRINITY_DN5555_c0_g1_i1	139	1212	Pver_TRINITY_DN5555_c0_g1_i1
>AURKA-208_Spis_Stylophora_pistillata_11021	55	1125	Spis_Stylophora_pistillata_11021
>AURKB-214_Adig_Acropora_digitifera_8293	256	1245	Adig_Acropora_digitifera_8293
>AURKB-214_Ahya_Acropora_hyacinthus_2662	115	900	Ahya_Acropora_hyacinthus_2662
>AURKB-214_Amil_Acropora_millepora_6275	193	1191	Amil_Acropora_millepora_6275
>AURKB-214_Apal_XM_021060032.2	144	1019	Apal_XM_021060032.2
>AURKB-214_Apoc_chromosome_14.7083_1	295	1209	Apoc_chromosome_14.7083_1
>AURKB-214_Aque_XM_019993922.1	423	1211	Aque_XM_019993922.1
>AURKB-214_Cgig_G23184.7	16	930	Cgig_G23184.7
>AURKB-214_Emue_Em0020g873a.t1	16	870	Emue_Em0020g873a.t1
>AURKB-214_Gasp_gasp1.m3.3364.m1	404	1297	Gasp_gasp1.m3.3364.m1
>AURKB-214_Gfas_gfas1.m1.14922.m1	352	1284	Gfas_gfas1.m1.14922.m1
>AURKB-214_Hsal_ENA_GHBP01002127_GHBP01002127.1	63	974	Hsal_ENA_GHBP01002127_GHBP01002127.1
>AURKB-214_Kiwa_ENA_GBGI01000152_GBGI01000152.1	1113	286	Kiwa_ENA_GBGI01000152_GBGI01000152.1
>AURKB-214_Mcap_g71132	286	1149	Mcap_g71132
>AURKB-214_Msqu_ENA_GHBR01001194_GHBR01001194.1	75	893	Msqu_ENA_GHBR01001194_GHBR01001194.1
>AURKB-214_Nvec_XM_032375338.1	384	1181	Nvec_XM_032375338.1
>AURKB-214_Pbac_AVPN01010171.1	963	1754	Pbac_AVPN01010171.1
>AURKB-214_Pdam_Pocillopora_damicornis_2328	1	831	Pdam_Pocillopora_damicornis_2328
>AURKB-214_Plut_plut2.m8.19084.m1	1767	2681	Plut_plut2.m8.19084.m1
>AURKB-214_Prus_350_t	1414	2310	Prus_350_t
>AURKB-214_Pver_TRINITY_DN8556_c0_g1_i1	209	994	Pver_TRINITY_DN8556_c0_g1_i1
>AURKB-214_Spis_Stylophora_pistillata_6936	1381	2169	Spis_Stylophora_pistillata_6936
>AURKC-201_Adig_Acropora_digitifera_8293	406	1245	Adig_Acropora_digitifera_8293
>AURKC-201_Ahya_Acropora_hyacinthus_2662	94	894	Ahya_Acropora_hyacinthus_2662
>AURKC-201_Amil_Acropora_millepora_11210	325	1245	Amil_Acropora_millepora_11210
>AURKC-201_Apal_XM_021046694.1	11	865	Apal_XM_021046694.1
>AURKC-201_Apoc_chromosome_14.7083_1	310	1173	Apoc_chromosome_14.7083_1
>AURKC-201_Aque_XM_019993922.1	363	1196	Aque_XM_019993922.1
>AURKC-201_Cgig_G23184.6	106	888	Cgig_G23184.6
>AURKC-201_Emue_Em0018g1081a.t1	169	1029	Emue_Em0018g1081a.t1
>AURKC-201_Gasp_gasp1.m3.3364.m1	443	1297	Gasp_gasp1.m3.3364.m1
>AURKC-201_Gfas_gfas1.m1.14922.m1	391	1290	Gfas_gfas1.m1.14922.m1
>AURKC-201_Hsal_ENA_GHBP01005142_GHBP01005142.1	34	783	Hsal_ENA_GHBP01005142_GHBP01005142.1
>AURKC-201_Kiwa_ENA_GBGI01022171_GBGI01022171.1	207	1115	Kiwa_ENA_GBGI01022171_GBGI01022171.1
>AURKC-201_Mcap_g31789	448	1371	Mcap_g31789
>AURKC-201_Msqu_ENA_GHBR01000709_GHBR01000709.1	388	1212	Msqu_ENA_GHBR01000709_GHBR01000709.1
>AURKC-201_Nvec_XM_032375338.1	351	1181	Nvec_XM_032375338.1
>AURKC-201_Pbac_AVPN01019333.1	217	1002	Pbac_AVPN01019333.1
>AURKC-201_Pdam_Pocillopora_damicornis_10008	58	876	Pdam_Pocillopora_damicornis_10008
>AURKC-201_Plut_plut2.m8.20508.m1	219	1073	Plut_plut2.m8.20508.m1
>AURKC-201_Prus_350_t	1564	2406	Prus_350_t
>AURKC-201_Pver_TRINITY_DN5555_c0_g1_i1	427	1206	Pver_TRINITY_DN5555_c0_g1_i1
>AURKC-201_Spis_Stylophora_pistillata_11021	286	1119	Spis_Stylophora_pistillata_11021
>BAZ1B-201_Adig_Acropora_digitifera_9555	1684	3627	Adig_Acropora_digitifera_9555
>BAZ1B-201_Ahya_Acropora_hyacinthus_4626	190	738	Ahya_Acropora_hyacinthus_4626
>BAZ1B-201_Amil_Acropora_millepora_1839	1453	3678	Amil_Acropora_millepora_1839
>BAZ1B-201_Apal_XM_021043113.2	2118	2396	Apal_XM_021043113.2
>BAZ1B-201_Apoc_chromosome_14.60_1	1807	3777	Apoc_chromosome_14.60_1
>BAZ1B-201_Aque_XM_019995031.1	6787	7485	Aque_XM_019995031.1
>BAZ1B-201_Cgig_G3854.4	1231	3657	Cgig_G3854.4
>BAZ1B-201_Emue_Em0019g197a.t1	2107	3993	Emue_Em0019g197a.t1
>BAZ1B-201_Gasp_gasp1.m3.16225.m1	1	1311	Gasp_gasp1.m3.16225.m1
>BAZ1B-201_Gfas_gfas1.m1.7264.m1	211	1977	Gfas_gfas1.m1.7264.m1
>BAZ1B-201_Hsal_ENA_GHBP01002064_GHBP01002064.1	300	617	Hsal_ENA_GHBP01002064_GHBP01002064.1
>BAZ1B-201_Kiwa_ENA_GBGI01017577_GBGI01017577.1	744	520	Kiwa_ENA_GBGI01017577_GBGI01017577.1
>BAZ1B-201_Mcap_g37496	1291	3189	Mcap_g37496
>BAZ1B-201_Msqu_ENA_GHBR01000417_GHBR01000417.1	997	1308	Msqu_ENA_GHBR01000417_GHBR01000417.1
>BAZ1B-201_Nvec_XM_032375712.1	1314	3320	Nvec_XM_032375712.1
>BAZ1B-201_Pbac_AVPN01000368.1	37236	36499	Pbac_AVPN01000368.1
>BAZ1B-201_Pdam_Pocillopora_damicornis_7066	568	942	Pdam_Pocillopora_damicornis_7066
>BAZ1B-201_Plut_plut2.m8.19972.m1	134	1231	Plut_plut2.m8.19972.m1
>BAZ1B-201_Prus_Prusg19317.t1	28	936	Prus_Prusg19317.t1
>BAZ1B-201_Pver_TRINITY_DN7583_c0_g1_i1	1817	3811	Pver_TRINITY_DN7583_c0_g1_i1
>BAZ1B-201_Spis_Stylophora_pistillata_8360	1795	3771	Spis_Stylophora_pistillata_8360
>BIRC5-202_Adig_Acropora_digitifera_6809	1633	1836	Adig_Acropora_digitifera_6809
>BIRC5-202_Amil_Acropora_millepora_28792	106	405	Amil_Acropora_millepora_28792
>BIRC5-202_Apal_XM_021056779.2	65	490	Apal_XM_021056779.2
>BIRC5-202_Apoc_chromosome_5.353_1	46	342	Apoc_chromosome_5.353_1
>BIRC5-202_Aque_XM_003392002.3	94	390	Aque_XM_003392002.3
>BIRC5-202_Cgig_G1027.2	37	342	Cgig_G1027.2
>BIRC5-202_Emue_Em0019g871a.t1	742	984	Emue_Em0019g871a.t1
>BIRC5-202_Gasp_gasp1.m3.26356.m1	43	339	Gasp_gasp1.m3.26356.m1
>BIRC5-202_Gfas_gfas1.m1.8204.m1	89	463	Gfas_gfas1.m1.8204.m1
>BIRC5-202_Hsal_ENA_GHBP01027840_GHBP01027840.1	215	319	Hsal_ENA_GHBP01027840_GHBP01027840.1
>BIRC5-202_Kiwa_ENA_GBGI01012230_GBGI01012230.1	4445	4143	Kiwa_ENA_GBGI01012230_GBGI01012230.1
>BIRC5-202_Mcap_g70711	46	342	Mcap_g70711
>BIRC5-202_Msqu_ENA_GHBR01004979_GHBR01004979.1	80	448	Msqu_ENA_GHBR01004979_GHBR01004979.1
>BIRC5-202_Nvec_XM_001624696.2	143	445	Nvec_XM_001624696.2
>BIRC5-202_Pdam_Pocillopora_damicornis_6670	43	330	Pdam_Pocillopora_damicornis_6670
>BIRC5-202_Plut_plut2.m8.6174.m1	83	457	Plut_plut2.m8.6174.m1
>BIRC5-202_Prus_Prusg13548.t1	1	306	Prus_Prusg13548.t1
>BIRC5-202_Pver_TRINITY_DN5384_c0_g1_i1	88	459	Pver_TRINITY_DN5384_c0_g1_i1
>BIRC5-202_Spis_Stylophora_pistillata_18826	40	411	Spis_Stylophora_pistillata_18826
>BUB1-201_Adig_Acropora_digitifera_4473	400	2337	Adig_Acropora_digitifera_4473
>BUB1-201_Ahya_Acropora_hyacinthus_11148	16	303	Ahya_Acropora_hyacinthus_11148
>BUB1-201_Amil_Acropora_millepora_3860	2887	3906	Amil_Acropora_millepora_3860
>BUB1-201_Apal_XM_028660631.1	1949	2614	Apal_XM_028660631.1
>BUB1-201_Apoc_chromosome_11.888_1	2977	3984	Apoc_chromosome_11.888_1
>BUB1-201_Aque_XM_019994965.1	2229	2960	Aque_XM_019994965.1
>BUB1-201_Cgig_G16362.1	2617	3675	Cgig_G16362.1
>BUB1-201_Emue_Em0019g347a.t1	2029	2787	Emue_Em0019g347a.t1
>BUB1-201_Gasp_gasp1.m3.17206.m1	2924	3961	Gasp_gasp1.m3.17206.m1
>BUB1-201_Gfas_gfas1.m1.6865.m1	2782	3825	Gfas_gfas1.m1.6865.m1
>BUB1-201_Kiwa_ENA_GBGI01017760_GBGI01017760.1	1008	250	Kiwa_ENA_GBGI01017760_GBGI01017760.1
>BUB1-201_Mcap_g37957	2227	3240	Mcap_g37957
>BUB1-201_Msqu_ENA_GHBR01000447_GHBR01000447.1	185	562	Msqu_ENA_GHBR01000447_GHBR01000447.1
>BUB1-201_Nvec_XM_001640469.2	3400	4446	Nvec_XM_001640469.2
>BUB1-201_Pbac_AVPN01018231.1	22651	21674	Pbac_AVPN01018231.1
>BUB1-201_Pdam_Pocillopora_damicornis_9251	373	960	Pdam_Pocillopora_damicornis_9251
>BUB1-201_Plut_plut2.m8.15992.m1	233	655	Plut_plut2.m8.15992.m1
>BUB1-201_Prus_11261_t	841	2811	Prus_11261_t
>BUB1-201_Pver_TRINITY_DN12765_c0_g2_i1	2941	3969	Pver_TRINITY_DN12765_c0_g2_i1
>BUB1-201_Spis_Stylophora_pistillata_15738	676	1704	Spis_Stylophora_pistillata_15738
>CDK1-203_Adig_Acropora_digitifera_6761	1	885	Adig_Acropora_digitifera_6761
>CDK1-203_Ahya_Acropora_hyacinthus_4394	1	873	Ahya_Acropora_hyacinthus_4394
>CDK1-203_Amil_Acropora_millepora_18927	1	885	Amil_Acropora_millepora_18927
>CDK1-203_Apal_XM_021043992.2	134	1009	Apal_XM_021043992.2
>CDK1-203_Apoc_chromosome_9.110_1	1	888	Apoc_chromosome_9.110_1
>CDK1-203_Aque_XM_011409413.2	47	925	Aque_XM_011409413.2
>CDK1-203_Cgig_G394.9	1	873	Cgig_G394.9
>CDK1-203_Emue_Em0001g2262a.t1	574	1503	Emue_Em0001g2262a.t1
>CDK1-203_Gasp_gasp1.m3.7055.m1	75	965	Gasp_gasp1.m3.7055.m1
>CDK1-203_Gfas_gfas1.m1.9344.m1	633	1517	Gfas_gfas1.m1.9344.m1
>CDK1-203_Hsal_ENA_GHBP01001614_GHBP01001614.1	285	1175	Hsal_ENA_GHBP01001614_GHBP01001614.1
>CDK1-203_Kiwa_ENA_GBGI01004508_GBGI01004508.1	901	47	Kiwa_ENA_GBGI01004508_GBGI01004508.1
>CDK1-203_Mcap_g25192	1	885	Mcap_g25192
>CDK1-203_Msqu_ENA_GHBR01001300_GHBR01001300.1	120	1034	Msqu_ENA_GHBR01001300_GHBR01001300.1
>CDK1-203_Nvec_XM_001633416.2	569	1447	Nvec_XM_001633416.2
>CDK1-203_Pbac_AVPN01002465.1	14011	13070	Pbac_AVPN01002465.1
>CDK1-203_Pdam_Pocillopora_damicornis_12322	196	1089	Pdam_Pocillopora_damicornis_12322
>CDK1-203_Plut_plut2.m8.503.m1	87	1076	Plut_plut2.m8.503.m1
>CDK1-203_Prus_37023_t	427	1311	Prus_37023_t
>CDK1-203_Pver_TRINITY_DN45801_c0_g1_i1	86	970	Pver_TRINITY_DN45801_c0_g1_i1
>CDK1-203_Spis_Stylophora_pistillata_4899	1951	2832	Spis_Stylophora_pistillata_4899
>CDK8-201_Adig_Acropora_digitifera_15388	1	1080	Adig_Acropora_digitifera_15388
>CDK8-201_Ahya_Acropora_hyacinthus_4436	112	981	Ahya_Acropora_hyacinthus_4436
>CDK8-201_Amil_Acropora_millepora_17284	1	1080	Amil_Acropora_millepora_17284
>CDK8-201_Apal_XM_021046604.2	67	1161	Apal_XM_021046604.2
>CDK8-201_Apoc_chromosome_10.1903_1	1	1089	Apoc_chromosome_10.1903_1
>CDK8-201_Aque_XM_011407535.2	96	1193	Aque_XM_011407535.2
>CDK8-201_Cgig_G16943.7	1	1314	Cgig_G16943.7
>CDK8-201_Emue_Em0023g710a.t1	1	1320	Emue_Em0023g710a.t1
>CDK8-201_Gasp_gasp1.m3.2606.m1	113	1303	Gasp_gasp1.m3.2606.m1
>CDK8-201_Gfas_gfas1.m1.18311.m1	1	1158	Gfas_gfas1.m1.18311.m1
>CDK8-201_Hsal_ENA_GHBP01001614_GHBP01001614.1	258	1169	Hsal_ENA_GHBP01001614_GHBP01001614.1
>CDK8-201_Kiwa_ENA_GBGI01006666_GBGI01006666.1	205	1143	Kiwa_ENA_GBGI01006666_GBGI01006666.1
>CDK8-201_Mcap_g27645	2131	3003	Mcap_g27645
>CDK8-201_Msqu_ENA_GHBR01000718_GHBR01000718.1	89	1030	Msqu_ENA_GHBR01000718_GHBR01000718.1
>CDK8-201_Nvec_XM_032370027.1	67	1155	Nvec_XM_032370027.1
>CDK8-201_Pbac_AVPN01000039.1	134088	133252	Pbac_AVPN01000039.1
>CDK8-201_Pdam_Pocillopora_damicornis_28258	25	879	Pdam_Pocillopora_damicornis_28258
>CDK8-201_Plut_plut2.m8.24636.m1	37	1116	Plut_plut2.m8.24636.m1
>CDK8-201_Prus_Prusg20204.t1	91	987	Prus_Prusg20204.t1
>CDK8-201_Pver_TRINITY_DN217_c0_g1_i1	151	1230	Pver_TRINITY_DN217_c0_g1_i1
>CDK8-201_Spis_Stylophora_pistillata_12381	46	1125	Spis_Stylophora_pistillata_12381
>CHEK1-204_Adig_Acropora_digitifera_8326	4	1410	Adig_Acropora_digitifera_8326
>CHEK1-204_Ahya_Acropora_hyacinthus_5305	73	840	Ahya_Acropora_hyacinthus_5305
>CHEK1-204_Amil_Acropora_millepora_5070	4	1410	Amil_Acropora_millepora_5070
>CHEK1-204_Apal_XM_021037417.2	118	1521	Apal_XM_021037417.2
>CHEK1-204_Apoc_chromosome_7.2390_1	10	1401	Apoc_chromosome_7.2390_1
>CHEK1-204_Aque_XM_019998378.1	147	1475	Aque_XM_019998378.1
>CHEK1-204_Cgig_G27648.2	40	1434	Cgig_G27648.2
>CHEK1-204_Emue_Em0003g1353a.t1	19	1326	Emue_Em0003g1353a.t1
>CHEK1-204_Gasp_gasp1.m3.28174.m1	234	1622	Gasp_gasp1.m3.28174.m1
>CHEK1-204_Gfas_gfas1.m1.5841.m1	75	1487	Gfas_gfas1.m1.5841.m1
>CHEK1-204_Hsal_ENA_GHBP01002488_GHBP01002488.1	2	826	Hsal_ENA_GHBP01002488_GHBP01002488.1
>CHEK1-204_Kiwa_ENA_GBGI01006762_GBGI01006762.1	45	1109	Kiwa_ENA_GBGI01006762_GBGI01006762.1
>CHEK1-204_Mcap_g1880	4	1404	Mcap_g1880
>CHEK1-204_Msqu_ENA_GHBR01001194_GHBR01001194.1	120	878	Msqu_ENA_GHBR01001194_GHBR01001194.1
>CHEK1-204_Nvec_XM_032369832.1	137	1570	Nvec_XM_032369832.1
>CHEK1-204_Pbac_AVPN01002915.1	8734	9516	Pbac_AVPN01002915.1
>CHEK1-204_Pdam_Pocillopora_damicornis_10008	61	855	Pdam_Pocillopora_damicornis_10008
>CHEK1-204_Plut_plut2.m8.17222.m1	76	1491	Plut_plut2.m8.17222.m1
>CHEK1-204_Prus_19193_t	1	1107	Prus_19193_t
>CHEK1-204_Pver_TRINITY_DN10290_c0_g1_i1	79	1509	Pver_TRINITY_DN10290_c0_g1_i1
>CHEK1-204_Spis_Stylophora_pistillata_7351	4	1407	Spis_Stylophora_pistillata_7351
>Chuk-201_Adig_Acropora_digitifera_13508	145	1527	Adig_Acropora_digitifera_13508
>Chuk-201_Ahya_Acropora_hyacinthus_2662	124	780	Ahya_Acropora_hyacinthus_2662
>Chuk-201_Amil_Acropora_millepora_7081	43	1998	Amil_Acropora_millepora_7081
>Chuk-201_Apal_XM_021061102.2	147	2105	Apal_XM_021061102.2
>Chuk-201_Apoc_chromosome_14.633_1	3568	5478	Apoc_chromosome_14.633_1
>Chuk-201_Aque_XM_003384118.3	220	831	Aque_XM_003384118.3
>Chuk-201_Cgig_G1756.1	88	2052	Cgig_G1756.1
>Chuk-201_Emue_Em0010g935a.t1	616	1413	Emue_Em0010g935a.t1
>Chuk-201_Gasp_gasp1.m3.26162.m1	69	1949	Gasp_gasp1.m3.26162.m1
>Chuk-201_Gfas_gfas1.m1.21802.m1	518	1150	Gfas_gfas1.m1.21802.m1
>Chuk-201_Hsal_ENA_GHBP01005142_GHBP01005142.1	109	723	Hsal_ENA_GHBP01005142_GHBP01005142.1
>Chuk-201_Kiwa_ENA_GBGI01016956_GBGI01016956.1	3187	2603	Kiwa_ENA_GBGI01016956_GBGI01016956.1
>Chuk-201_Mcap_g69959	1	1761	Mcap_g69959
>Chuk-201_Msqu_ENA_GHBR01001194_GHBR01001194.1	129	719	Msqu_ENA_GHBR01001194_GHBR01001194.1
>Chuk-201_Nvec_XM_032382206.1	227	2143	Nvec_XM_032382206.1
>Chuk-201_Pbac_AVPN01004817.1	3617	2637	Pbac_AVPN01004817.1
>Chuk-201_Pdam_Pocillopora_damicornis_8025	25	984	Pdam_Pocillopora_damicornis_8025
>Chuk-201_Plut_plut2.m8.4457.m1	281	2161	Plut_plut2.m8.4457.m1
>Chuk-201_Prus_Prusg13928.t1	1303	2244	Prus_Prusg13928.t1
>Chuk-201_Pver_TRINITY_DN4707_c0_g1_i3	314	2227	Pver_TRINITY_DN4707_c0_g1_i3
>Chuk-201_Spis_Stylophora_pistillata_20851	1	1050	Spis_Stylophora_pistillata_20851
>CSNK2B-203_Adig_Acropora_digitifera_3953	10	627	Adig_Acropora_digitifera_3953
>CSNK2B-203_Ahya_Acropora_hyacinthus_5177	4	621	Ahya_Acropora_hyacinthus_5177
>CSNK2B-203_Amil_Acropora_millepora_17736	10	627	Amil_Acropora_millepora_17736
>CSNK2B-203_Apal_XM_021059598.2	183	767	Apal_XM_021059598.2
>CSNK2B-203_Apoc_chromosome_13.4072_1	1	615	Apoc_chromosome_13.4072_1
>CSNK2B-203_Aque_XM_003384967.3	122	742	Aque_XM_003384967.3
>CSNK2B-203_Cgig_G24590.27	1	636	Cgig_G24590.27
>CSNK2B-203_Emue_Em0016g82a.t1	85	513	Emue_Em0016g82a.t1
>CSNK2B-203_Gasp_gasp1.m3.10923.m1	242	856	Gasp_gasp1.m3.10923.m1
>CSNK2B-203_Gfas_gfas1.m1.16049.m1	7	633	Gfas_gfas1.m1.16049.m1
>CSNK2B-203_Hsal_ENA_GHBP01018272_GHBP01018272.1	1	324	Hsal_ENA_GHBP01018272_GHBP01018272.1
>CSNK2B-203_Kiwa_ENA_GBGI01003139_GBGI01003139.1	105	707	Kiwa_ENA_GBGI01003139_GBGI01003139.1
>CSNK2B-203_Mcap_g27334	7	645	Mcap_g27334
>CSNK2B-203_Msqu_ENA_GHBR01005850_GHBR01005850.1	67	516	Msqu_ENA_GHBR01005850_GHBR01005850.1
>CSNK2B-203_Nvec_XM_032381736.1	562	1185	Nvec_XM_032381736.1
>CSNK2B-203_Pbac_AVPN01001057.1	22487	22338	Pbac_AVPN01001057.1
>CSNK2B-203_Pdam_Pocillopora_damicornis_2838	1	615	Pdam_Pocillopora_damicornis_2838
>CSNK2B-203_Plut_plut2.m8.20911.m1	1	645	Plut_plut2.m8.20911.m1
>CSNK2B-203_Prus_1657_t	334	480	Prus_1657_t
>CSNK2B-203_Pver_TRINITY_DN3888_c0_g1_i1	705	1028	Pver_TRINITY_DN3888_c0_g1_i1
>CSNK2B-203_Spis_Stylophora_pistillata_500	1	615	Spis_Stylophora_pistillata_500
>DAPK3-202_Adig_Acropora_digitifera_12341	22	900	Adig_Acropora_digitifera_12341
>DAPK3-202_Ahya_Acropora_hyacinthus_5305	46	837	Ahya_Acropora_hyacinthus_5305
>DAPK3-202_Amil_Acropora_millepora_16396	22	900	Amil_Acropora_millepora_16396
>DAPK3-202_Apal_XM_028657058.1	51211	52068	Apal_XM_028657058.1
>DAPK3-202_Apoc_chromosome_13.1337_1	19	909	Apoc_chromosome_13.1337_1
>DAPK3-202_Aque_XM_003382346.2	98	910	Aque_XM_003382346.2
>DAPK3-202_Cgig_G31579.2	91	906	Cgig_G31579.2
>DAPK3-202_Emue_Em0009g1238a.t1	25	846	Emue_Em0009g1238a.t1
>DAPK3-202_Gasp_gasp1.m3.18306.m1	172	1104	Gasp_gasp1.m3.18306.m1
>DAPK3-202_Gfas_gfas1.m1.4557.m1	137	976	Gfas_gfas1.m1.4557.m1
>DAPK3-202_Hsal_ENA_GHBP01003195_GHBP01003195.1	105	863	Hsal_ENA_GHBP01003195_GHBP01003195.1
>DAPK3-202_Kiwa_ENA_GBGI01011282_GBGI01011282.1	1380	532	Kiwa_ENA_GBGI01011282_GBGI01011282.1
>DAPK3-202_Mcap_g46558	25	900	Mcap_g46558
>DAPK3-202_Msqu_ENA_GHBR01000505_GHBR01000505.1	254	1117	Msqu_ENA_GHBR01000505_GHBR01000505.1
>DAPK3-202_Nvec_XM_032366944.1	47927	48790	Nvec_XM_032366944.1
>DAPK3-202_Pbac_AVPN01019333.1	250	1044	Pbac_AVPN01019333.1
>DAPK3-202_Pdam_Pocillopora_damicornis_4142	28	831	Pdam_Pocillopora_damicornis_4142
>DAPK3-202_Plut_plut2.m8.22472.m1	571	1479	Plut_plut2.m8.22472.m1
>DAPK3-202_Prus_21068_t	34519	35364	Prus_21068_t
>DAPK3-202_Pver_TRINITY_DN8087_c0_g1_i15	25499	26356	Pver_TRINITY_DN8087_c0_g1_i15
>DAPK3-202_Spis_Stylophora_pistillata_1507	124	930	Spis_Stylophora_pistillata_1507
>DBF4-201_Adig_Acropora_digitifera_9781	148	1020	Adig_Acropora_digitifera_9781
>DBF4-201_Amil_Acropora_millepora_1949	148	1020	Amil_Acropora_millepora_1949
>DBF4-201_Apal_XM_028663919.1	112	1080	Apal_XM_028663919.1
>DBF4-201_Apoc_chromosome_9.2759_1	148	1020	Apoc_chromosome_9.2759_1
>DBF4-201_Aque_XM_011411515.2	259	1227	Aque_XM_011411515.2
>DBF4-201_Cgig_G237.1	49	1038	Cgig_G237.1
>DBF4-201_Emue_Em0024g278a.t1	91	1143	Emue_Em0024g278a.t1
>DBF4-201_Gasp_gasp1.m3.14524.m1	327	1193	Gasp_gasp1.m3.14524.m1
>DBF4-201_Gfas_gfas1.m1.18175.m1	22	903	Gfas_gfas1.m1.18175.m1
>DBF4-201_Mcap_g31881	148	1020	Mcap_g31881
>DBF4-201_Nvec_XM_032362418.1	518	1360	Nvec_XM_032362418.1
>DBF4-201_Plut_plut2.m8.14701.m1	167	1024	Plut_plut2.m8.14701.m1
>DBF4-201_Prus_11444_t	55	777	Prus_11444_t
>DBF4-201_Pver_TRINITY_DN17291_c0_g1_i1	2	706	Pver_TRINITY_DN17291_c0_g1_i1
>DBF4-201_Spis_Stylophora_pistillata_15790	49	471	Spis_Stylophora_pistillata_15790
>DLK1-202_Adig_Acropora_digitifera_13150	691	1365	Adig_Acropora_digitifera_13150
>DLK1-202_Ahya_Acropora_hyacinthus_1471	1	414	Ahya_Acropora_hyacinthus_1471
>DLK1-202_Amil_Acropora_millepora_1486	682	1557	Amil_Acropora_millepora_1486
>DLK1-202_Apal_XM_021049978.2	944	1696	Apal_XM_021049978.2
>DLK1-202_Apoc_chromosome_11.2728_1	682	1329	Apoc_chromosome_11.2728_1
>DLK1-202_Aque_XM_019994475.1	717	1475	Aque_XM_019994475.1
>DLK1-202_Cgig_G13606.4	688	1335	Cgig_G13606.4
>DLK1-202_Emue_Em0016g106a.t1	1432	2067	Emue_Em0016g106a.t1
>DLK1-202_Gasp_gasp1.m3.5046.m1	13	771	Gasp_gasp1.m3.5046.m1
>DLK1-202_Gfas_gfas1.m1.1581.m1	899	1570	Gfas_gfas1.m1.1581.m1
>DLK1-202_Hsal_ENA_GHBP01000142_GHBP01000142.1	1583	2236	Hsal_ENA_GHBP01000142_GHBP01000142.1
>DLK1-202_Mcap_g24951	1489	2139	Mcap_g24951
>DLK1-202_Nvec_XM_032375478.1	1003	1650	Nvec_XM_032375478.1
>DLK1-202_Pbac_AVPN01000300.1	19500	20204	Pbac_AVPN01000300.1
>DLK1-202_Pdam_Pocillopora_damicornis_3799	112	576	Pdam_Pocillopora_damicornis_3799
>DLK1-202_Plut_plut2.m8.16206.m1	820	1656	Plut_plut2.m8.16206.m1
>DLK1-202_Prus_38771_t	3994	4608	Prus_38771_t
>DLK1-202_Pver_TRINITY_DN11746_c0_g1_i2	994	1653	Pver_TRINITY_DN11746_c0_g1_i2
>DLK1-202_Spis_Stylophora_pistillata_9007	970	1767	Spis_Stylophora_pistillata_9007
>DYRK1A-221_Adig_Acropora_digitifera_13950	163	1551	Adig_Acropora_digitifera_13950
>DYRK1A-221_Ahya_Acropora_hyacinthus_7115	1	600	Ahya_Acropora_hyacinthus_7115
>DYRK1A-221_Amil_Acropora_millepora_3757	163	1551	Amil_Acropora_millepora_3757
>DYRK1A-221_Apal_XM_021043539.1	159	1703	Apal_XM_021043539.1
>DYRK1A-221_Apoc_chromosome_7.304_1	103	1551	Apoc_chromosome_7.304_1
>DYRK1A-221_Aque_XM_003386289.2	591	1823	Aque_XM_003386289.2
>DYRK1A-221_Cgig_G25717.3	115	1452	Cgig_G25717.3
>DYRK1A-221_Emue_Em0005g163a.t1	220	1212	Emue_Em0005g163a.t1
>DYRK1A-221_Gasp_gasp1.m3.20995.m1	205	1614	Gasp_gasp1.m3.20995.m1
>DYRK1A-221_Gfas_gfas1.m1.6358.m1	570	1964	Gfas_gfas1.m1.6358.m1
>DYRK1A-221_Hsal_ENA_GHBP01002311_GHBP01002311.1	66	857	Hsal_ENA_GHBP01002311_GHBP01002311.1
>DYRK1A-221_Kiwa_ENA_GBGI01013439_GBGI01013439.1	340	1365	Kiwa_ENA_GBGI01013439_GBGI01013439.1
>DYRK1A-221_Mcap_g68199	112	1596	Mcap_g68199
>DYRK1A-221_Msqu_ENA_GHBR01000076_GHBR01000076.1	605	1570	Msqu_ENA_GHBR01000076_GHBR01000076.1
>DYRK1A-221_Nvec_XM_032387343.1	582	2054	Nvec_XM_032387343.1
>DYRK1A-221_Pbac_AVPN01000477.1	42470	43318	Pbac_AVPN01000477.1
>DYRK1A-221_Pdam_Pocillopora_damicornis_8497	115	1032	Pdam_Pocillopora_damicornis_8497
>DYRK1A-221_Plut_plut2.m8.10744.m1	565	1515	Plut_plut2.m8.10744.m1
>DYRK1A-221_Prus_2778_t	538	1488	Prus_2778_t
>DYRK1A-221_Pver_TRINITY_DN14096_c0_g1_i1	499	1947	Pver_TRINITY_DN14096_c0_g1_i1
>DYRK1A-221_Spis_Stylophora_pistillata_11701	163	1587	Spis_Stylophora_pistillata_11701
>HASPIN-201_Adig_Acropora_digitifera_11550	1309	2310	Adig_Acropora_digitifera_11550
>HASPIN-201_Amil_Acropora_millepora_8224	1204	2205	Amil_Acropora_millepora_8224
>HASPIN-201_Apal_XM_021043626.2	1388	2281	Apal_XM_021043626.2
>HASPIN-201_Apoc_chromosome_12.469_1	1234	2226	Apoc_chromosome_12.469_1
>HASPIN-201_Aque_XM_020005772.1	456	1448	Aque_XM_020005772.1
>HASPIN-201_Cgig_G14210.5	1327	2322	Cgig_G14210.5
>HASPIN-201_Emue_Em0013g849a.t1	262	1251	Emue_Em0013g849a.t1
>HASPIN-201_Gasp_gasp1.m3.969.m1	1204	2196	Gasp_gasp1.m3.969.m1
>HASPIN-201_Gfas_gfas1.m1.586.m1	1222	2265	Gfas_gfas1.m1.586.m1
>HASPIN-201_Mcap_g64765	1189	2082	Mcap_g64765
>HASPIN-201_Nvec_XM_001623187.2	1554	2570	Nvec_XM_001623187.2
>HASPIN-201_Pbac_AVPN01001057.1	10271	10107	Pbac_AVPN01001057.1
>HASPIN-201_Pdam_Pocillopora_damicornis_9175	64	891	Pdam_Pocillopora_damicornis_9175
>HASPIN-201_Plut_plut2.m8.4798.m1	1138	2130	Plut_plut2.m8.4798.m1
>HASPIN-201_Prus_12350_t	1111	2103	Prus_12350_t
>HASPIN-201_Pver_TRINITY_DN12591_c0_g1_i1	627	1637	Pver_TRINITY_DN12591_c0_g1_i1
>HIRA-201_Adig_Acropora_digitifera_16514	1	1503	Adig_Acropora_digitifera_16514
>HIRA-201_Ahya_Acropora_hyacinthus_4841	574	936	Ahya_Acropora_hyacinthus_4841
>HIRA-201_Amil_Acropora_millepora_4984	1	1503	Amil_Acropora_millepora_4984
>HIRA-201_Apal_XM_021052879.2	388	1893	Apal_XM_021052879.2
>HIRA-201_Apoc_chromosome_4.2207_1	19	1491	Apoc_chromosome_4.2207_1
>HIRA-201_Aque_XM_003388532.2	64	1452	Aque_XM_003388532.2
>HIRA-201_Cgig_G21291.1	1	1377	Cgig_G21291.1
>HIRA-201_Emue_Em0163g2a.t1	1	1278	Emue_Em0163g2a.t1
>HIRA-201_Gasp_gasp1.m3.7473.m1	142	1677	Gasp_gasp1.m3.7473.m1
>HIRA-201_Gfas_gfas1.m1.224.m1	440	1897	Gfas_gfas1.m1.224.m1
>HIRA-201_Hsal_ENA_GHBP01000227_GHBP01000227.1	2	769	Hsal_ENA_GHBP01000227_GHBP01000227.1
>HIRA-201_Kiwa_ENA_GBGI01001291_GBGI01001291.1	51	1496	Kiwa_ENA_GBGI01001291_GBGI01001291.1
>HIRA-201_Mcap_adi2mcaRNA25656_R0	1	834	Mcap_adi2mcaRNA25656_R0
>HIRA-201_Msqu_ENA_GHBR01007397_GHBR01007397.1	3	425	Msqu_ENA_GHBR01007397_GHBR01007397.1
>HIRA-201_Nvec_XM_032378103.1	119	1630	Nvec_XM_032378103.1
>HIRA-201_Pbac_AVPN01006786.1	3414	2029	Pbac_AVPN01006786.1
>HIRA-201_Pdam_Pocillopora_damicornis_3611	409	1266	Pdam_Pocillopora_damicornis_3611
>HIRA-201_Plut_plut2.m8.7132.m1	82	1542	Plut_plut2.m8.7132.m1
>HIRA-201_Prus_37175_t	3	806	Prus_37175_t
>HIRA-201_Pver_TRINITY_DN5844_c0_g1_i2	75	1586	Pver_TRINITY_DN5844_c0_g1_i2
>HIRA-201_Spis_Stylophora_pistillata_12303	1	1380	Spis_Stylophora_pistillata_12303
>JAK2-201_Adig_Acropora_digitifera_15123	928	1764	Adig_Acropora_digitifera_15123
>JAK2-201_Ahya_Acropora_hyacinthus_6168	1	726	Ahya_Acropora_hyacinthus_6168
>JAK2-201_Amil_Acropora_millepora_4078	1	828	Amil_Acropora_millepora_4078
>JAK2-201_Apal_XM_028659591.1	1768	3612	Apal_XM_028659591.1
>JAK2-201_Apoc_chromosome_11.40_1	2589	3386	Apoc_chromosome_11.40_1
>JAK2-201_Aque_XM_003385848.2	1011	1913	Aque_XM_003385848.2
>JAK2-201_Cgig_G5134.1	3052	4674	Cgig_G5134.1
>JAK2-201_Emue_Em0014g156a.t1	3772	5472	Emue_Em0014g156a.t1
>JAK2-201_Gasp_gasp1.m3.26964.m1	762	1652	Gasp_gasp1.m3.26964.m1
>JAK2-201_Gfas_gfas1.m1.20275.m1	922	1782	Gfas_gfas1.m1.20275.m1
>JAK2-201_Hsal_ENA_GHBP01001695_GHBP01001695.1	331	1098	Hsal_ENA_GHBP01001695_GHBP01001695.1
>JAK2-201_Kiwa_ENA_GBGI01013524_GBGI01013524.1	932	93	Kiwa_ENA_GBGI01013524_GBGI01013524.1
>JAK2-201_Mcap_g67062	709	2457	Mcap_g67062
>JAK2-201_Msqu_ENA_GHBR01001194_GHBR01001194.1	87	722	Msqu_ENA_GHBR01001194_GHBR01001194.1
>JAK2-201_Nvec_XM_032385753.1	5019	5834	Nvec_XM_032385753.1
>JAK2-201_Pbac_AVPN01003109.1	8476	9216	Pbac_AVPN01003109.1
>JAK2-201_Pdam_Pocillopora_damicornis_19099	22	846	Pdam_Pocillopora_damicornis_19099
>JAK2-201_Plut_plut2.m8.25024.m1	205	2034	Plut_plut2.m8.25024.m1
>JAK2-201_Prus_24600_t	1129	1911	Prus_24600_t
>JAK2-201_Pver_TRINITY_DN834_c0_g2_i1	1252	2082	Pver_TRINITY_DN834_c0_g2_i1
>JAK2-201_Spis_Stylophora_pistillata_14166	1243	2040	Spis_Stylophora_pistillata_14166
>JKAMP-214_Adig_Acropora_digitifera_2378	85	939	Adig_Acropora_digitifera_2378
>JKAMP-214_Amil_Acropora_millepora_10704	85	939	Amil_Acropora_millepora_10704
>JKAMP-214_Apal_XM_028660348.1	268	1128	Apal_XM_028660348.1
>JKAMP-214_Apoc_chromosome_6.2689_1	88	948	Apoc_chromosome_6.2689_1
>JKAMP-214_Aque_XM_003388444.2	77	865	Aque_XM_003388444.2
>JKAMP-214_Cgig_G12897.2	31	906	Cgig_G12897.2
>JKAMP-214_Gasp_gasp1.m3.3294.m1	204	974	Gasp_gasp1.m3.3294.m1
>JKAMP-214_Gfas_gfas1.m1.18604.m1	263	1087	Gfas_gfas1.m1.18604.m1
>JKAMP-214_Mcap_g43161	91	945	Mcap_g43161
>JKAMP-214_Nvec_XM_001636428.2	264	1118	Nvec_XM_001636428.2
>JKAMP-214_Pdam_Pocillopora_damicornis_4863	100	954	Pdam_Pocillopora_damicornis_4863
>JKAMP-214_Plut_plut2.m8.3145.m1	300	1157	Plut_plut2.m8.3145.m1
>JKAMP-214_Pver_TRINITY_DN28636_c0_g1_i1	289	1143	Pver_TRINITY_DN28636_c0_g1_i1
>JKAMP-214_Spis_Stylophora_pistillata_18446	88	942	Spis_Stylophora_pistillata_18446
>MAP2K1-201_Adig_Acropora_digitifera_8716	301	1209	Adig_Acropora_digitifera_8716
>MAP2K1-201_Ahya_Acropora_hyacinthus_4230	49	801	Ahya_Acropora_hyacinthus_4230
>MAP2K1-201_Amil_Acropora_millepora_19363	301	1209	Amil_Acropora_millepora_19363
>MAP2K1-201_Apal_XM_021052194.1	414	1397	Apal_XM_021052194.1
>MAP2K1-201_Apoc_chromosome_13.357_1	181	1152	Apoc_chromosome_13.357_1
>MAP2K1-201_Aque_XM_003384816.2	251	1222	Aque_XM_003384816.2
>MAP2K1-201_Cgig_G10526.3	211	1224	Cgig_G10526.3
>MAP2K1-201_Emue_Em0020g172a.t1	103	969	Emue_Em0020g172a.t1
>MAP2K1-201_Gasp_gasp1.m3.14034.m1	151	1065	Gasp_gasp1.m3.14034.m1
>MAP2K1-201_Gfas_gfas1.m1.15838.m1	314	1231	Gfas_gfas1.m1.15838.m1
>MAP2K1-201_Hsal_ENA_GHBP01001748_GHBP01001748.1	113	949	Hsal_ENA_GHBP01001748_GHBP01001748.1
>MAP2K1-201_Kiwa_ENA_GBGI01007152_GBGI01007152.1	1078	146	Kiwa_ENA_GBGI01007152_GBGI01007152.1
>MAP2K1-201_Mcap_g48377	442	1284	Mcap_g48377
>MAP2K1-201_Msqu_ENA_GHBR01003374_GHBR01003374.1	78	638	Msqu_ENA_GHBR01003374_GHBR01003374.1
>MAP2K1-201_Nvec_XM_032381882.1	603	1490	Nvec_XM_032381882.1
>MAP2K1-201_Pbac_AVPN01019333.1	268	1002	Pbac_AVPN01019333.1
>MAP2K1-201_Pdam_Pocillopora_damicornis_24574	115	999	Pdam_Pocillopora_damicornis_24574
>MAP2K1-201_Plut_plut2.m8.22731.m1	322	1206	Plut_plut2.m8.22731.m1
>MAP2K1-201_Prus_19903_t	184	1071	Prus_19903_t
>MAP2K1-201_Pver_TRINITY_DN10574_c0_g1_i1	332	1216	Pver_TRINITY_DN10574_c0_g1_i1
>MAP2K1-201_Spis_Stylophora_pistillata_8927	181	1140	Spis_Stylophora_pistillata_8927
>MAP3K12-205_Adig_Acropora_digitifera_13865	187	1275	Adig_Acropora_digitifera_13865
>MAP3K12-205_Ahya_Acropora_hyacinthus_6168	1	726	Ahya_Acropora_hyacinthus_6168
>MAP3K12-205_Amil_Acropora_millepora_6894	187	1275	Amil_Acropora_millepora_6894
>MAP3K12-205_Apal_XM_021051180.2	502	1584	Apal_XM_021051180.2
>MAP3K12-205_Apoc_chromosome_1.599_1	175	1263	Apoc_chromosome_1.599_1
>MAP3K12-205_Aque_XM_003388081.2	269	1327	Aque_XM_003388081.2
>MAP3K12-205_Cgig_G27149.1	358	1431	Cgig_G27149.1
>MAP3K12-205_Emue_Em0012g1052a.t1	139	1287	Emue_Em0012g1052a.t1
>MAP3K12-205_Gasp_gasp1.m3.21136.m1	529	1440	Gasp_gasp1.m3.21136.m1
>MAP3K12-205_Gfas_gfas1.m1.8064.m1	663	1751	Gfas_gfas1.m1.8064.m1
>MAP3K12-205_Hsal_ENA_GHBP01001695_GHBP01001695.1	331	1110	Hsal_ENA_GHBP01001695_GHBP01001695.1
>MAP3K12-205_Kiwa_ENA_GBGI01011717_GBGI01011717.1	91	1044	Kiwa_ENA_GBGI01011717_GBGI01011717.1
>MAP3K12-205_Mcap_g36344	187	1275	Mcap_g36344
>MAP3K12-205_Msqu_ENA_GHBR01001194_GHBR01001194.1	147	914	Msqu_ENA_GHBR01001194_GHBR01001194.1
>MAP3K12-205_Nvec_XM_032377918.1	473	1552	Nvec_XM_032377918.1
>MAP3K12-205_Pbac_AVPN01003109.1	8428	9216	Pbac_AVPN01003109.1
>MAP3K12-205_Pdam_Pocillopora_damicornis_15544	172	1098	Pdam_Pocillopora_damicornis_15544
>MAP3K12-205_Plut_plut2.m8.9114.m1	566	1720	Plut_plut2.m8.9114.m1
>MAP3K12-205_Prus_11181_t	145	1239	Prus_11181_t
>MAP3K12-205_Pver_TRINITY_DN6431_c0_g1_i1	471	1559	Pver_TRINITY_DN6431_c0_g1_i1
>MAP3K12-205_Spis_Stylophora_pistillata_7307	169	1257	Spis_Stylophora_pistillata_7307
>map3k22-202_Adig_Acropora_digitifera_12495	844	1647	Adig_Acropora_digitifera_12495
>map3k22-202_Ahya_Acropora_hyacinthus_4126	16	792	Ahya_Acropora_hyacinthus_4126
>map3k22-202_Amil_Acropora_millepora_4596	1792	2592	Amil_Acropora_millepora_4596
>map3k22-202_Apal_XM_021046816.2	404	2371	Apal_XM_021046816.2
>map3k22-202_Apoc_chromosome_1.680_1	1273	2106	Apoc_chromosome_1.680_1
>map3k22-202_Aque_XM_020005756.1	916	1722	Aque_XM_020005756.1
>map3k22-202_Cgig_G26971.1	139	1755	Cgig_G26971.1
>map3k22-202_Emue_Em0012g674a.t1	1174	2013	Emue_Em0012g674a.t1
>map3k22-202_Gasp_gasp1.m3.4849.m1	476	2458	Gasp_gasp1.m3.4849.m1
>map3k22-202_Gfas_gfas1.m1.15701.m1	522	2270	Gfas_gfas1.m1.15701.m1
>map3k22-202_Hsal_ENA_GHBP01002127_GHBP01002127.1	219	989	Hsal_ENA_GHBP01002127_GHBP01002127.1
>map3k22-202_Kiwa_ENA_GBGI01011717_GBGI01011717.1	163	978	Kiwa_ENA_GBGI01011717_GBGI01011717.1
>map3k22-202_Mcap_g59526	109	2040	Mcap_g59526
>map3k22-202_Msqu_ENA_GHBR01000724_GHBR01000724.1	390	1112	Msqu_ENA_GHBR01000724_GHBR01000724.1
>map3k22-202_Nvec_XM_001633423.2	7	1953	Nvec_XM_001633423.2
>map3k22-202_Pbac_AVPN01019333.1	268	1002	Pbac_AVPN01019333.1
>map3k22-202_Pdam_Pocillopora_damicornis_5155	136	930	Pdam_Pocillopora_damicornis_5155
>map3k22-202_Plut_plut2.m8.2418.m1	510	2396	Plut_plut2.m8.2418.m1
>map3k22-202_Prus_30538_t	571	1323	Prus_30538_t
>map3k22-202_Pver_TRINITY_DN6780_c0_g4_i3	441	2315	Pver_TRINITY_DN6780_c0_g4_i3
>map3k22-202_Spis_Stylophora_pistillata_13757	106	2040	Spis_Stylophora_pistillata_13757
>MAPK1-201_Adig_Acropora_digitifera_9801	52	1083	Adig_Acropora_digitifera_9801
>MAPK1-201_Ahya_Acropora_hyacinthus_4394	7	864	Ahya_Acropora_hyacinthus_4394
>MAPK1-201_Amil_Acropora_millepora_8166	19	1050	Amil_Acropora_millepora_8166
>MAPK1-201_Apal_XM_021053471.2	44	1072	Apal_XM_021053471.2
>MAPK1-201_Apoc_chromosome_13.1584_1	28	1077	Apoc_chromosome_13.1584_1
>MAPK1-201_Aque_XM_003388867.3	153	1190	Aque_XM_003388867.3
>MAPK1-201_Cgig_G24024.3	46	1071	Cgig_G24024.3
>MAPK1-201_Emue_Em0015g921a.t1	52	1059	Emue_Em0015g921a.t1
>MAPK1-201_Gasp_gasp1.m3.19.m1	59	1117	Gasp_gasp1.m3.19.m1
>MAPK1-201_Gfas_gfas1.m1.2783.m1	396	1415	Gfas_gfas1.m1.2783.m1
>MAPK1-201_Hsal_ENA_GHBP01001614_GHBP01001614.1	294	1169	Hsal_ENA_GHBP01001614_GHBP01001614.1
>MAPK1-201_Kiwa_ENA_GBGI01003344_GBGI01003344.1	286	1320	Kiwa_ENA_GBGI01003344_GBGI01003344.1
>MAPK1-201_Mcap_g40455	55	1011	Mcap_g40455
>MAPK1-201_Msqu_ENA_GHBR01000718_GHBR01000718.1	128	1012	Msqu_ENA_GHBR01000718_GHBR01000718.1
>MAPK1-201_Nvec_XM_001629448.2	44	1078	Nvec_XM_001629448.2
>MAPK1-201_Pbac_AVPN01001029.1	27448	28308	Pbac_AVPN01001029.1
>MAPK1-201_Pdam_Pocillopora_damicornis_355	49	1086	Pdam_Pocillopora_damicornis_355
>MAPK1-201_Plut_plut2.m8.2766.m1	220	1176	Plut_plut2.m8.2766.m1
>MAPK1-201_Prus_14783_t	28	1047	Prus_14783_t
>MAPK1-201_Pver_TRINITY_DN1912_c0_g3_i1	42	1079	Pver_TRINITY_DN1912_c0_g3_i1
>MAPK1-201_Spis_Stylophora_pistillata_10399	55	1011	Spis_Stylophora_pistillata_10399
>MAPK11-201_Adig_Acropora_digitifera_14075	1	1047	Adig_Acropora_digitifera_14075
>MAPK11-201_Ahya_Acropora_hyacinthus_4394	4	867	Ahya_Acropora_hyacinthus_4394
>MAPK11-201_Amil_Acropora_millepora_12596	115	1167	Amil_Acropora_millepora_12596
>MAPK11-201_Apal_XM_021055943.2	133	1185	Apal_XM_021055943.2
>MAPK11-201_Apoc_chromosome_8.2655_1	115	1167	Apoc_chromosome_8.2655_1
>MAPK11-201_Aque_XM_020008935.1	64	1182	Aque_XM_020008935.1
>MAPK11-201_Cgig_G29947.6	28	1062	Cgig_G29947.6
>MAPK11-201_Emue_Em0001g2907a.t1	91	1140	Emue_Em0001g2907a.t1
>MAPK11-201_Gasp_gasp1.m3.27492.m1	271	1233	Gasp_gasp1.m3.27492.m1
>MAPK11-201_Gfas_gfas1.m1.17727.m1	1855	2907	Gfas_gfas1.m1.17727.m1
>MAPK11-201_Hsal_ENA_GHBP01001614_GHBP01001614.1	288	1169	Hsal_ENA_GHBP01001614_GHBP01001614.1
>MAPK11-201_Kiwa_ENA_GBGI01003344_GBGI01003344.1	313	1314	Kiwa_ENA_GBGI01003344_GBGI01003344.1
>MAPK11-201_Mcap_adi2mcaRNA17125_R0	115	1170	Mcap_adi2mcaRNA17125_R0
>MAPK11-201_Msqu_ENA_GHBR01000718_GHBR01000718.1	92	1012	Msqu_ENA_GHBR01000718_GHBR01000718.1
>MAPK11-201_Nvec_XM_001638894.2	159	1205	Nvec_XM_001638894.2
>MAPK11-201_Pbac_AVPN01001029.1	27457	28308	Pbac_AVPN01001029.1
>MAPK11-201_Pdam_Pocillopora_damicornis_14749	19	1047	Pdam_Pocillopora_damicornis_14749
>MAPK11-201_Plut_plut2.m8.18615.m1	142	1170	Plut_plut2.m8.18615.m1
>MAPK11-201_Prus_Prusg782.t1	7	801	Prus_Prusg782.t1
>MAPK11-201_Pver_TRINITY_DN387_c0_g2_i1	115	1143	Pver_TRINITY_DN387_c0_g2_i1
>MAPK11-201_Spis_Stylophora_pistillata_14648	115	1167	Spis_Stylophora_pistillata_14648
>MAPK12-201_Adig_Acropora_digitifera_9801	61	1098	Adig_Acropora_digitifera_9801
>MAPK12-201_Ahya_Acropora_hyacinthus_4394	10	873	Ahya_Acropora_hyacinthus_4394
>MAPK12-201_Amil_Acropora_millepora_12596	115	1197	Amil_Acropora_millepora_12596
>MAPK12-201_Apal_XM_021055944.2	133	1185	Apal_XM_021055944.2
>MAPK12-201_Apoc_chromosome_8.2655_1	115	1197	Apoc_chromosome_8.2655_1
>MAPK12-201_Aque_XM_020008935.1	79	1200	Aque_XM_020008935.1
>MAPK12-201_Cgig_G29947.6	25	1068	Cgig_G29947.6
>MAPK12-201_Emue_Em0001g2907a.t1	82	1140	Emue_Em0001g2907a.t1
>MAPK12-201_Gasp_gasp1.m3.19.m1	41	1144	Gasp_gasp1.m3.19.m1
>MAPK12-201_Gfas_gfas1.m1.17727.m1	1855	2937	Gfas_gfas1.m1.17727.m1
>MAPK12-201_Hsal_ENA_GHBP01002681_GHBP01002681.1	3	947	Hsal_ENA_GHBP01002681_GHBP01002681.1
>MAPK12-201_Kiwa_ENA_GBGI01003344_GBGI01003344.1	325	1320	Kiwa_ENA_GBGI01003344_GBGI01003344.1
>MAPK12-201_Mcap_adi2mcaRNA17125_R0	115	1200	Mcap_adi2mcaRNA17125_R0
>MAPK12-201_Msqu_ENA_GHBR01001325_GHBR01001325.1	210	1007	Msqu_ENA_GHBR01001325_GHBR01001325.1
>MAPK12-201_Nvec_XM_001638894.2	141	1223	Nvec_XM_001638894.2
>MAPK12-201_Pbac_AVPN01002465.1	13969	13034	Pbac_AVPN01002465.1
>MAPK12-201_Pdam_Pocillopora_damicornis_355	31	1101	Pdam_Pocillopora_damicornis_355
>MAPK12-201_Plut_plut2.m8.18615.m1	142	1194	Plut_plut2.m8.18615.m1
>MAPK12-201_Prus_25267_t	898	1980	Prus_25267_t
>MAPK12-201_Pver_TRINITY_DN387_c0_g2_i1	97	1158	Pver_TRINITY_DN387_c0_g2_i1
>MAPK12-201_Spis_Stylophora_pistillata_14648	115	1170	Spis_Stylophora_pistillata_14648
>MAPK13-201_Adig_Acropora_digitifera_16110	109	1176	Adig_Acropora_digitifera_16110
>MAPK13-201_Ahya_Acropora_hyacinthus_4394	28	855	Ahya_Acropora_hyacinthus_4394
>MAPK13-201_Amil_Acropora_millepora_12596	115	1191	Amil_Acropora_millepora_12596
>MAPK13-201_Apal_XM_021055944.2	133	1185	Apal_XM_021055944.2
>MAPK13-201_Apoc_chromosome_8.2655_1	115	1170	Apoc_chromosome_8.2655_1
>MAPK13-201_Aque_XM_020008935.1	94	1197	Aque_XM_020008935.1
>MAPK13-201_Cgig_G29947.2	19	1056	Cgig_G29947.2
>MAPK13-201_Emue_Em0001g2907a.t1	91	1140	Emue_Em0001g2907a.t1
>MAPK13-201_Gasp_gasp1.m3.19.m1	68	1192	Gasp_gasp1.m3.19.m1
>MAPK13-201_Gfas_gfas1.m1.13363.m1	101	1168	Gfas_gfas1.m1.13363.m1
>MAPK13-201_Hsal_ENA_GHBP01001614_GHBP01001614.1	312	1169	Hsal_ENA_GHBP01001614_GHBP01001614.1
>MAPK13-201_Kiwa_ENA_GBGI01003344_GBGI01003344.1	325	1320	Kiwa_ENA_GBGI01003344_GBGI01003344.1
>MAPK13-201_Mcap_g40455	13	1080	Mcap_g40455
>MAPK13-201_Msqu_ENA_GHBR01000718_GHBR01000718.1	92	1003	Msqu_ENA_GHBR01000718_GHBR01000718.1
>MAPK13-201_Nvec_XM_032361951.1	146	1210	Nvec_XM_032361951.1
>MAPK13-201_Pbac_AVPN01002465.1	13990	13103	Pbac_AVPN01002465.1
>MAPK13-201_Pdam_Pocillopora_damicornis_14749	19	1071	Pdam_Pocillopora_damicornis_14749
>MAPK13-201_Plut_plut2.m8.2766.m1	178	1284	Plut_plut2.m8.2766.m1
>MAPK13-201_Prus_Prusg782.t1	13	912	Prus_Prusg782.t1
>MAPK13-201_Pver_TRINITY_DN3717_c0_g1_i2	144	1199	Pver_TRINITY_DN3717_c0_g1_i2
>MAPK13-201_Spis_Stylophora_pistillata_14648	115	1170	Spis_Stylophora_pistillata_14648
>MAPK14-201_Adig_Acropora_digitifera_14075	1	1047	Adig_Acropora_digitifera_14075
>MAPK14-201_Ahya_Acropora_hyacinthus_4394	4	834	Ahya_Acropora_hyacinthus_4394
>MAPK14-201_Amil_Acropora_millepora_12596	115	1167	Amil_Acropora_millepora_12596
>MAPK14-201_Apal_XM_021055943.2	133	1221	Apal_XM_021055943.2
>MAPK14-201_Apoc_chromosome_8.2655_1	115	1200	Apoc_chromosome_8.2655_1
>MAPK14-201_Aque_XM_020008935.1	94	1224	Aque_XM_020008935.1
>MAPK14-201_Cgig_G29947.2	19	1056	Cgig_G29947.2
>MAPK14-201_Emue_Em0001g2907a.t1	100	1152	Emue_Em0001g2907a.t1
>MAPK14-201_Gasp_gasp1.m3.19.m1	83	1198	Gasp_gasp1.m3.19.m1
>MAPK14-201_Gfas_gfas1.m1.17727.m1	1855	2907	Gfas_gfas1.m1.17727.m1
>MAPK14-201_Hsal_ENA_GHBP01001614_GHBP01001614.1	288	1157	Hsal_ENA_GHBP01001614_GHBP01001614.1
>MAPK14-201_Kiwa_ENA_GBGI01003344_GBGI01003344.1	313	1320	Kiwa_ENA_GBGI01003344_GBGI01003344.1
>MAPK14-201_Mcap_adi2mcaRNA17125_R0	115	1203	Mcap_adi2mcaRNA17125_R0
>MAPK14-201_Msqu_ENA_GHBR01001300_GHBR01001300.1	123	1001	Msqu_ENA_GHBR01001300_GHBR01001300.1
>MAPK14-201_Nvec_XM_032361950.1	146	1207	Nvec_XM_032361950.1
>MAPK14-201_Pbac_AVPN01002465.1	14008	13124	Pbac_AVPN01002465.1
>MAPK14-201_Pdam_Pocillopora_damicornis_14749	1	1047	Pdam_Pocillopora_damicornis_14749
>MAPK14-201_Plut_plut2.m8.18615.m1	145	1170	Plut_plut2.m8.18615.m1
>MAPK14-201_Prus_25267_t	886	1962	Prus_25267_t
>MAPK14-201_Pver_TRINITY_DN387_c0_g2_i1	97	1143	Pver_TRINITY_DN387_c0_g2_i1
>MAPK14-201_Spis_Stylophora_pistillata_10399	1	1080	Spis_Stylophora_pistillata_10399
>MAPK3-201_Adig_Acropora_digitifera_9801	58	1086	Adig_Acropora_digitifera_9801
>MAPK3-201_Ahya_Acropora_hyacinthus_4394	7	864	Ahya_Acropora_hyacinthus_4394
>MAPK3-201_Amil_Acropora_millepora_9598	28	1071	Amil_Acropora_millepora_9598
>MAPK3-201_Apal_XM_021053471.2	47	1072	Apal_XM_021053471.2
>MAPK3-201_Apoc_chromosome_13.1584_1	28	1059	Apoc_chromosome_13.1584_1
>MAPK3-201_Aque_XM_003388867.3	159	1190	Aque_XM_003388867.3
>MAPK3-201_Cgig_G24024.3	46	1071	Cgig_G24024.3
>MAPK3-201_Emue_Em0015g921a.t1	52	1095	Emue_Em0015g921a.t1
>MAPK3-201_Gasp_gasp1.m3.19.m1	65	1156	Gasp_gasp1.m3.19.m1
>MAPK3-201_Gfas_gfas1.m1.2783.m1	396	1439	Gfas_gfas1.m1.2783.m1
>MAPK3-201_Hsal_ENA_GHBP01002681_GHBP01002681.1	3	947	Hsal_ENA_GHBP01002681_GHBP01002681.1
>MAPK3-201_Kiwa_ENA_GBGI01003344_GBGI01003344.1	289	1320	Kiwa_ENA_GBGI01003344_GBGI01003344.1
>MAPK3-201_Mcap_g33796	28	1071	Mcap_g33796
>MAPK3-201_Msqu_ENA_GHBR01000718_GHBR01000718.1	128	1012	Msqu_ENA_GHBR01000718_GHBR01000718.1
>MAPK3-201_Nvec_XM_001629448.2	50	1078	Nvec_XM_001629448.2
>MAPK3-201_Pbac_AVPN01001029.1	27448	28308	Pbac_AVPN01001029.1
>MAPK3-201_Pdam_Pocillopora_damicornis_355	55	1086	Pdam_Pocillopora_damicornis_355
>MAPK3-201_Plut_plut2.m8.2766.m1	220	1245	Plut_plut2.m8.2766.m1
>MAPK3-201_Prus_14783_t	28	1047	Prus_14783_t
>MAPK3-201_Pver_TRINITY_DN1912_c0_g3_i1	48	1079	Pver_TRINITY_DN1912_c0_g3_i1
>MAPK3-201_Spis_Stylophora_pistillata_21521	1	1041	Spis_Stylophora_pistillata_21521
>MAPK8-201_Adig_Acropora_digitifera_16110	127	738	Adig_Acropora_digitifera_16110
>MAPK8-201_Ahya_Acropora_hyacinthus_6213	19	585	Ahya_Acropora_hyacinthus_6213
>MAPK8-201_Amil_Acropora_millepora_16769	19	615	Amil_Acropora_millepora_16769
>MAPK8-201_Apal_XM_021055944.2	133	726	Apal_XM_021055944.2
>MAPK8-201_Apoc_chromosome_2.771_1	19	615	Apoc_chromosome_2.771_1
>MAPK8-201_Aque_XM_003383963.3	53	1069	Aque_XM_003383963.3
>MAPK8-201_Cgig_G2082.7	22	618	Cgig_G2082.7
>MAPK8-201_Emue_Em0001g2899a.t1	97	693	Emue_Em0001g2899a.t1
>MAPK8-201_Gasp_gasp1.m3.27492.m1	274	1260	Gasp_gasp1.m3.27492.m1
>MAPK8-201_Gfas_gfas1.m1.18047.m1	69	818	Gfas_gfas1.m1.18047.m1
>MAPK8-201_Hsal_ENA_GHBP01001614_GHBP01001614.1	285	827	Hsal_ENA_GHBP01001614_GHBP01001614.1
>MAPK8-201_Kiwa_ENA_GBGI01003344_GBGI01003344.1	292	855	Kiwa_ENA_GBGI01003344_GBGI01003344.1
>MAPK8-201_Mcap_g40455	31	642	Mcap_g40455
>MAPK8-201_Msqu_ENA_GHBR01001325_GHBR01001325.1	210	728	Msqu_ENA_GHBR01001325_GHBR01001325.1
>MAPK8-201_Nvec_XM_032361950.1	155	748	Nvec_XM_032361950.1
>MAPK8-201_Pbac_AVPN01019333.1	241	1074	Pbac_AVPN01019333.1
>MAPK8-201_Pdam_Pocillopora_damicornis_14749	19	1056	Pdam_Pocillopora_damicornis_14749
>MAPK8-201_Plut_plut2.m8.18615.m1	142	738	Plut_plut2.m8.18615.m1
>MAPK8-201_Prus_8108_t	19	816	Prus_8108_t
>MAPK8-201_Pver_TRINITY_DN387_c0_g2_i1	115	1152	Pver_TRINITY_DN387_c0_g2_i1
>MAPK8-201_Spis_Stylophora_pistillata_10399	31	642	Spis_Stylophora_pistillata_10399
>mapk8b-203_Adig_Acropora_digitifera_14075	22	1056	Adig_Acropora_digitifera_14075
>mapk8b-203_Ahya_Acropora_hyacinthus_6213	22	612	Ahya_Acropora_hyacinthus_6213
>mapk8b-203_Amil_Acropora_millepora_16769	22	1056	Amil_Acropora_millepora_16769
>mapk8b-203_Apal_XM_021053471.2	50	1072	Apal_XM_021053471.2
>mapk8b-203_Apoc_chromosome_8.2655_1	115	1167	Apoc_chromosome_8.2655_1
>mapk8b-203_Aque_XM_020008936.1	103	1128	Aque_XM_020008936.1
>mapk8b-203_Cgig_G2082.6	19	1131	Cgig_G2082.6
>mapk8b-203_Emue_Em0001g2907a.t1	100	1131	Emue_Em0001g2907a.t1
>mapk8b-203_Gasp_gasp1.m3.27492.m1	277	1260	Gasp_gasp1.m3.27492.m1
>mapk8b-203_Gfas_gfas1.m1.17727.m1	1837	2907	Gfas_gfas1.m1.17727.m1
>mapk8b-203_Hsal_ENA_GHBP01002681_GHBP01002681.1	3	956	Hsal_ENA_GHBP01002681_GHBP01002681.1
>mapk8b-203_Kiwa_ENA_GBGI01003344_GBGI01003344.1	265	1305	Kiwa_ENA_GBGI01003344_GBGI01003344.1
>mapk8b-203_Mcap_adi2mcaRNA17125_R0	97	1170	Mcap_adi2mcaRNA17125_R0
>mapk8b-203_Msqu_ENA_GHBR01000718_GHBR01000718.1	128	1054	Msqu_ENA_GHBR01000718_GHBR01000718.1
>mapk8b-203_Nvec_XM_032366072.1	163	1251	Nvec_XM_032366072.1
>mapk8b-203_Pbac_AVPN01001029.1	27448	28398	Pbac_AVPN01001029.1
>mapk8b-203_Pdam_Pocillopora_damicornis_14749	22	1056	Pdam_Pocillopora_damicornis_14749
>mapk8b-203_Plut_plut2.m8.18615.m1	145	1200	Plut_plut2.m8.18615.m1
>mapk8b-203_Prus_25267_t	937	1854	Prus_25267_t
>mapk8b-203_Pver_TRINITY_DN387_c0_g2_i1	118	1152	Pver_TRINITY_DN387_c0_g2_i1
>mapk8b-203_Spis_Stylophora_pistillata_14648	115	1167	Spis_Stylophora_pistillata_14648
>MAPK9-207_Adig_Acropora_digitifera_14075	4	1056	Adig_Acropora_digitifera_14075
>MAPK9-207_Ahya_Acropora_hyacinthus_6213	4	612	Ahya_Acropora_hyacinthus_6213
>MAPK9-207_Amil_Acropora_millepora_16769	4	1056	Amil_Acropora_millepora_16769
>MAPK9-207_Apal_XM_021055943.2	85	1188	Apal_XM_021055943.2
>MAPK9-207_Apoc_chromosome_8.2655_1	115	1167	Apoc_chromosome_8.2655_1
>MAPK9-207_Aque_XM_003383963.3	32	1069	Aque_XM_003383963.3
>MAPK9-207_Cgig_G2082.6	1	1107	Cgig_G2082.6
>MAPK9-207_Emue_Em0001g2907a.t1	100	1131	Emue_Em0001g2907a.t1
>MAPK9-207_Gasp_gasp1.m3.27492.m1	277	1257	Gasp_gasp1.m3.27492.m1
>MAPK9-207_Gfas_gfas1.m1.20606.m1	74	1072	Gfas_gfas1.m1.20606.m1
>MAPK9-207_Hsal_ENA_GHBP01002681_GHBP01002681.1	3	956	Hsal_ENA_GHBP01002681_GHBP01002681.1
>MAPK9-207_Kiwa_ENA_GBGI01003344_GBGI01003344.1	292	1305	Kiwa_ENA_GBGI01003344_GBGI01003344.1
>MAPK9-207_Mcap_adi2mcaRNA17125_R0	115	1170	Mcap_adi2mcaRNA17125_R0
>MAPK9-207_Msqu_ENA_GHBR01000718_GHBR01000718.1	128	1009	Msqu_ENA_GHBR01000718_GHBR01000718.1
>MAPK9-207_Nvec_XM_032366072.1	145	1239	Nvec_XM_032366072.1
>MAPK9-207_Pbac_AVPN01001029.1	27448	28362	Pbac_AVPN01001029.1
>MAPK9-207_Pdam_Pocillopora_damicornis_14749	22	1062	Pdam_Pocillopora_damicornis_14749
>MAPK9-207_Plut_plut2.m8.18615.m1	145	1200	Plut_plut2.m8.18615.m1
>MAPK9-207_Prus_25267_t	937	1953	Prus_25267_t
>MAPK9-207_Pver_TRINITY_DN387_c0_g2_i1	118	1158	Pver_TRINITY_DN387_c0_g2_i1
>MAPK9-207_Spis_Stylophora_pistillata_14648	115	1167	Spis_Stylophora_pistillata_14648
>MCPH1-201_Adig_Acropora_digitifera_9047	322	1200	Adig_Acropora_digitifera_9047
>MCPH1-201_Ahya_Acropora_hyacinthus_7634	4	366	Ahya_Acropora_hyacinthus_7634
>MCPH1-201_Amil_Acropora_millepora_5719	1945	2508	Amil_Acropora_millepora_5719
>MCPH1-201_Apal_XM_021059185.2	2118	2669	Apal_XM_021059185.2
>MCPH1-201_Apoc_chromosome_4.1531_1	1978	2541	Apoc_chromosome_4.1531_1
>MCPH1-201_Aque_XM_003385277.3	988	1551	Aque_XM_003385277.3
>MCPH1-201_Cgig_G835.2	463	1014	Cgig_G835.2
>MCPH1-201_Emue_Em0023g265a.t1	1492	2043	Emue_Em0023g265a.t1
>MCPH1-201_Gasp_gasp1.m3.21670.m1	1906	2469	Gasp_gasp1.m3.21670.m1
>MCPH1-201_Gfas_gfas1.m1.2800.m1	2327	2674	Gfas_gfas1.m1.2800.m1
>MCPH1-201_Mcap_g54778	1900	2463	Mcap_g54778
>MCPH1-201_Nvec_XM_032386468.1	2869	3432	Nvec_XM_032386468.1
>MCPH1-201_Pbac_AVPN01001327.1	23738	23076	Pbac_AVPN01001327.1
>MCPH1-201_Plut_plut2.m8.5066.m1	3	563	Plut_plut2.m8.5066.m1
>MCPH1-201_Prus_Prusg16526.t1	1036	1458	Prus_Prusg16526.t1
>MCPH1-201_Pver_TRINITY_DN18290_c0_g1_i2	2084	2647	Pver_TRINITY_DN18290_c0_g1_i2
>MCPH1-201_Spis_Stylophora_pistillata_3771	1960	2523	Spis_Stylophora_pistillata_3771
>MDC1-201_Adig_Acropora_digitifera_11975	1804	2430	Adig_Acropora_digitifera_11975
>MDC1-201_Amil_Acropora_millepora_6772	1804	2430	Amil_Acropora_millepora_6772
>MDC1-201_Apal_XM_021052904.2	1728	2516	Apal_XM_021052904.2
>MDC1-201_Apoc_chromosome_14.859_1	1462	2175	Apoc_chromosome_14.859_1
>MDC1-201_Aque_XM_019995029.1	2455	3042	Aque_XM_019995029.1
>MDC1-201_Cgig_G5740.1	1801	2532	Cgig_G5740.1
>MDC1-201_Emue_Em0023g27a.t1	3148	3747	Emue_Em0023g27a.t1
>MDC1-201_Gasp_gasp1.m3.17307.m1	3769	4416	Gasp_gasp1.m3.17307.m1
>MDC1-201_Gfas_gfas1.m1.35.m1	1635	2354	Gfas_gfas1.m1.35.m1
>MDC1-201_Mcap_g70219	3400	4053	Mcap_g70219
>MDC1-201_Nvec_XM_032367682.1	4984	5733	Nvec_XM_032367682.1
>MDC1-201_Pdam_Pocillopora_damicornis_8616	70	327	Pdam_Pocillopora_damicornis_8616
>MDC1-201_Plut_plut2.m8.32207.m1	1642	2376	Plut_plut2.m8.32207.m1
>MDC1-201_Prus_10667_t	1441	2082	Prus_10667_t
>MDC1-201_Pver_TRINITY_DN4824_c0_g1_i1	1734	2462	Pver_TRINITY_DN4824_c0_g1_i1
>MDC1-201_Spis_Stylophora_pistillata_10877	1708	2421	Spis_Stylophora_pistillata_10877
>MST1-202_Adig_Acropora_digitifera_3438	709	1485	Adig_Acropora_digitifera_3438
>MST1-202_Ahya_Acropora_hyacinthus_8856	46	438	Ahya_Acropora_hyacinthus_8856
>MST1-202_Amil_Acropora_millepora_8524	715	1491	Amil_Acropora_millepora_8524
>MST1-202_Apal_XM_028661300.1	57	785	Apal_XM_028661300.1
>MST1-202_Apoc_chromosome_5.1938_1	52	792	Apoc_chromosome_5.1938_1
>MST1-202_Aque_XM_003385053.3	1612	2520	Aque_XM_003385053.3
>MST1-202_Cgig_G13992.1	2098	3546	Cgig_G13992.1
>MST1-202_Emue_Em0023g351a.t1	1228	1941	Emue_Em0023g351a.t1
>MST1-202_Gasp_gasp1.m3.22350.m1	345	1214	Gasp_gasp1.m3.22350.m1
>MST1-202_Gfas_gfas1.m1.5769.m1	746	1477	Gfas_gfas1.m1.5769.m1
>MST1-202_Hsal_ENA_GHBP01000406_GHBP01000406.1	83	361	Hsal_ENA_GHBP01000406_GHBP01000406.1
>MST1-202_Mcap_g26367	52	798	Mcap_g26367
>MST1-202_Msqu_ENA_GHBR01000843_GHBR01000843.1	788	1069	Msqu_ENA_GHBR01000843_GHBR01000843.1
>MST1-202_Nvec_XM_032373754.1	2968	3747	Nvec_XM_032373754.1
>MST1-202_Pbac_AVPN01001889.1	887	1894	Pbac_AVPN01001889.1
>MST1-202_Pdam_Pocillopora_damicornis_9694	790	1539	Pdam_Pocillopora_damicornis_9694
>MST1-202_Plut_plut2.m8.19010.m1	1504	2229	Plut_plut2.m8.19010.m1
>MST1-202_Prus_36694_t	952	1659	Prus_36694_t
>MST1-202_Pver_TRINITY_DN63234_c0_g1_i1	94	801	Pver_TRINITY_DN63234_c0_g1_i1
>MST1-202_Spis_Stylophora_pistillata_17968	31	774	Spis_Stylophora_pistillata_17968
>PAK2-201_Adig_Acropora_digitifera_14576	1	1593	Adig_Acropora_digitifera_14576
>PAK2-201_Ahya_Acropora_hyacinthus_4126	1	828	Ahya_Acropora_hyacinthus_4126
>PAK2-201_Amil_Acropora_millepora_19202	40	1359	Amil_Acropora_millepora_19202
>PAK2-201_Apal_XM_021057800.2	195	1745	Apal_XM_021057800.2
>PAK2-201_Apoc_chromosome_7.1842_1	1201	2151	Apoc_chromosome_7.1842_1
>PAK2-201_Aque_XM_003382620.3	390	1733	Aque_XM_003382620.3
>PAK2-201_Cgig_G15391.7	1	1548	Cgig_G15391.7
>PAK2-201_Emue_Em0021g768a.t1	142	1566	Emue_Em0021g768a.t1
>PAK2-201_Gasp_gasp1.m3.21269.m1	361	1899	Gasp_gasp1.m3.21269.m1
>PAK2-201_Gfas_gfas1.m1.19223.m1	679	2259	Gfas_gfas1.m1.19223.m1
>PAK2-201_Hsal_ENA_GHBP01001748_GHBP01001748.1	131	967	Hsal_ENA_GHBP01001748_GHBP01001748.1
>PAK2-201_Kiwa_ENA_GBGI01003130_GBGI01003130.1	1557	163	Kiwa_ENA_GBGI01003130_GBGI01003130.1
>PAK2-201_Mcap_g53496	1	1596	Mcap_g53496
>PAK2-201_Msqu_ENA_GHBR01000724_GHBR01000724.1	450	1241	Msqu_ENA_GHBR01000724_GHBR01000724.1
>PAK2-201_Nvec_XM_032373267.1	222	1787	Nvec_XM_032373267.1
>PAK2-201_Pbac_AVPN01000039.1	134103	133252	Pbac_AVPN01000039.1
>PAK2-201_Pdam_Pocillopora_damicornis_7157	31	810	Pdam_Pocillopora_damicornis_7157
>PAK2-201_Plut_plut2.m8.4033.m1	502	2133	Plut_plut2.m8.4033.m1
>PAK2-201_Prus_34665_t	619	1500	Prus_34665_t
>PAK2-201_Pver_TRINITY_DN2988_c0_g1_i11	2128	3162	Pver_TRINITY_DN2988_c0_g1_i11
>PAK2-201_Spis_Stylophora_pistillata_6637	1	1581	Spis_Stylophora_pistillata_6637
>PIM1-201_Adig_Acropora_digitifera_615	37	798	Adig_Acropora_digitifera_615
>PIM1-201_Ahya_Acropora_hyacinthus_3683	34	885	Ahya_Acropora_hyacinthus_3683
>PIM1-201_Amil_Acropora_millepora_3775	2740	3549	Amil_Acropora_millepora_3775
>PIM1-201_Apal_XM_028662697.1	203	1018	Apal_XM_028662697.1
>PIM1-201_Apoc_chromosome_2.1916_1	334	1167	Apoc_chromosome_2.1916_1
>PIM1-201_Aque_XM_011406469.2	334	1173	Aque_XM_011406469.2
>PIM1-201_Cgig_G31255.24	16	828	Cgig_G31255.24
>PIM1-201_Emue_Em0005g1372a.t1	970	1788	Emue_Em0005g1372a.t1
>PIM1-201_Gasp_gasp1.m3.19232.m1	262	1029	Gasp_gasp1.m3.19232.m1
>PIM1-201_Gfas_gfas1.m1.9078.m1	405	1262	Gfas_gfas1.m1.9078.m1
>PIM1-201_Hsal_ENA_GHBP01003195_GHBP01003195.1	78	863	Hsal_ENA_GHBP01003195_GHBP01003195.1
>PIM1-201_Kiwa_ENA_GBGI01020125_GBGI01020125.1	442	1212	Kiwa_ENA_GBGI01020125_GBGI01020125.1
>PIM1-201_Mcap_g64808	298	1173	Mcap_g64808
>PIM1-201_Msqu_ENA_GHBR01000709_GHBR01000709.1	376	1200	Msqu_ENA_GHBR01000709_GHBR01000709.1
>PIM1-201_Nvec_XM_032363794.1	714	1526	Nvec_XM_032363794.1
>PIM1-201_Pbac_AVPN01021866.1	3400	2528	Pbac_AVPN01021866.1
>PIM1-201_Pdam_Pocillopora_damicornis_16681	13	819	Pdam_Pocillopora_damicornis_16681
>PIM1-201_Plut_plut2.m8.30693.m1	408	1274	Plut_plut2.m8.30693.m1
>PIM1-201_Prus_Prusg17277.t1	226	990	Prus_Prusg17277.t1
>PIM1-201_Pver_TRINITY_DN13547_c0_g1_i2	2581	3462	Pver_TRINITY_DN13547_c0_g1_i2
>PIM1-201_Spis_Stylophora_pistillata_18916	244	1035	Spis_Stylophora_pistillata_18916
>PKM-202_Adig_Acropora_digitifera_8092	46	1578	Adig_Acropora_digitifera_8092
>PKM-202_Ahya_Acropora_hyacinthus_6992	4	606	Ahya_Acropora_hyacinthus_6992
>PKM-202_Amil_Acropora_millepora_11158	46	1629	Amil_Acropora_millepora_11158
>PKM-202_Apal_XM_021045909.2	166	1695	Apal_XM_021045909.2
>PKM-202_Apoc_chromosome_12.4026_1	46	735	Apoc_chromosome_12.4026_1
>PKM-202_Aque_XM_003385723.3	166	1698	Aque_XM_003385723.3
>PKM-202_Cgig_G7839.20	490	2046	Cgig_G7839.20
>PKM-202_Emue_Em0005g814a.t1	454	1275	Emue_Em0005g814a.t1
>PKM-202_Gasp_gasp1.m3.22737.m1	69	1619	Gasp_gasp1.m3.22737.m1
>PKM-202_Gfas_gfas1.m1.14721.m1	182	1720	Gfas_gfas1.m1.14721.m1
>PKM-202_Hsal_ENA_GHBP01001321_GHBP01001321.1	178	1344	Hsal_ENA_GHBP01001321_GHBP01001321.1
>PKM-202_Mcap_g18235	1	1482	Mcap_g18235
>PKM-202_Msqu_ENA_GHBR01000667_GHBR01000667.1	10	1134	Msqu_ENA_GHBR01000667_GHBR01000667.1
>PKM-202_Nvec_XM_001641976.2	198	1718	Nvec_XM_001641976.2
>PKM-202_Pbac_AVPN01000487.1	33467	32748	Pbac_AVPN01000487.1
>PKM-202_Pdam_Pocillopora_damicornis_10853	253	906	Pdam_Pocillopora_damicornis_10853
>PKM-202_Plut_plut2.m8.24667.m1	158	1696	Plut_plut2.m8.24667.m1
>PKM-202_Prus_Prusg22447.t1	1	273	Prus_Prusg22447.t1
>PKM-202_Pver_TRINITY_DN24900_c0_g1_i1	149	1699	Pver_TRINITY_DN24900_c0_g1_i1
>PKN1-201_Adig_Acropora_digitifera_12667	1015	2079	Adig_Acropora_digitifera_12667
>PKN1-201_Ahya_Acropora_hyacinthus_2662	115	984	Ahya_Acropora_hyacinthus_2662
>PKN1-201_Amil_Acropora_millepora_5286	1015	2079	Amil_Acropora_millepora_5286
>PKN1-201_Apal_XM_021036997.2	2185	3204	Apal_XM_021036997.2
>PKN1-201_Apoc_chromosome_13.3608_1	361	2937	Apoc_chromosome_13.3608_1
>PKN1-201_Aque_XM_011405383.2	1896	2921	Aque_XM_011405383.2
>PKN1-201_Cgig_G24372.4	2017	3015	Cgig_G24372.4
>PKN1-201_Emue_Em0005g45a.t1	466	1458	Emue_Em0005g45a.t1
>PKN1-201_Gasp_gasp1.m3.12733.m1	3477	4916	Gasp_gasp1.m3.12733.m1
>PKN1-201_Gfas_gfas1.m1.15363.m1	3351	4805	Gfas_gfas1.m1.15363.m1
>PKN1-201_Hsal_ENA_GHBP01000148_GHBP01000148.1	675	1592	Hsal_ENA_GHBP01000148_GHBP01000148.1
>PKN1-201_Kiwa_ENA_GBGI01004074_GBGI01004074.1	1140	139	Kiwa_ENA_GBGI01004074_GBGI01004074.1
>PKN1-201_Mcap_adi2mcaRNA10013_R0	175	2823	Mcap_adi2mcaRNA10013_R0
>PKN1-201_Msqu_ENA_GHBR01000029_GHBR01000029.1	1234	2094	Msqu_ENA_GHBR01000029_GHBR01000029.1
>PKN1-201_Nvec_XM_032384868.1	713	3244	Nvec_XM_032384868.1
>PKN1-201_Pbac_AVPN01019333.1	229	918	Pbac_AVPN01019333.1
>PKN1-201_Pdam_Pocillopora_damicornis_2328	46	960	Pdam_Pocillopora_damicornis_2328
>PKN1-201_Plut_plut2.m8.26521.m1	582	1889	Plut_plut2.m8.26521.m1
>PKN1-201_Prus_350_t	1555	2550	Prus_350_t
>PKN1-201_Pver_TRINITY_DN7281_c0_g2_i2	1243	2271	Pver_TRINITY_DN7281_c0_g2_i2
>PKN1-201_Spis_Stylophora_pistillata_3106	391	2790	Spis_Stylophora_pistillata_3106
>PRKAA1-202_Adig_Acropora_digitifera_11375	55	1698	Adig_Acropora_digitifera_11375
>PRKAA1-202_Ahya_Acropora_hyacinthus_5305	67	882	Ahya_Acropora_hyacinthus_5305
>PRKAA1-202_Amil_Acropora_millepora_2372	55	1698	Amil_Acropora_millepora_2372
>PRKAA1-202_Apal_XM_021046694.1	89	862	Apal_XM_021046694.1
>PRKAA1-202_Apoc_chromosome_7.2191_1	1	804	Apoc_chromosome_7.2191_1
>PRKAA1-202_Aque_XM_003382534.3	78	1601	Aque_XM_003382534.3
>PRKAA1-202_Cgig_G3440.6	1	1716	Cgig_G3440.6
>PRKAA1-202_Emue_Em0002g45a.t1	67	1521	Emue_Em0002g45a.t1
>PRKAA1-202_Gasp_gasp1.m3.7731.m1	1142	2509	Gasp_gasp1.m3.7731.m1
>PRKAA1-202_Gfas_gfas1.m1.1962.m1	285	1865	Gfas_gfas1.m1.1962.m1
>PRKAA1-202_Hsal_ENA_GHBP01001422_GHBP01001422.1	93	863	Hsal_ENA_GHBP01001422_GHBP01001422.1
>PRKAA1-202_Kiwa_ENA_GBGI01000920_GBGI01000920.1	42	1475	Kiwa_ENA_GBGI01000920_GBGI01000920.1
>PRKAA1-202_Mcap_g68164	139	987	Mcap_g68164
>PRKAA1-202_Msqu_ENA_GHBR01001278_GHBR01001278.1	5	745	Msqu_ENA_GHBR01001278_GHBR01001278.1
>PRKAA1-202_Nvec_XM_032376303.1	196	1854	Nvec_XM_032376303.1
>PRKAA1-202_Pbac_AVPN01019414.1	15097	15945	Pbac_AVPN01019414.1
>PRKAA1-202_Pdam_Pocillopora_damicornis_12098	184	1041	Pdam_Pocillopora_damicornis_12098
>PRKAA1-202_Plut_plut2.m8.11646.m1	138	1796	Plut_plut2.m8.11646.m1
>PRKAA1-202_Prus_35312_t	1	1587	Prus_35312_t
>PRKAA1-202_Pver_TRINITY_DN14942_c0_g1_i1	396	2030	Pver_TRINITY_DN14942_c0_g1_i1
>PRKAA1-202_Spis_Stylophora_pistillata_17037	64	1695	Spis_Stylophora_pistillata_17037
>PRKAA2-201_Adig_Acropora_digitifera_11375	109	1698	Adig_Acropora_digitifera_11375
>PRKAA2-201_Ahya_Acropora_hyacinthus_5305	67	882	Ahya_Acropora_hyacinthus_5305
>PRKAA2-201_Amil_Acropora_millepora_2372	109	1698	Amil_Acropora_millepora_2372
>PRKAA2-201_Apal_XM_021046692.2	157	948	Apal_XM_021046692.2
>PRKAA2-201_Apoc_chromosome_11.242.3.5f15dc66_1	121	1158	Apoc_chromosome_11.242.3.5f15dc66_1
>PRKAA2-201_Aque_XM_003382534.3	78	1622	Aque_XM_003382534.3
>PRKAA2-201_Cgig_G3440.6	1	1716	Cgig_G3440.6
>PRKAA2-201_Emue_Em0002g45a.t1	67	1485	Emue_Em0002g45a.t1
>PRKAA2-201_Gasp_gasp1.m3.7731.m1	1142	2509	Gasp_gasp1.m3.7731.m1
>PRKAA2-201_Gfas_gfas1.m1.1962.m1	348	1865	Gfas_gfas1.m1.1962.m1
>PRKAA2-201_Hsal_ENA_GHBP01003195_GHBP01003195.1	105	905	Hsal_ENA_GHBP01003195_GHBP01003195.1
>PRKAA2-201_Kiwa_ENA_GBGI01000920_GBGI01000920.1	87	1475	Kiwa_ENA_GBGI01000920_GBGI01000920.1
>PRKAA2-201_Mcap_g22399	34	1110	Mcap_g22399
>PRKAA2-201_Msqu_ENA_GHBR01001278_GHBR01001278.1	5	763	Msqu_ENA_GHBR01001278_GHBR01001278.1
>PRKAA2-201_Nvec_XM_032376303.1	238	1854	Nvec_XM_032376303.1
>PRKAA2-201_Pbac_AVPN01019414.1	15022	15945	Pbac_AVPN01019414.1
>PRKAA2-201_Pdam_Pocillopora_damicornis_12098	184	1056	Pdam_Pocillopora_damicornis_12098
>PRKAA2-201_Plut_plut2.m8.11646.m1	177	1796	Plut_plut2.m8.11646.m1
>PRKAA2-201_Prus_35312_t	34	1587	Prus_35312_t
>PRKAA2-201_Pver_TRINITY_DN14942_c0_g1_i1	396	2030	Pver_TRINITY_DN14942_c0_g1_i1
>PRKAA2-201_Spis_Stylophora_pistillata_17037	64	1695	Spis_Stylophora_pistillata_17037
>PRKCB-210_Adig_Acropora_digitifera_13804	55	2022	Adig_Acropora_digitifera_13804
>PRKCB-210_Ahya_Acropora_hyacinthus_2662	115	987	Ahya_Acropora_hyacinthus_2662
>PRKCB-210_Amil_Acropora_millepora_4194	73	2040	Amil_Acropora_millepora_4194
>PRKCB-210_Apal_XM_021047504.2	41	2014	Apal_XM_021047504.2
>PRKCB-210_Apoc_chromosome_5.946_1	55	2028	Apoc_chromosome_5.946_1
>PRKCB-210_Aque_XM_003382718.3	171	2174	Aque_XM_003382718.3
>PRKCB-210_Cgig_G1743.2	43	1965	Cgig_G1743.2
>PRKCB-210_Emue_Em0020g1088a.t1	19	1887	Emue_Em0020g1088a.t1
>PRKCB-210_Gasp_gasp1.m3.862.m1	169	1806	Gasp_gasp1.m3.862.m1
>PRKCB-210_Gfas_gfas1.m1.4793.m1	93	1301	Gfas_gfas1.m1.4793.m1
>PRKCB-210_Hsal_ENA_GHBP01000148_GHBP01000148.1	681	1553	Hsal_ENA_GHBP01000148_GHBP01000148.1
>PRKCB-210_Kiwa_ENA_GBGI01004074_GBGI01004074.1	1179	145	Kiwa_ENA_GBGI01004074_GBGI01004074.1
>PRKCB-210_Mcap_g43306	55	2025	Mcap_g43306
>PRKCB-210_Msqu_ENA_GHBR01000029_GHBR01000029.1	985	2088	Msqu_ENA_GHBR01000029_GHBR01000029.1
>PRKCB-210_Nvec_XM_032386799.1	74	1651	Nvec_XM_032386799.1
>PRKCB-210_Pbac_AVPN01000773.1	27360	27845	Pbac_AVPN01000773.1
>PRKCB-210_Pdam_Pocillopora_damicornis_24162	4	807	Pdam_Pocillopora_damicornis_24162
>PRKCB-210_Plut_plut2.m8.8651.m1	160	2121	Plut_plut2.m8.8651.m1
>PRKCB-210_Prus_35731_t	1363	2286	Prus_35731_t
>PRKCB-210_Pver_TRINITY_DN7281_c0_g2_i2	1267	2286	Pver_TRINITY_DN7281_c0_g2_i2
>PRKCB-210_Spis_Stylophora_pistillata_7327	67	2058	Spis_Stylophora_pistillata_7327
>PRKCD-201_Adig_Acropora_digitifera_12667	7	2091	Adig_Acropora_digitifera_12667
>PRKCD-201_Ahya_Acropora_hyacinthus_2662	85	1023	Ahya_Acropora_hyacinthus_2662
>PRKCD-201_Amil_Acropora_millepora_5286	7	2091	Amil_Acropora_millepora_5286
>PRKCD-201_Apal_XM_021057477.2	380	2326	Apal_XM_021057477.2
>PRKCD-201_Apoc_chromosome_2.1936_1	7	2082	Apoc_chromosome_2.1936_1
>PRKCD-201_Aque_XM_003386437.3	265	2199	Aque_XM_003386437.3
>PRKCD-201_Cgig_G30395.2	16	2082	Cgig_G30395.2
>PRKCD-201_Emue_Em0020g1088a.t1	889	1887	Emue_Em0020g1088a.t1
>PRKCD-201_Gasp_gasp1.m3.10402.m1	186	2102	Gasp_gasp1.m3.10402.m1
>PRKCD-201_Gfas_gfas1.m1.4204.m1	933	2804	Gfas_gfas1.m1.4204.m1
>PRKCD-201_Hsal_ENA_GHBP01000148_GHBP01000148.1	687	1649	Hsal_ENA_GHBP01000148_GHBP01000148.1
>PRKCD-201_Kiwa_ENA_GBGI01012794_GBGI01012794.1	378	1517	Kiwa_ENA_GBGI01012794_GBGI01012794.1
>PRKCD-201_Mcap_g60346	160	2100	Mcap_g60346
>PRKCD-201_Msqu_ENA_GHBR01000318_GHBR01000318.1	166	1527	Msqu_ENA_GHBR01000318_GHBR01000318.1
>PRKCD-201_Nvec_XM_032374710.1	165	2234	Nvec_XM_032374710.1
>PRKCD-201_Pbac_AVPN01019333.1	268	1068	Pbac_AVPN01019333.1
>PRKCD-201_Pdam_Pocillopora_damicornis_19648	1	873	Pdam_Pocillopora_damicornis_19648
>PRKCD-201_Plut_plut2.m8.32383.m1	307	1974	Plut_plut2.m8.32383.m1
>PRKCD-201_Prus_27878_t	406	2001	Prus_27878_t
>PRKCD-201_Pver_TRINITY_DN10517_c0_g1_i1	175	2271	Pver_TRINITY_DN10517_c0_g1_i1
>PRKCD-201_Spis_Stylophora_pistillata_9649	373	1749	Spis_Stylophora_pistillata_9649
>PRKDC-201_Adig_Acropora_digitifera_1340	67	873	Adig_Acropora_digitifera_1340
>PRKDC-201_Amil_Acropora_millepora_3437	10	4314	Amil_Acropora_millepora_3437
>PRKDC-201_Apal_XM_021038766.2	1	5838	Apal_XM_021038766.2
>PRKDC-201_Apoc_chromosome_5.1685_1	106	8430	Apoc_chromosome_5.1685_1
>PRKDC-201_Aque_XM_019997181.1	4680	12527	Aque_XM_019997181.1
>PRKDC-201_Cgig_G1953.1	88	12423	Cgig_G1953.1
>PRKDC-201_Emue_Em0020g393a.t1	787	8451	Emue_Em0020g393a.t1
>PRKDC-201_Gasp_gasp1.m3.16762.m1	210	3200	Gasp_gasp1.m3.16762.m1
>PRKDC-201_Gfas_gfas1.m1.1388.m1	242	11977	Gfas_gfas1.m1.1388.m1
>PRKDC-201_Hsal_ENA_GHBP01001336_GHBP01001336.1	214	1041	Hsal_ENA_GHBP01001336_GHBP01001336.1
>PRKDC-201_Kiwa_ENA_GBGI01016729_GBGI01016729.1	1108	92	Kiwa_ENA_GBGI01016729_GBGI01016729.1
>PRKDC-201_Mcap_adi2mcaRNA5355_R0	1447	4578	Mcap_adi2mcaRNA5355_R0
>PRKDC-201_Msqu_ENA_GHBR01000003_GHBR01000003.1	1283	2380	Msqu_ENA_GHBR01000003_GHBR01000003.1
>PRKDC-201_Nvec_XM_032373947.1	187	12519	Nvec_XM_032373947.1
>PRKDC-201_Pbac_AVPN01021523.1	2171	2650	Pbac_AVPN01021523.1
>PRKDC-201_Pdam_Pocillopora_damicornis_14639	1	804	Pdam_Pocillopora_damicornis_14639
>PRKDC-201_Plut_plut2.m8.7680.m1	83	2290	Plut_plut2.m8.7680.m1
>PRKDC-201_Prus_1191_t	2	1528	Prus_1191_t
>PRKDC-201_Pver_TRINITY_DN3555_c0_g1_i1	1088	3235	Pver_TRINITY_DN3555_c0_g1_i1
>PRKDC-201_Spis_Stylophora_pistillata_10189	58	12486	Spis_Stylophora_pistillata_10189
>RPS6KA4-201_Adig_Acropora_digitifera_13555	79	2130	Adig_Acropora_digitifera_13555
>RPS6KA4-201_Ahya_Acropora_hyacinthus_2662	100	984	Ahya_Acropora_hyacinthus_2662
>RPS6KA4-201_Amil_Acropora_millepora_9410	43	2187	Amil_Acropora_millepora_9410
>RPS6KA4-201_Apal_XM_021049976.2	124	2295	Apal_XM_021049976.2
>RPS6KA4-201_Apoc_chromosome_11.664_1	1	2193	Apoc_chromosome_11.664_1
>RPS6KA4-201_Aque_XM_019993090.1	435	2555	Aque_XM_019993090.1
>RPS6KA4-201_Cgig_G17431.1	88	2196	Cgig_G17431.1
>RPS6KA4-201_Emue_Em0023g506a.t1	130	2289	Emue_Em0023g506a.t1
>RPS6KA4-201_Gasp_gasp1.m3.27783.m1	168	2354	Gasp_gasp1.m3.27783.m1
>RPS6KA4-201_Gfas_gfas1.m1.18300.m1	1125	3161	Gfas_gfas1.m1.18300.m1
>RPS6KA4-201_Hsal_ENA_GHBP01000198_GHBP01000198.1	754	2139	Hsal_ENA_GHBP01000198_GHBP01000198.1
>RPS6KA4-201_Kiwa_ENA_GBGI01004572_GBGI01004572.1	159	2243	Kiwa_ENA_GBGI01004572_GBGI01004572.1
>RPS6KA4-201_Mcap_g36065	46	2187	Mcap_g36065
>RPS6KA4-201_Msqu_ENA_GHBR01000387_GHBR01000387.1	212	1279	Msqu_ENA_GHBR01000387_GHBR01000387.1
>RPS6KA4-201_Nvec_XM_001631176.2	146	2332	Nvec_XM_001631176.2
>RPS6KA4-201_Pbac_AVPN01000319.1	43481	42813	Pbac_AVPN01000319.1
>RPS6KA4-201_Pdam_Pocillopora_damicornis_2328	34	921	Pdam_Pocillopora_damicornis_2328
>RPS6KA4-201_Plut_plut2.m8.22132.m1	133	2115	Plut_plut2.m8.22132.m1
>RPS6KA4-201_Prus_9721_t	169	2064	Prus_9721_t
>RPS6KA4-201_Pver_TRINITY_DN6590_c0_g3_i1	131	2272	Pver_TRINITY_DN6590_c0_g3_i1
>RPS6KA4-201_Spis_Stylophora_pistillata_10602	46	2187	Spis_Stylophora_pistillata_10602
>RPS6KA5-207_Adig_Acropora_digitifera_13555	94	2049	Adig_Acropora_digitifera_13555
>RPS6KA5-207_Ahya_Acropora_hyacinthus_2662	52	978	Ahya_Acropora_hyacinthus_2662
>RPS6KA5-207_Amil_Acropora_millepora_9410	34	2169	Amil_Acropora_millepora_9410
>RPS6KA5-207_Apal_XM_021049976.2	166	2277	Apal_XM_021049976.2
>RPS6KA5-207_Apoc_chromosome_11.664_1	34	2175	Apoc_chromosome_11.664_1
>RPS6KA5-207_Aque_XM_011408209.2	122	2155	Aque_XM_011408209.2
>RPS6KA5-207_Cgig_G12636.1	46	2181	Cgig_G12636.1
>RPS6KA5-207_Emue_Em0023g506a.t1	121	2208	Emue_Em0023g506a.t1
>RPS6KA5-207_Gasp_gasp1.m3.27783.m1	201	2336	Gasp_gasp1.m3.27783.m1
>RPS6KA5-207_Gfas_gfas1.m1.18300.m1	1140	3095	Gfas_gfas1.m1.18300.m1
>RPS6KA5-207_Hsal_ENA_GHBP01000198_GHBP01000198.1	754	2139	Hsal_ENA_GHBP01000198_GHBP01000198.1
>RPS6KA5-207_Kiwa_ENA_GBGI01004572_GBGI01004572.1	207	2180	Kiwa_ENA_GBGI01004572_GBGI01004572.1
>RPS6KA5-207_Mcap_g36065	34	2169	Mcap_g36065
>RPS6KA5-207_Msqu_ENA_GHBR01000387_GHBR01000387.1	212	1279	Msqu_ENA_GHBR01000387_GHBR01000387.1
>RPS6KA5-207_Nvec_XM_001631176.2	155	2314	Nvec_XM_001631176.2
>RPS6KA5-207_Pbac_AVPN01019414.1	15046	15897	Pbac_AVPN01019414.1
>RPS6KA5-207_Pdam_Pocillopora_damicornis_14983	112	975	Pdam_Pocillopora_damicornis_14983
>RPS6KA5-207_Plut_plut2.m8.22132.m1	142	2097	Plut_plut2.m8.22132.m1
>RPS6KA5-207_Prus_9721_t	184	2043	Prus_9721_t
>RPS6KA5-207_Pver_TRINITY_DN6590_c0_g3_i1	119	2254	Pver_TRINITY_DN6590_c0_g3_i1
>RPS6KA5-207_Spis_Stylophora_pistillata_10602	34	2169	Spis_Stylophora_pistillata_10602
>SGO1-203_Pdam_Pocillopora_damicornis_7510	187	285	Pdam_Pocillopora_damicornis_7510
>SLK-202_Adig_Acropora_digitifera_15782	1	909	Adig_Acropora_digitifera_15782
>SLK-202_Ahya_Acropora_hyacinthus_4126	1	828	Ahya_Acropora_hyacinthus_4126
>SLK-202_Amil_Acropora_millepora_3847	1	909	Amil_Acropora_millepora_3847
>SLK-202_Apal_XM_021040895.2	140	952	Apal_XM_021040895.2
>SLK-202_Apoc_chromosome_12.2042_1	1	909	Apoc_chromosome_12.2042_1
>SLK-202_Aque_XM_003383845.3	76	978	Aque_XM_003383845.3
>SLK-202_Cgig_G15598.17	1	927	Cgig_G15598.17
>SLK-202_Emue_Em0013g287a.t1	1	903	Emue_Em0013g287a.t1
>SLK-202_Gasp_gasp1.m3.6229.m1	261	1169	Gasp_gasp1.m3.6229.m1
>SLK-202_Gfas_gfas1.m1.766.m1	449	1273	Gfas_gfas1.m1.766.m1
>SLK-202_Hsal_ENA_GHBP01001748_GHBP01001748.1	113	928	Hsal_ENA_GHBP01001748_GHBP01001748.1
>SLK-202_Kiwa_ENA_GBGI01011718_GBGI01011718.1	70	900	Kiwa_ENA_GBGI01011718_GBGI01011718.1
>SLK-202_Mcap_g54340	1	909	Mcap_g54340
>SLK-202_Msqu_ENA_GHBR01000724_GHBR01000724.1	432	1241	Msqu_ENA_GHBR01000724_GHBR01000724.1
>SLK-202_Nvec_XM_032365978.1	256	1164	Nvec_XM_032365978.1
>SLK-202_Pbac_AVPN01007535.1	1870	2619	Pbac_AVPN01007535.1
>SLK-202_Pdam_Pocillopora_damicornis_5155	133	933	Pdam_Pocillopora_damicornis_5155
>SLK-202_Plut_plut2.m8.4261.m1	192	1100	Plut_plut2.m8.4261.m1
>SLK-202_Prus_Prusg5739.t1	526	1344	Prus_Prusg5739.t1
>SLK-202_Pver_TRINITY_DN1629_c0_g1_i2	720	1628	Pver_TRINITY_DN1629_c0_g1_i2
>SLK-202_Spis_Stylophora_pistillata_7408	1	909	Spis_Stylophora_pistillata_7408
>STK4-202_Adig_Acropora_digitifera_15285	19	1479	Adig_Acropora_digitifera_15285
>STK4-202_Ahya_Acropora_hyacinthus_4230	22	801	Ahya_Acropora_hyacinthus_4230
>STK4-202_Amil_Acropora_millepora_15253	19	1182	Amil_Acropora_millepora_15253
>STK4-202_Apal_XM_021040895.2	146	1645	Apal_XM_021040895.2
>STK4-202_Apoc_chromosome_8.2486_1	19	1098	Apoc_chromosome_8.2486_1
>STK4-202_Aque_XM_003385318.3	78	1448	Aque_XM_003385318.3
>STK4-202_Cgig_G5377.2	22	1521	Cgig_G5377.2
>STK4-202_Emue_Em0005g1518a.t1	13	1446	Emue_Em0005g1518a.t1
>STK4-202_Gasp_gasp1.m3.5529.m1	145	1605	Gasp_gasp1.m3.5529.m1
>STK4-202_Gfas_gfas1.m1.15033.m1	157	1677	Gfas_gfas1.m1.15033.m1
>STK4-202_Hsal_ENA_GHBP01001748_GHBP01001748.1	68	967	Hsal_ENA_GHBP01001748_GHBP01001748.1
>STK4-202_Kiwa_ENA_GBGI01011717_GBGI01011717.1	94	1056	Kiwa_ENA_GBGI01011717_GBGI01011717.1
>STK4-202_Mcap_g66956	19	1491	Mcap_g66956
>STK4-202_Msqu_ENA_GHBR01000724_GHBR01000724.1	420	1241	Msqu_ENA_GHBR01000724_GHBR01000724.1
>STK4-202_Nvec_XM_032384310.1	161	1636	Nvec_XM_032384310.1
>STK4-202_Pbac_AVPN01019333.1	244	1002	Pbac_AVPN01019333.1
>STK4-202_Pdam_Pocillopora_damicornis_5155	160	930	Pdam_Pocillopora_damicornis_5155
>STK4-202_Plut_plut2.m8.25378.m1	220	1680	Plut_plut2.m8.25378.m1
>STK4-202_Prus_7976_t	1	900	Prus_7976_t
>STK4-202_Pver_TRINITY_DN4593_c0_g1_i1	155	1612	Pver_TRINITY_DN4593_c0_g1_i1
>STK4-202_Spis_Stylophora_pistillata_7408	85	930	Spis_Stylophora_pistillata_7408
>WDR5-201_Adig_Acropora_digitifera_7451	88	1032	Adig_Acropora_digitifera_7451
>WDR5-201_Ahya_Acropora_hyacinthus_4841	124	936	Ahya_Acropora_hyacinthus_4841
>WDR5-201_Amil_Acropora_millepora_10076	88	1032	Amil_Acropora_millepora_10076
>WDR5-201_Apal_XM_021054644.2	5	946	Apal_XM_021054644.2
>WDR5-201_Apoc_chromosome_5.674_1	10	942	Apoc_chromosome_5.674_1
>WDR5-201_Aque_XM_019994510.1	554	1498	Aque_XM_019994510.1
>WDR5-201_Cgig_G27799.4	130	1056	Cgig_G27799.4
>WDR5-201_Emue_Em0015g1139a.t1	1213	2181	Emue_Em0015g1139a.t1
>WDR5-201_Gasp_gasp1.m3.2322.m1	224	1108	Gasp_gasp1.m3.2322.m1
>WDR5-201_Gfas_gfas1.m1.654.m1	144	1073	Gfas_gfas1.m1.654.m1
>WDR5-201_Hsal_ENA_GHBP01000740_GHBP01000740.1	551	1471	Hsal_ENA_GHBP01000740_GHBP01000740.1
>WDR5-201_Kiwa_ENA_GBGI01005455_GBGI01005455.1	138	1103	Kiwa_ENA_GBGI01005455_GBGI01005455.1
>WDR5-201_Mcap_g28028	82	1032	Mcap_g28028
>WDR5-201_Msqu_ENA_GHBR01001176_GHBR01001176.1	528	1070	Msqu_ENA_GHBR01001176_GHBR01001176.1
>WDR5-201_Nvec_XM_032383274.1	583	1524	Nvec_XM_032383274.1
>WDR5-201_Pbac_AVPN01002019.1	15703	14870	Pbac_AVPN01002019.1
>WDR5-201_Pdam_Pocillopora_damicornis_3597	16	1002	Pdam_Pocillopora_damicornis_3597
>WDR5-201_Plut_plut2.m8.21919.m1	194	1093	Plut_plut2.m8.21919.m1
>WDR5-201_Prus_10375_t	46	1068	Prus_10375_t
>WDR5-201_Pver_TRINITY_DN6824_c0_g1_i2	191	1177	Pver_TRINITY_DN6824_c0_g1_i2
>WDR5-201_Spis_Stylophora_pistillata_12386	160	1116	Spis_Stylophora_pistillata_12386
>WEE1-202_Adig_Acropora_digitifera_14215	241	1548	Adig_Acropora_digitifera_14215
>WEE1-202_Ahya_Acropora_hyacinthus_4230	25	801	Ahya_Acropora_hyacinthus_4230
>WEE1-202_Amil_Acropora_millepora_13230	241	1548	Amil_Acropora_millepora_13230
>WEE1-202_Apal_XM_021054298.2	434	1738	Apal_XM_021054298.2
>WEE1-202_Apoc_chromosome_12.2205_1	265	1656	Apoc_chromosome_12.2205_1
>WEE1-202_Aque_XM_019999219.1	488	1738	Aque_XM_019999219.1
>WEE1-202_Cgig_G17447.2	403	1626	Cgig_G17447.2
>WEE1-202_Emue_Em0021g402a.t1	2893	4332	Emue_Em0021g402a.t1
>WEE1-202_Gasp_gasp1.m3.13677.m1	378	1769	Gasp_gasp1.m3.13677.m1
>WEE1-202_Gfas_gfas1.m1.9114.m1	271	1677	Gfas_gfas1.m1.9114.m1
>WEE1-202_Hsal_ENA_GHBP01000623_GHBP01000623.1	613	1473	Hsal_ENA_GHBP01000623_GHBP01000623.1
>WEE1-202_Kiwa_ENA_GBGI01004763_GBGI01004763.1	651	1421	Kiwa_ENA_GBGI01004763_GBGI01004763.1
>WEE1-202_Mcap_g36975	235	1545	Mcap_g36975
>WEE1-202_Msqu_ENA_GHBR01001194_GHBR01001194.1	99	893	Msqu_ENA_GHBR01001194_GHBR01001194.1
>WEE1-202_Nvec_XM_001635738.2	443	1729	Nvec_XM_001635738.2
>WEE1-202_Pbac_AVPN01010171.1	978	1595	Pbac_AVPN01010171.1
>WEE1-202_Pdam_Pocillopora_damicornis_23860	67	837	Pdam_Pocillopora_damicornis_23860
>WEE1-202_Plut_plut2.m8.18522.m1	326	1081	Plut_plut2.m8.18522.m1
>WEE1-202_Prus_17250_t	10	801	Prus_17250_t
>WEE1-202_Pver_TRINITY_DN10150_c0_g1_i1	358	1782	Pver_TRINITY_DN10150_c0_g1_i1
>WEE1-202_Spis_Stylophora_pistillata_16200	238	1662	Spis_Stylophora_pistillata_16200
>YWHAQ-201_Adig_Acropora_digitifera_14767	52	756	Adig_Acropora_digitifera_14767
>YWHAQ-201_Ahya_Acropora_hyacinthus_3606	7	693	Ahya_Acropora_hyacinthus_3606
>YWHAQ-201_Amil_Acropora_millepora_19885	52	756	Amil_Acropora_millepora_19885
>YWHAQ-201_Apal_XM_021048197.2	115	825	Apal_XM_021048197.2
>YWHAQ-201_Apoc_chromosome_8.1126_1	16	741	Apoc_chromosome_8.1126_1
>YWHAQ-201_Aque_XM_003387263.3	111	788	Aque_XM_003387263.3
>YWHAQ-201_Cgig_G23866.36	22	696	Cgig_G23866.36
>YWHAQ-201_Emue_Em0005g1022a.t1	1	711	Emue_Em0005g1022a.t1
>YWHAQ-201_Gasp_gasp1.m3.8611.m1	343	1218	Gasp_gasp1.m3.8611.m1
>YWHAQ-201_Gfas_gfas1.m1.7477.m1	224	931	Gfas_gfas1.m1.7477.m1
>YWHAQ-201_Hsal_ENA_GHBP01003009_GHBP01003009.1	202	894	Hsal_ENA_GHBP01003009_GHBP01003009.1
>YWHAQ-201_Kiwa_ENA_GBGI01001608_GBGI01001608.1	782	1459	Kiwa_ENA_GBGI01001608_GBGI01001608.1
>YWHAQ-201_Mcap_g26534	52	756	Mcap_g26534
>YWHAQ-201_Msqu_ENA_GHBR01002027_GHBR01002027.1	73	621	Msqu_ENA_GHBR01002027_GHBR01002027.1
>YWHAQ-201_Nvec_XM_001633385.2	125	814	Nvec_XM_001633385.2
>YWHAQ-201_Pbac_AVPN01003322.1	8956	9645	Pbac_AVPN01003322.1
>YWHAQ-201_Pdam_Pocillopora_damicornis_8808	19	723	Pdam_Pocillopora_damicornis_8808
>YWHAQ-201_Plut_plut2.m8.19231.m1	784	1485	Plut_plut2.m8.19231.m1
>YWHAQ-201_Prus_18940_t	10	711	Prus_18940_t
>YWHAQ-201_Pver_TRINITY_DN5477_c0_g1_i1	272	976	Pver_TRINITY_DN5477_c0_g1_i1
>YWHAQ-201_Spis_Stylophora_pistillata_15403	7	699	Spis_Stylophora_pistillata_15403
