>Ash2l-201_Adig_Acropora_digitifera_4712	487	1371	Adig_Acropora_digitifera_4712
>Ash2l-201_Ahya_Acropora_hyacinthus_6078	1	489	Ahya_Acropora_hyacinthus_6078
>Ash2l-201_Amil_Acropora_millepora_14278	448	1332	Amil_Acropora_millepora_14278
>Ash2l-201_Apal_XM_021036798.2	481	1374	Apal_XM_021036798.2
>Ash2l-201_Apoc_chromosome_14.56_1	418	1305	Apoc_chromosome_14.56_1
>Ash2l-201_Aque_XM_019996598.1	19	1230	Aque_XM_019996598.1
>Ash2l-201_Cgig_G3294.4	52	1671	Cgig_G3294.4
>Ash2l-201_Emue_Em0015g68a.t1	28	1530	Emue_Em0015g68a.t1
>Ash2l-201_Gasp_gasp1.m3.16212.m1	429	1289	Gasp_gasp1.m3.16212.m1
>Ash2l-201_Gfas_gfas1.m1.1102.m1	424	1194	Gfas_gfas1.m1.1102.m1
>Ash2l-201_Hsal_ENA_GHBP01003731_GHBP01003731.1	366	872	Hsal_ENA_GHBP01003731_GHBP01003731.1
>Ash2l-201_Kiwa_ENA_GBGI01016359_GBGI01016359.1	3913	4635	Kiwa_ENA_GBGI01016359_GBGI01016359.1
>Ash2l-201_Mcap_g37494	400	1305	Mcap_g37494
>Ash2l-201_Msqu_ENA_GHBR01004413_GHBR01004413.1	3	575	Msqu_ENA_GHBR01004413_GHBR01004413.1
>Ash2l-201_Nvec_XM_032375705.1	501	1331	Nvec_XM_032375705.1
>Ash2l-201_Pbac_AVPN01000045.1	92977	92273	Pbac_AVPN01000045.1
>Ash2l-201_Plut_plut2.m8.19974.m1	1	693	Plut_plut2.m8.19974.m1
>Ash2l-201_Prus_6797_t	3103	3360	Prus_6797_t
>Ash2l-201_Pver_TRINITY_DN5318_c0_g1_i3	433	1320	Pver_TRINITY_DN5318_c0_g1_i3
>Ash2l-201_Spis_Stylophora_pistillata_13291	193	789	Spis_Stylophora_pistillata_13291
>Ezh1-203_Adig_Acropora_digitifera_14486	13	2082	Adig_Acropora_digitifera_14486
>Ezh1-203_Ahya_Acropora_hyacinthus_6509	13	549	Ahya_Acropora_hyacinthus_6509
>Ezh1-203_Amil_Acropora_millepora_12605	13	1935	Amil_Acropora_millepora_12605
>Ezh1-203_Apal_XM_021056226.2	99	2162	Apal_XM_021056226.2
>Ezh1-203_Apoc_chromosome_1.210_1	52	1014	Apoc_chromosome_1.210_1
>Ezh1-203_Aque_XM_020003880.1	1	540	Aque_XM_020003880.1
>Ezh1-203_Cgig_G26595.5	127	2139	Cgig_G26595.5
>Ezh1-203_Emue_Em0016g1110a.t1	1312	2277	Emue_Em0016g1110a.t1
>Ezh1-203_Gasp_gasp1.m3.19923.m1	111	2192	Gasp_gasp1.m3.19923.m1
>Ezh1-203_Gfas_gfas1.m1.9645.m1	197	2071	Gfas_gfas1.m1.9645.m1
>Ezh1-203_Hsal_ENA_GHBP01004811_GHBP01004811.1	367	720	Hsal_ENA_GHBP01004811_GHBP01004811.1
>Ezh1-203_Kiwa_ENA_GBGI01018216_GBGI01018216.1	541	945	Kiwa_ENA_GBGI01018216_GBGI01018216.1
>Ezh1-203_Mcap_adi2mcaRNA27477_R0	151	1548	Mcap_adi2mcaRNA27477_R0
>Ezh1-203_Msqu_ENA_GHBR01005920_GHBR01005920.1	31	384	Msqu_ENA_GHBR01005920_GHBR01005920.1
>Ezh1-203_Nvec_XM_001622372.2	100	2133	Nvec_XM_001622372.2
>Ezh1-203_Pbac_AVPN01001905.1	6455	6769	Pbac_AVPN01001905.1
>Ezh1-203_Pdam_Pocillopora_damicornis_6858	1	741	Pdam_Pocillopora_damicornis_6858
>Ezh1-203_Plut_plut2.m8.21207.m1	121	2079	Plut_plut2.m8.21207.m1
>Ezh1-203_Prus_2797_t	700	1098	Prus_2797_t
>Ezh1-203_Pver_TRINITY_DN26134_c0_g1_i1	115	2202	Pver_TRINITY_DN26134_c0_g1_i1
>Ezh1-203_Spis_Stylophora_pistillata_14547	82	2163	Spis_Stylophora_pistillata_14547
>Kmt1c-Ehmt2-201_Adig_Acropora_digitifera_16814	424	1557	Adig_Acropora_digitifera_16814
>Kmt1c-Ehmt2-201_Ahya_Acropora_hyacinthus_2130	52	801	Ahya_Acropora_hyacinthus_2130
>Kmt1c-Ehmt2-201_Amil_Acropora_millepora_5217	1411	3012	Amil_Acropora_millepora_5217
>Kmt1c-Ehmt2-201_Apal_XM_021051081.2	7	1380	Apal_XM_021051081.2
>Kmt1c-Ehmt2-201_Apoc_chromosome_13.3871_1	1504	3105	Apoc_chromosome_13.3871_1
>Kmt1c-Ehmt2-201_Aque_XM_020001492.1	1361	2128	Aque_XM_020001492.1
>Kmt1c-Ehmt2-201_Cgig_G25282.1	2437	4695	Cgig_G25282.1
>Kmt1c-Ehmt2-201_Emue_Em0020g285a.t1	1846	2634	Emue_Em0020g285a.t1
>Kmt1c-Ehmt2-201_Gasp_gasp1.m3.11471.m1	1456	2598	Gasp_gasp1.m3.11471.m1
>Kmt1c-Ehmt2-201_Gfas_gfas1.m1.16163.m1	1365	2765	Gfas_gfas1.m1.16163.m1
>Kmt1c-Ehmt2-201_Hsal_ENA_GHBP01001246_GHBP01001246.1	18	677	Hsal_ENA_GHBP01001246_GHBP01001246.1
>Kmt1c-Ehmt2-201_Kiwa_ENA_GBGI01002868_GBGI01002868.1	518	2146	Kiwa_ENA_GBGI01002868_GBGI01002868.1
>Kmt1c-Ehmt2-201_Mcap_g27129	10	939	Mcap_g27129
>Kmt1c-Ehmt2-201_Msqu_ENA_GHBR01000631_GHBR01000631.1	13	750	Msqu_ENA_GHBR01000631_GHBR01000631.1
>Kmt1c-Ehmt2-201_Nvec_XM_032386052.1	1490	3214	Nvec_XM_032386052.1
>Kmt1c-Ehmt2-201_Pbac_AVPN01000696.1	17455	18186	Pbac_AVPN01000696.1
>Kmt1c-Ehmt2-201_Pdam_Pocillopora_damicornis_9401	112	876	Pdam_Pocillopora_damicornis_9401
>Kmt1c-Ehmt2-201_Plut_plut2.m8.9764.m1	1336	2856	Plut_plut2.m8.9764.m1
>Kmt1c-Ehmt2-201_Prus_3667_t	229	1797	Prus_3667_t
>Kmt1c-Ehmt2-201_Pver_TRINITY_DN7241_c0_g1_i1	1745	3373	Pver_TRINITY_DN7241_c0_g1_i1
>Kmt1c-Ehmt2-201_Spis_Stylophora_pistillata_18101	10	852	Spis_Stylophora_pistillata_18101
>Kmt1d-Ehmt1-210_Adig_Acropora_digitifera_16814	424	1557	Adig_Acropora_digitifera_16814
>Kmt1d-Ehmt1-210_Ahya_Acropora_hyacinthus_2130	127	882	Ahya_Acropora_hyacinthus_2130
>Kmt1d-Ehmt1-210_Amil_Acropora_millepora_5217	1411	3012	Amil_Acropora_millepora_5217
>Kmt1d-Ehmt1-210_Apal_XM_021051081.2	7	1374	Apal_XM_021051081.2
>Kmt1d-Ehmt1-210_Apoc_chromosome_13.3871_1	1477	3105	Apoc_chromosome_13.3871_1
>Kmt1d-Ehmt1-210_Aque_XM_020001492.1	1349	2128	Aque_XM_020001492.1
>Kmt1d-Ehmt1-210_Cgig_G25282.1	2437	4680	Cgig_G25282.1
>Kmt1d-Ehmt1-210_Emue_Em0003g560a.t1	481	1221	Emue_Em0003g560a.t1
>Kmt1d-Ehmt1-210_Gasp_gasp1.m3.16153.m1	41	901	Gasp_gasp1.m3.16153.m1
>Kmt1d-Ehmt1-210_Gfas_gfas1.m1.16163.m1	1347	2765	Gfas_gfas1.m1.16163.m1
>Kmt1d-Ehmt1-210_Hsal_ENA_GHBP01002060_GHBP01002060.1	355	1035	Hsal_ENA_GHBP01002060_GHBP01002060.1
>Kmt1d-Ehmt1-210_Kiwa_ENA_GBGI01002868_GBGI01002868.1	482	2131	Kiwa_ENA_GBGI01002868_GBGI01002868.1
>Kmt1d-Ehmt1-210_Mcap_g27129	10	939	Mcap_g27129
>Kmt1d-Ehmt1-210_Msqu_ENA_GHBR01000338_GHBR01000338.1	38	805	Msqu_ENA_GHBR01000338_GHBR01000338.1
>Kmt1d-Ehmt1-210_Nvec_XM_032386052.1	1592	3193	Nvec_XM_032386052.1
>Kmt1d-Ehmt1-210_Pbac_AVPN01000696.1	17410	18192	Pbac_AVPN01000696.1
>Kmt1d-Ehmt1-210_Pdam_Pocillopora_damicornis_9401	124	876	Pdam_Pocillopora_damicornis_9401
>Kmt1d-Ehmt1-210_Plut_plut2.m8.9764.m1	1324	2856	Plut_plut2.m8.9764.m1
>Kmt1d-Ehmt1-210_Prus_3667_t	217	1797	Prus_3667_t
>Kmt1d-Ehmt1-210_Pver_TRINITY_DN7241_c0_g1_i1	1772	3373	Pver_TRINITY_DN7241_c0_g1_i1
>Kmt1d-Ehmt1-210_Spis_Stylophora_pistillata_18101	7	852	Spis_Stylophora_pistillata_18101
>Kmt1e-Setdb1-201_Adig_Acropora_digitifera_16292	1471	2352	Adig_Acropora_digitifera_16292
>Kmt1e-Setdb1-201_Ahya_Acropora_hyacinthus_7139	10	354	Ahya_Acropora_hyacinthus_7139
>Kmt1e-Setdb1-201_Amil_Acropora_millepora_1119	2818	3699	Amil_Acropora_millepora_1119
>Kmt1e-Setdb1-201_Apal_XM_028658825.1	1858	2766	Apal_XM_028658825.1
>Kmt1e-Setdb1-201_Apoc_chromosome_5.1888_1	2707	3588	Apoc_chromosome_5.1888_1
>Kmt1e-Setdb1-201_Aque_XM_019997440.1	96	671	Aque_XM_019997440.1
>Kmt1e-Setdb1-201_Cgig_G5019.3	2524	3456	Cgig_G5019.3
>Kmt1e-Setdb1-201_Emue_Em0015g1268a.t1	220	1173	Emue_Em0015g1268a.t1
>Kmt1e-Setdb1-201_Gasp_gasp1.m3.9367.m1	2858	3739	Gasp_gasp1.m3.9367.m1
>Kmt1e-Setdb1-201_Gfas_gfas1.m1.6257.m1	2812	3693	Gfas_gfas1.m1.6257.m1
>Kmt1e-Setdb1-201_Hsal_ENA_GHBP01004811_GHBP01004811.1	553	780	Hsal_ENA_GHBP01004811_GHBP01004811.1
>Kmt1e-Setdb1-201_Kiwa_ENA_GBGI01002868_GBGI01002868.1	1325	1897	Kiwa_ENA_GBGI01002868_GBGI01002868.1
>Kmt1e-Setdb1-201_Mcap_g22755	2824	3705	Mcap_g22755
>Kmt1e-Setdb1-201_Msqu_ENA_GHBR01001394_GHBR01001394.1	229	456	Msqu_ENA_GHBR01001394_GHBR01001394.1
>Kmt1e-Setdb1-201_Nvec_XM_032375138.1	2787	3689	Nvec_XM_032375138.1
>Kmt1e-Setdb1-201_Pbac_AVPN01000070.1	52042	52824	Pbac_AVPN01000070.1
>Kmt1e-Setdb1-201_Pdam_Pocillopora_damicornis_9401	217	594	Pdam_Pocillopora_damicornis_9401
>Kmt1e-Setdb1-201_Plut_plut2.m8.14028.m1	2866	3747	Plut_plut2.m8.14028.m1
>Kmt1e-Setdb1-201_Prus_36422_t	988	1692	Prus_36422_t
>Kmt1e-Setdb1-201_Pver_TRINITY_DN5297_c0_g1_i2	2928	3836	Pver_TRINITY_DN5297_c0_g1_i2
>Kmt1e-Setdb1-201_Spis_Stylophora_pistillata_3042	2344	3225	Spis_Stylophora_pistillata_3042
>Kmt1f-Setdb2-201_Adig_Acropora_digitifera_16292	1474	2241	Adig_Acropora_digitifera_16292
>Kmt1f-Setdb2-201_Ahya_Acropora_hyacinthus_7139	28	303	Ahya_Acropora_hyacinthus_7139
>Kmt1f-Setdb2-201_Amil_Acropora_millepora_1119	2821	3588	Amil_Acropora_millepora_1119
>Kmt1f-Setdb2-201_Apal_XM_028658825.1	1861	2628	Apal_XM_028658825.1
>Kmt1f-Setdb2-201_Apoc_chromosome_5.1888_1	2710	3477	Apoc_chromosome_5.1888_1
>Kmt1f-Setdb2-201_Aque_XM_019997441.1	108	668	Aque_XM_019997441.1
>Kmt1f-Setdb2-201_Cgig_G5019.3	2437	3381	Cgig_G5019.3
>Kmt1f-Setdb2-201_Emue_Em0015g1268a.t1	220	1029	Emue_Em0015g1268a.t1
>Kmt1f-Setdb2-201_Gasp_gasp1.m3.9367.m1	2861	3628	Gasp_gasp1.m3.9367.m1
>Kmt1f-Setdb2-201_Gfas_gfas1.m1.6257.m1	2815	3582	Gfas_gfas1.m1.6257.m1
>Kmt1f-Setdb2-201_Hsal_ENA_GHBP01004811_GHBP01004811.1	499	780	Hsal_ENA_GHBP01004811_GHBP01004811.1
>Kmt1f-Setdb2-201_Kiwa_ENA_GBGI01002868_GBGI01002868.1	1265	1816	Kiwa_ENA_GBGI01002868_GBGI01002868.1
>Kmt1f-Setdb2-201_Mcap_g22755	2827	3594	Mcap_g22755
>Kmt1f-Setdb2-201_Msqu_ENA_GHBR01005920_GHBR01005920.1	163	444	Msqu_ENA_GHBR01005920_GHBR01005920.1
>Kmt1f-Setdb2-201_Nvec_XM_032375138.1	2703	3557	Nvec_XM_032375138.1
>Kmt1f-Setdb2-201_Pbac_AVPN01000070.1	52162	52698	Pbac_AVPN01000070.1
>Kmt1f-Setdb2-201_Pdam_Pocillopora_damicornis_9401	232	600	Pdam_Pocillopora_damicornis_9401
>Kmt1f-Setdb2-201_Plut_plut2.m8.14028.m1	2869	3636	Plut_plut2.m8.14028.m1
>Kmt1f-Setdb2-201_Prus_3667_t	1021	1470	Prus_3667_t
>Kmt1f-Setdb2-201_Pver_TRINITY_DN5297_c0_g1_i2	2931	3698	Pver_TRINITY_DN5297_c0_g1_i2
>Kmt1f-Setdb2-201_Spis_Stylophora_pistillata_3042	2347	3114	Spis_Stylophora_pistillata_3042
>Kmt2a-201_Adig_Acropora_digitifera_16531	1009	2964	Adig_Acropora_digitifera_16531
>Kmt2a-201_Ahya_Acropora_hyacinthus_2042	148	465	Ahya_Acropora_hyacinthus_2042
>Kmt2a-201_Amil_Acropora_millepora_1181	2314	4269	Amil_Acropora_millepora_1181
>Kmt2a-201_Apal_XM_021047963.2	2185	3258	Apal_XM_021047963.2
>Kmt2a-201_Apoc_chromosome_7.463_1	2635	3744	Apoc_chromosome_7.463_1
>Kmt2a-201_Aque_XM_020001447.1	3157	4083	Aque_XM_020001447.1
>Kmt2a-201_Cgig_G24720.1	10345	11304	Cgig_G24720.1
>Kmt2a-201_Emue_Em0005g138a.t1	3454	4356	Emue_Em0005g138a.t1
>Kmt2a-201_Gasp_gasp1.m3.3014.m1	2451	3986	Gasp_gasp1.m3.3014.m1
>Kmt2a-201_Gfas_gfas1.m1.2457.m1	11	1534	Gfas_gfas1.m1.2457.m1
>Kmt2a-201_Hsal_ENA_GHBP01004811_GHBP01004811.1	340	783	Hsal_ENA_GHBP01004811_GHBP01004811.1
>Kmt2a-201_Kiwa_ENA_GBGI01009898_GBGI01009898.1	796	1305	Kiwa_ENA_GBGI01009898_GBGI01009898.1
>Kmt2a-201_Mcap_g3074	2353	4323	Mcap_g3074
>Kmt2a-201_Msqu_ENA_GHBR01005920_GHBR01005920.1	4	447	Msqu_ENA_GHBR01005920_GHBR01005920.1
>Kmt2a-201_Nvec_XM_032369978.1	650	1654	Nvec_XM_032369978.1
>Kmt2a-201_Pbac_AVPN01019711.1	11746	12312	Pbac_AVPN01019711.1
>Kmt2a-201_Pdam_Pocillopora_damicornis_19052	415	1272	Pdam_Pocillopora_damicornis_19052
>Kmt2a-201_Plut_plut2.m8.15341.m1	2365	4338	Plut_plut2.m8.15341.m1
>Kmt2a-201_Prus_6148_t	2494	4206	Prus_6148_t
>Kmt2a-201_Pver_TRINITY_DN6514_c0_g1_i2	2381	4408	Pver_TRINITY_DN6514_c0_g1_i2
>Kmt2a-201_Spis_Stylophora_pistillata_19113	2374	3534	Spis_Stylophora_pistillata_19113
>Kmt2b-201_Adig_Acropora_digitifera_16531	1021	2964	Adig_Acropora_digitifera_16531
>Kmt2b-201_Ahya_Acropora_hyacinthus_2042	142	465	Ahya_Acropora_hyacinthus_2042
>Kmt2b-201_Amil_Acropora_millepora_1181	2326	4269	Amil_Acropora_millepora_1181
>Kmt2b-201_Apal_XM_021047963.2	1789	3144	Apal_XM_021047963.2
>Kmt2b-201_Apoc_chromosome_7.463_1	2635	3744	Apoc_chromosome_7.463_1
>Kmt2b-201_Aque_XM_020001447.1	949	2634	Aque_XM_020001447.1
>Kmt2b-201_Cgig_G24720.1	2239	3414	Cgig_G24720.1
>Kmt2b-201_Emue_Em0005g169a.t1	5563	6501	Emue_Em0005g169a.t1
>Kmt2b-201_Gasp_gasp1.m3.3014.m1	2451	4439	Gasp_gasp1.m3.3014.m1
>Kmt2b-201_Gfas_gfas1.m1.2457.m1	2	1681	Gfas_gfas1.m1.2457.m1
>Kmt2b-201_Hsal_ENA_GHBP01004811_GHBP01004811.1	340	783	Hsal_ENA_GHBP01004811_GHBP01004811.1
>Kmt2b-201_Kiwa_ENA_GBGI01005312_GBGI01005312.1	1217	1723	Kiwa_ENA_GBGI01005312_GBGI01005312.1
>Kmt2b-201_Mcap_g59037	124	2313	Mcap_g59037
>Kmt2b-201_Msqu_ENA_GHBR01000842_GHBR01000842.1	572	1132	Msqu_ENA_GHBR01000842_GHBR01000842.1
>Kmt2b-201_Nvec_XM_001622909.2	3089	4048	Nvec_XM_001622909.2
>Kmt2b-201_Pbac_AVPN01019711.1	11746	12312	Pbac_AVPN01019711.1
>Kmt2b-201_Pdam_Pocillopora_damicornis_19052	418	1272	Pdam_Pocillopora_damicornis_19052
>Kmt2b-201_Plut_plut2.m8.15341.m1	2374	4344	Plut_plut2.m8.15341.m1
>Kmt2b-201_Prus_6148_t	2494	4395	Prus_6148_t
>Kmt2b-201_Pver_TRINITY_DN6514_c0_g1_i2	2330	4408	Pver_TRINITY_DN6514_c0_g1_i2
>Kmt2b-201_Spis_Stylophora_pistillata_19113	2404	4545	Spis_Stylophora_pistillata_19113
>Kmt2c-201_Adig_Acropora_digitifera_491	6139	7887	Adig_Acropora_digitifera_491
>Kmt2c-201_Ahya_Acropora_hyacinthus_2042	46	468	Ahya_Acropora_hyacinthus_2042
>Kmt2c-201_Amil_Acropora_millepora_62	12250	13998	Amil_Acropora_millepora_62
>Kmt2c-201_Apal_XM_028661032.1	10	1473	Apal_XM_028661032.1
>Kmt2c-201_Apoc_chromosome_9.1709_1	13699	15444	Apoc_chromosome_9.1709_1
>Kmt2c-201_Aque_XM_020001447.1	3205	4083	Aque_XM_020001447.1
>Kmt2c-201_Cgig_G27692.1	4384	6726	Cgig_G27692.1
>Kmt2c-201_Emue_Em0005g169a.t1	5722	6501	Emue_Em0005g169a.t1
>Kmt2c-201_Gasp_gasp1.m3.22407.m1	13565	15226	Gasp_gasp1.m3.22407.m1
>Kmt2c-201_Gfas_gfas1.m1.4423.m1	19	1665	Gfas_gfas1.m1.4423.m1
>Kmt2c-201_Hsal_ENA_GHBP01004811_GHBP01004811.1	367	783	Hsal_ENA_GHBP01004811_GHBP01004811.1
>Kmt2c-201_Kiwa_ENA_GBGI01009898_GBGI01009898.1	745	1275	Kiwa_ENA_GBGI01009898_GBGI01009898.1
>Kmt2c-201_Mcap_g37060	13393	15054	Mcap_g37060
>Kmt2c-201_Msqu_ENA_GHBR01000842_GHBR01000842.1	554	1090	Msqu_ENA_GHBR01000842_GHBR01000842.1
>Kmt2c-201_Nvec_XM_032377982.1	12680	14854	Nvec_XM_032377982.1
>Kmt2c-201_Pbac_AVPN01006590.1	623	36	Pbac_AVPN01006590.1
>Kmt2c-201_Pdam_Pocillopora_damicornis_19052	1	1272	Pdam_Pocillopora_damicornis_19052
>Kmt2c-201_Plut_plut2.m8.3889.m1	13894	15759	Plut_plut2.m8.3889.m1
>Kmt2c-201_Prus_28784_t	12706	14412	Prus_28784_t
>Kmt2c-201_Pver_TRINITY_DN3493_c0_g2_i1	13918	15675	Pver_TRINITY_DN3493_c0_g2_i1
>Kmt2c-201_Spis_Stylophora_pistillata_18638	1780	2655	Spis_Stylophora_pistillata_18638
>Kmt2d-201_Adig_Acropora_digitifera_491	6139	7887	Adig_Acropora_digitifera_491
>Kmt2d-201_Ahya_Acropora_hyacinthus_2042	1	468	Ahya_Acropora_hyacinthus_2042
>Kmt2d-201_Amil_Acropora_millepora_62	12250	13998	Amil_Acropora_millepora_62
>Kmt2d-201_Apal_XM_028661032.1	1	1473	Apal_XM_028661032.1
>Kmt2d-201_Apoc_chromosome_9.1709_1	13696	15444	Apoc_chromosome_9.1709_1
>Kmt2d-201_Aque_XM_020001447.1	3205	4083	Aque_XM_020001447.1
>Kmt2d-201_Cgig_G27692.1	5032	6726	Cgig_G27692.1
>Kmt2d-201_Emue_Em0005g169a.t1	5722	6501	Emue_Em0005g169a.t1
>Kmt2d-201_Gasp_gasp1.m3.22407.m1	13529	15226	Gasp_gasp1.m3.22407.m1
>Kmt2d-201_Gfas_gfas1.m1.4423.m1	19	1665	Gfas_gfas1.m1.4423.m1
>Kmt2d-201_Hsal_ENA_GHBP01004811_GHBP01004811.1	367	783	Hsal_ENA_GHBP01004811_GHBP01004811.1
>Kmt2d-201_Kiwa_ENA_GBGI01005312_GBGI01005312.1	1271	1723	Kiwa_ENA_GBGI01005312_GBGI01005312.1
>Kmt2d-201_Mcap_g37060	13393	15054	Mcap_g37060
>Kmt2d-201_Msqu_ENA_GHBR01005920_GHBR01005920.1	31	447	Msqu_ENA_GHBR01005920_GHBR01005920.1
>Kmt2d-201_Nvec_XM_032377982.1	13109	14854	Nvec_XM_032377982.1
>Kmt2d-201_Pbac_AVPN01006590.1	623	36	Pbac_AVPN01006590.1
>Kmt2d-201_Pdam_Pocillopora_damicornis_19052	1	1272	Pdam_Pocillopora_damicornis_19052
>Kmt2d-201_Plut_plut2.m8.3889.m1	13894	15759	Plut_plut2.m8.3889.m1
>Kmt2d-201_Prus_28784_t	12706	14412	Prus_28784_t
>Kmt2d-201_Pver_TRINITY_DN3493_c0_g2_i1	13924	15675	Pver_TRINITY_DN3493_c0_g2_i1
>Kmt2d-201_Spis_Stylophora_pistillata_19113	5164	6045	Spis_Stylophora_pistillata_19113
>Kmt2e-202_Adig_Acropora_digitifera_6453	247	1404	Adig_Acropora_digitifera_6453
>Kmt2e-202_Ahya_Acropora_hyacinthus_44	1	315	Ahya_Acropora_hyacinthus_44
>Kmt2e-202_Amil_Acropora_millepora_2725	247	1404	Amil_Acropora_millepora_2725
>Kmt2e-202_Apal_XM_028660260.1	1618	2751	Apal_XM_028660260.1
>Kmt2e-202_Apoc_chromosome_2.235_1	205	1269	Apoc_chromosome_2.235_1
>Kmt2e-202_Aque_XM_020000342.1	855	1463	Aque_XM_020000342.1
>Kmt2e-202_Cgig_G28638.1	145	2694	Cgig_G28638.1
>Kmt2e-202_Emue_Em0001g505a.t1	553	1173	Emue_Em0001g505a.t1
>Kmt2e-202_Gasp_gasp1.m3.1232.m1	1261	1998	Gasp_gasp1.m3.1232.m1
>Kmt2e-202_Gfas_gfas1.m1.3240.m1	445	1644	Gfas_gfas1.m1.3240.m1
>Kmt2e-202_Hsal_ENA_GHBP01004811_GHBP01004811.1	412	753	Hsal_ENA_GHBP01004811_GHBP01004811.1
>Kmt2e-202_Kiwa_ENA_GBGI01005312_GBGI01005312.1	1352	1693	Kiwa_ENA_GBGI01005312_GBGI01005312.1
>Kmt2e-202_Mcap_g31302	205	1269	Mcap_g31302
>Kmt2e-202_Msqu_ENA_GHBR01005920_GHBR01005920.1	76	417	Msqu_ENA_GHBR01005920_GHBR01005920.1
>Kmt2e-202_Nvec_XM_032361854.1	1762	2778	Nvec_XM_032361854.1
>Kmt2e-202_Pbac_AVPN01000554.1	27289	27062	Pbac_AVPN01000554.1
>Kmt2e-202_Pdam_Pocillopora_damicornis_23762	52	495	Pdam_Pocillopora_damicornis_23762
>Kmt2e-202_Plut_plut2.m8.26924.m1	644	1768	Plut_plut2.m8.26924.m1
>Kmt2e-202_Prus_32787_t	310	1422	Prus_32787_t
>Kmt2e-202_Pver_TRINITY_DN9037_c0_g1_i3	559	1614	Pver_TRINITY_DN9037_c0_g1_i3
>Kmt2e-202_Spis_Stylophora_pistillata_13951	205	1272	Spis_Stylophora_pistillata_13951
>Kmt2f-Setd1a-201_Adig_Acropora_digitifera_3939	4846	5706	Adig_Acropora_digitifera_3939
>Kmt2f-Setd1a-201_Ahya_Acropora_hyacinthus_2042	193	468	Ahya_Acropora_hyacinthus_2042
>Kmt2f-Setd1a-201_Amil_Acropora_millepora_1497	4852	5712	Amil_Acropora_millepora_1497
>Kmt2f-Setd1a-201_Apal_XM_021059101.2	4211	5095	Apal_XM_021059101.2
>Kmt2f-Setd1a-201_Apoc_chromosome_4.613_1	1626	2489	Apoc_chromosome_4.613_1
>Kmt2f-Setd1a-201_Aque_XM_019994535.1	2525	3355	Aque_XM_019994535.1
>Kmt2f-Setd1a-201_Cgig_G22261.1	3826	4692	Cgig_G22261.1
>Kmt2f-Setd1a-201_Emue_Em0015g713a.t1	2362	3141	Emue_Em0015g713a.t1
>Kmt2f-Setd1a-201_Gasp_gasp1.m3.20984.m1	5065	5862	Gasp_gasp1.m3.20984.m1
>Kmt2f-Setd1a-201_Gfas_gfas1.m1.845.m1	5071	5913	Gfas_gfas1.m1.845.m1
>Kmt2f-Setd1a-201_Hsal_ENA_GHBP01004811_GHBP01004811.1	1	783	Hsal_ENA_GHBP01004811_GHBP01004811.1
>Kmt2f-Setd1a-201_Kiwa_ENA_GBGI01005312_GBGI01005312.1	1328	1723	Kiwa_ENA_GBGI01005312_GBGI01005312.1
>Kmt2f-Setd1a-201_Mcap_adi2mcaRNA18217_R0	4879	5640	Mcap_adi2mcaRNA18217_R0
>Kmt2f-Setd1a-201_Msqu_ENA_GHBR01005920_GHBR01005920.1	55	447	Msqu_ENA_GHBR01005920_GHBR01005920.1
>Kmt2f-Setd1a-201_Nvec_XM_032386423.1	4561	5439	Nvec_XM_032386423.1
>Kmt2f-Setd1a-201_Pbac_AVPN01019711.1	11776	12312	Pbac_AVPN01019711.1
>Kmt2f-Setd1a-201_Pdam_Pocillopora_damicornis_5006	352	1212	Pdam_Pocillopora_damicornis_5006
>Kmt2f-Setd1a-201_Plut_plut2.m8.15765.m1	5125	5529	Plut_plut2.m8.15765.m1
>Kmt2f-Setd1a-201_Prus_18152_t	46	702	Prus_18152_t
>Kmt2f-Setd1a-201_Pver_TRINITY_DN12875_c0_g1_i1	5130	5990	Pver_TRINITY_DN12875_c0_g1_i1
>Kmt2f-Setd1a-201_Spis_Stylophora_pistillata_780	4999	5859	Spis_Stylophora_pistillata_780
>Kmt2g-Setd1b-201_Adig_Acropora_digitifera_3939	4846	5706	Adig_Acropora_digitifera_3939
>Kmt2g-Setd1b-201_Ahya_Acropora_hyacinthus_2042	199	468	Ahya_Acropora_hyacinthus_2042
>Kmt2g-Setd1b-201_Amil_Acropora_millepora_1497	4852	5712	Amil_Acropora_millepora_1497
>Kmt2g-Setd1b-201_Apal_XM_021059101.2	4229	5095	Apal_XM_021059101.2
>Kmt2g-Setd1b-201_Apoc_chromosome_4.613_1	1626	2489	Apoc_chromosome_4.613_1
>Kmt2g-Setd1b-201_Aque_XM_019994535.1	2525	3355	Aque_XM_019994535.1
>Kmt2g-Setd1b-201_Cgig_G22261.1	3826	4692	Cgig_G22261.1
>Kmt2g-Setd1b-201_Emue_Em0015g713a.t1	2362	3141	Emue_Em0015g713a.t1
>Kmt2g-Setd1b-201_Gasp_gasp1.m3.20984.m1	5065	5862	Gasp_gasp1.m3.20984.m1
>Kmt2g-Setd1b-201_Gfas_gfas1.m1.845.m1	5071	5913	Gfas_gfas1.m1.845.m1
>Kmt2g-Setd1b-201_Hsal_ENA_GHBP01004811_GHBP01004811.1	1	783	Hsal_ENA_GHBP01004811_GHBP01004811.1
>Kmt2g-Setd1b-201_Kiwa_ENA_GBGI01005312_GBGI01005312.1	1331	1723	Kiwa_ENA_GBGI01005312_GBGI01005312.1
>Kmt2g-Setd1b-201_Mcap_adi2mcaRNA18217_R0	4879	5640	Mcap_adi2mcaRNA18217_R0
>Kmt2g-Setd1b-201_Msqu_ENA_GHBR01005920_GHBR01005920.1	55	447	Msqu_ENA_GHBR01005920_GHBR01005920.1
>Kmt2g-Setd1b-201_Nvec_XM_032386423.1	4561	5439	Nvec_XM_032386423.1
>Kmt2g-Setd1b-201_Pbac_AVPN01019711.1	11779	12312	Pbac_AVPN01019711.1
>Kmt2g-Setd1b-201_Pdam_Pocillopora_damicornis_5006	352	1212	Pdam_Pocillopora_damicornis_5006
>Kmt2g-Setd1b-201_Plut_plut2.m8.15765.m1	5131	5529	Plut_plut2.m8.15765.m1
>Kmt2g-Setd1b-201_Prus_18152_t	43	702	Prus_18152_t
>Kmt2g-Setd1b-201_Pver_TRINITY_DN12875_c0_g1_i1	5130	5990	Pver_TRINITY_DN12875_c0_g1_i1
>Kmt2g-Setd1b-201_Spis_Stylophora_pistillata_780	4999	5859	Spis_Stylophora_pistillata_780
>Kmt2h-Ash1l-201_Adig_Acropora_digitifera_15878	115	774	Adig_Acropora_digitifera_15878
>Kmt2h-Ash1l-201_Ahya_Acropora_hyacinthus_7139	109	438	Ahya_Acropora_hyacinthus_7139
>Kmt2h-Ash1l-201_Amil_Acropora_millepora_3825	115	774	Amil_Acropora_millepora_3825
>Kmt2h-Ash1l-201_Apal_XM_021046911.2	451	1098	Apal_XM_021046911.2
>Kmt2h-Ash1l-201_Apoc_chromosome_12.221_1	2377	3129	Apoc_chromosome_12.221_1
>Kmt2h-Ash1l-201_Aque_XM_019998282.1	172	831	Aque_XM_019998282.1
>Kmt2h-Ash1l-201_Cgig_G11961.1	4351	7077	Cgig_G11961.1
>Kmt2h-Ash1l-201_Emue_Em0013g1106a.t1	1348	1983	Emue_Em0013g1106a.t1
>Kmt2h-Ash1l-201_Gasp_gasp1.m3.7371.m1	52	711	Gasp_gasp1.m3.7371.m1
>Kmt2h-Ash1l-201_Gfas_gfas1.m1.14018.m1	489	1055	Gfas_gfas1.m1.14018.m1
>Kmt2h-Ash1l-201_Hsal_ENA_GHBP01004811_GHBP01004811.1	406	783	Hsal_ENA_GHBP01004811_GHBP01004811.1
>Kmt2h-Ash1l-201_Kiwa_ENA_GBGI01018216_GBGI01018216.1	361	996	Kiwa_ENA_GBGI01018216_GBGI01018216.1
>Kmt2h-Ash1l-201_Mcap_g32120	241	900	Mcap_g32120
>Kmt2h-Ash1l-201_Msqu_ENA_GHBR01001394_GHBR01001394.1	40	474	Msqu_ENA_GHBR01001394_GHBR01001394.1
>Kmt2h-Ash1l-201_Nvec_XM_032385483.1	430	1083	Nvec_XM_032385483.1
>Kmt2h-Ash1l-201_Pbac_AVPN01018886.1	3341	3775	Pbac_AVPN01018886.1
>Kmt2h-Ash1l-201_Pdam_Pocillopora_damicornis_6858	157	714	Pdam_Pocillopora_damicornis_6858
>Kmt2h-Ash1l-201_Plut_plut2.m8.17253.m1	419	1078	Plut_plut2.m8.17253.m1
>Kmt2h-Ash1l-201_Prus_37134_t	2632	3195	Prus_37134_t
>Kmt2h-Ash1l-201_Pver_TRINITY_DN730_c0_g1_i7	419	1078	Pver_TRINITY_DN730_c0_g1_i7
>Kmt2h-Ash1l-201_Spis_Stylophora_pistillata_20700	115	774	Spis_Stylophora_pistillata_20700
>Kmt3a-Setd2-201_Adig_Acropora_digitifera_15878	112	1215	Adig_Acropora_digitifera_15878
>Kmt3a-Setd2-201_Ahya_Acropora_hyacinthus_7139	109	438	Ahya_Acropora_hyacinthus_7139
>Kmt3a-Setd2-201_Amil_Acropora_millepora_3825	112	1215	Amil_Acropora_millepora_3825
>Kmt3a-Setd2-201_Apal_XM_021046911.2	463	1797	Apal_XM_021046911.2
>Kmt3a-Setd2-201_Apoc_chromosome_1.1751_1	112	1287	Apoc_chromosome_1.1751_1
>Kmt3a-Setd2-201_Aque_XM_019998283.1	169	1266	Aque_XM_019998283.1
>Kmt3a-Setd2-201_Cgig_G25343.1	5431	6495	Cgig_G25343.1
>Kmt3a-Setd2-201_Emue_Em0012g994a.t1	469	1263	Emue_Em0012g994a.t1
>Kmt3a-Setd2-201_Gasp_gasp1.m3.7371.m1	49	1155	Gasp_gasp1.m3.7371.m1
>Kmt3a-Setd2-201_Gfas_gfas1.m1.14018.m1	486	1565	Gfas_gfas1.m1.14018.m1
>Kmt3a-Setd2-201_Hsal_ENA_GHBP01004811_GHBP01004811.1	406	780	Hsal_ENA_GHBP01004811_GHBP01004811.1
>Kmt3a-Setd2-201_Kiwa_ENA_GBGI01018216_GBGI01018216.1	442	996	Kiwa_ENA_GBGI01018216_GBGI01018216.1
>Kmt3a-Setd2-201_Mcap_g32120	238	1341	Mcap_g32120
>Kmt3a-Setd2-201_Msqu_ENA_GHBR01001394_GHBR01001394.1	43	459	Msqu_ENA_GHBR01001394_GHBR01001394.1
>Kmt3a-Setd2-201_Nvec_XM_032385483.1	427	1548	Nvec_XM_032385483.1
>Kmt3a-Setd2-201_Pbac_AVPN01000674.1	37380	36682	Pbac_AVPN01000674.1
>Kmt3a-Setd2-201_Pdam_Pocillopora_damicornis_23762	58	510	Pdam_Pocillopora_damicornis_23762
>Kmt3a-Setd2-201_Plut_plut2.m8.17253.m1	416	1525	Plut_plut2.m8.17253.m1
>Kmt3a-Setd2-201_Prus_3126_t	112	1020	Prus_3126_t
>Kmt3a-Setd2-201_Pver_TRINITY_DN730_c0_g1_i7	416	1594	Pver_TRINITY_DN730_c0_g1_i7
>Kmt3a-Setd2-201_Spis_Stylophora_pistillata_20700	112	1290	Spis_Stylophora_pistillata_20700
>Kmt3b-Nsd1-201_Adig_Acropora_digitifera_9721	1639	3603	Adig_Acropora_digitifera_9721
>Kmt3b-Nsd1-201_Ahya_Acropora_hyacinthus_7139	103	438	Ahya_Acropora_hyacinthus_7139
>Kmt3b-Nsd1-201_Amil_Acropora_millepora_7664	4	1959	Amil_Acropora_millepora_7664
>Kmt3b-Nsd1-201_Apal_XM_021041415.2	919	3471	Apal_XM_021041415.2
>Kmt3b-Nsd1-201_Apoc_chromosome_12.221_1	1525	3558	Apoc_chromosome_12.221_1
>Kmt3b-Nsd1-201_Aque_XM_019993783.1	1191	2888	Aque_XM_019993783.1
>Kmt3b-Nsd1-201_Cgig_G15840.2	1633	3615	Cgig_G15840.2
>Kmt3b-Nsd1-201_Emue_Em0013g1106a.t1	349	2349	Emue_Em0013g1106a.t1
>Kmt3b-Nsd1-201_Gasp_gasp1.m3.29564.m1	7	1074	Gasp_gasp1.m3.29564.m1
>Kmt3b-Nsd1-201_Gfas_gfas1.m1.14078.m1	1702	3510	Gfas_gfas1.m1.14078.m1
>Kmt3b-Nsd1-201_Hsal_ENA_GHBP01002793_GHBP01002793.1	648	1025	Hsal_ENA_GHBP01002793_GHBP01002793.1
>Kmt3b-Nsd1-201_Kiwa_ENA_GBGI01018216_GBGI01018216.1	466	996	Kiwa_ENA_GBGI01018216_GBGI01018216.1
>Kmt3b-Nsd1-201_Mcap_adi2mcaRNA8409_R0	1723	3375	Mcap_adi2mcaRNA8409_R0
>Kmt3b-Nsd1-201_Msqu_ENA_GHBR01001394_GHBR01001394.1	40	459	Msqu_ENA_GHBR01001394_GHBR01001394.1
>Kmt3b-Nsd1-201_Nvec_XM_001635169.2	1650	3635	Nvec_XM_001635169.2
>Kmt3b-Nsd1-201_Pbac_AVPN01018886.1	3353	3772	Pbac_AVPN01018886.1
>Kmt3b-Nsd1-201_Pdam_Pocillopora_damicornis_6858	172	687	Pdam_Pocillopora_damicornis_6858
>Kmt3b-Nsd1-201_Plut_plut2.m8.21454.m1	1373	3736	Plut_plut2.m8.21454.m1
>Kmt3b-Nsd1-201_Prus_37134_t	1258	3471	Prus_37134_t
>Kmt3b-Nsd1-201_Pver_TRINITY_DN1491_c0_g1_i2	1567	3219	Pver_TRINITY_DN1491_c0_g1_i2
>Kmt3b-Nsd1-201_Spis_Stylophora_pistillata_20700	109	762	Spis_Stylophora_pistillata_20700
>Kmt3c-Smyd2-201_Adig_Acropora_digitifera_2657	1561	2367	Adig_Acropora_digitifera_2657
>Kmt3c-Smyd2-201_Amil_Acropora_millepora_18094	16	1368	Amil_Acropora_millepora_18094
>Kmt3c-Smyd2-201_Apal_XM_021056637.2	31	1323	Apal_XM_021056637.2
>Kmt3c-Smyd2-201_Apoc_chromosome_5.243_1	58	1368	Apoc_chromosome_5.243_1
>Kmt3c-Smyd2-201_Aque_XM_020001111.1	96	1130	Aque_XM_020001111.1
>Kmt3c-Smyd2-201_Cgig_G25318.1	13	1308	Cgig_G25318.1
>Kmt3c-Smyd2-201_Emue_Em0016g1108a.t1	73	1023	Emue_Em0016g1108a.t1
>Kmt3c-Smyd2-201_Gasp_gasp1.m3.19027.m1	55	1365	Gasp_gasp1.m3.19027.m1
>Kmt3c-Smyd2-201_Gfas_gfas1.m1.10361.m1	4	1230	Gfas_gfas1.m1.10361.m1
>Kmt3c-Smyd2-201_Hsal_ENA_GHBP01001238_GHBP01001238.1	634	1170	Hsal_ENA_GHBP01001238_GHBP01001238.1
>Kmt3c-Smyd2-201_Mcap_g66916	46	1368	Mcap_g66916
>Kmt3c-Smyd2-201_Msqu_ENA_GHBR01002656_GHBR01002656.1	7	459	Msqu_ENA_GHBR01002656_GHBR01002656.1
>Kmt3c-Smyd2-201_Nvec_XM_032375359.1	1736	3007	Nvec_XM_032375359.1
>Kmt3c-Smyd2-201_Pbac_AVPN01000579.1	19581	18391	Pbac_AVPN01000579.1
>Kmt3c-Smyd2-201_Pdam_Pocillopora_damicornis_24514	481	1299	Pdam_Pocillopora_damicornis_24514
>Kmt3c-Smyd2-201_Plut_jamg1.model.Sc0000176.8	1018	1872	Plut_jamg1.model.Sc0000176.8
>Kmt3c-Smyd2-201_Prus_9211_t	19	1263	Prus_9211_t
>Kmt3c-Smyd2-201_Pver_TRINITY_DN19704_c0_g1_i1	55	1374	Pver_TRINITY_DN19704_c0_g1_i1
>Kmt3c-Smyd2-201_Spis_Stylophora_pistillata_12207	58	1377	Spis_Stylophora_pistillata_12207
>Kmt4-Dot1l-201_Adig_Acropora_digitifera_2852	7	990	Adig_Acropora_digitifera_2852
>Kmt4-Dot1l-201_Amil_Acropora_millepora_864	7	990	Amil_Acropora_millepora_864
>Kmt4-Dot1l-201_Apal_XM_021050493.2	106	1086	Apal_XM_021050493.2
>Kmt4-Dot1l-201_Apoc_chromosome_3.1604_1	7	789	Apoc_chromosome_3.1604_1
>Kmt4-Dot1l-201_Aque_XM_019999555.1	444	1373	Aque_XM_019999555.1
>Kmt4-Dot1l-201_Cgig_G976.2	10	993	Cgig_G976.2
>Kmt4-Dot1l-201_Emue_Em0011g155a.t1	1	408	Emue_Em0011g155a.t1
>Kmt4-Dot1l-201_Gasp_gasp1.m3.11387.m1	588	1571	Gasp_gasp1.m3.11387.m1
>Kmt4-Dot1l-201_Gfas_gfas1.m1.379.m1	22	912	Gfas_gfas1.m1.379.m1
>Kmt4-Dot1l-201_Hsal_ENA_GHBP01001460_GHBP01001460.1	269	526	Hsal_ENA_GHBP01001460_GHBP01001460.1
>Kmt4-Dot1l-201_Mcap_g34426	7	990	Mcap_g34426
>Kmt4-Dot1l-201_Msqu_ENA_GHBR01002680_GHBR01002680.1	367	789	Msqu_ENA_GHBR01002680_GHBR01002680.1
>Kmt4-Dot1l-201_Nvec_XM_032387412.1	130	1119	Nvec_XM_032387412.1
>Kmt4-Dot1l-201_Pbac_AVPN01004764.1	1501	1232	Pbac_AVPN01004764.1
>Kmt4-Dot1l-201_Plut_plut2.m8.3703.m1	402	1385	Plut_plut2.m8.3703.m1
>Kmt4-Dot1l-201_Prus_6648_t	133	1074	Prus_6648_t
>Kmt4-Dot1l-201_Pver_TRINITY_DN5194_c0_g1_i1	282	1265	Pver_TRINITY_DN5194_c0_g1_i1
>Kmt4-Dot1l-201_Spis_Stylophora_pistillata_7637	25	1005	Spis_Stylophora_pistillata_7637
>Kmt5a###Setd8-202_Adig_Acropora_digitifera_14486	1414	2028	Adig_Acropora_digitifera_14486
>Kmt5a###Setd8-202_Amil_Acropora_millepora_2583	505	1020	Amil_Acropora_millepora_2583
>Kmt5a###Setd8-202_Apal_XM_021056226.2	1494	2108	Apal_XM_021056226.2
>Kmt5a###Setd8-202_Apoc_chromosome_4.1310_1	478	996	Apoc_chromosome_4.1310_1
>Kmt5a###Setd8-202_Aque_XM_003387084.3	168	752	Aque_XM_003387084.3
>Kmt5a###Setd8-202_Cgig_G21678.1	91	774	Cgig_G21678.1
>Kmt5a###Setd8-202_Emue_Em0016g1110a.t1	1867	2229	Emue_Em0016g1110a.t1
>Kmt5a###Setd8-202_Gasp_gasp1.m3.28679.m1	409	873	Gasp_gasp1.m3.28679.m1
>Kmt5a###Setd8-202_Gfas_gfas1.m1.841.m1	688	1308	Gfas_gfas1.m1.841.m1
>Kmt5a###Setd8-202_Hsal_ENA_GHBP01004811_GHBP01004811.1	409	714	Hsal_ENA_GHBP01004811_GHBP01004811.1
>Kmt5a###Setd8-202_Kiwa_ENA_GBGI01004102_GBGI01004102.1	394	903	Kiwa_ENA_GBGI01004102_GBGI01004102.1
>Kmt5a###Setd8-202_Mcap_g25519	166	576	Mcap_g25519
>Kmt5a###Setd8-202_Msqu_ENA_GHBR01003186_GHBR01003186.1	153	668	Msqu_ENA_GHBR01003186_GHBR01003186.1
>Kmt5a###Setd8-202_Nvec_XM_001629695.2	646	1158	Nvec_XM_001629695.2
>Kmt5a###Setd8-202_Pbac_AVPN01001413.1	14573	14115	Pbac_AVPN01001413.1
>Kmt5a###Setd8-202_Pdam_Pocillopora_damicornis_6858	73	687	Pdam_Pocillopora_damicornis_6858
>Kmt5a###Setd8-202_Plut_plut2.m8.14469.m1	511	1080	Plut_plut2.m8.14469.m1
>Kmt5a###Setd8-202_Prus_10978_t	10	513	Prus_10978_t
>Kmt5a###Setd8-202_Pver_TRINITY_DN10515_c0_g1_i1	603	1121	Pver_TRINITY_DN10515_c0_g1_i1
>Kmt5a###Setd8-202_Spis_Stylophora_pistillata_3953	532	1047	Spis_Stylophora_pistillata_3953
>Kmt5b-206_Adig_Acropora_digitifera_13417	46	840	Adig_Acropora_digitifera_13417
>Kmt5b-206_Amil_Acropora_millepora_10614	1	378	Amil_Acropora_millepora_10614
>Kmt5b-206_Apal_XM_021051924.2	6	725	Apal_XM_021051924.2
>Kmt5b-206_Apoc_chromosome_5.1965_1	46	840	Apoc_chromosome_5.1965_1
>Kmt5b-206_Aque_XM_011404280.2	4	312	Aque_XM_011404280.2
>Kmt5b-206_Cgig_G4462.2	115	963	Cgig_G4462.2
>Kmt5b-206_Emue_Em0003g190a.t1	16	837	Emue_Em0003g190a.t1
>Kmt5b-206_Gasp_gasp1.m3.15715.m1	44	832	Gasp_gasp1.m3.15715.m1
>Kmt5b-206_Gfas_gfas1.m1.15062.m1	174	986	Gfas_gfas1.m1.15062.m1
>Kmt5b-206_Mcap_g28556	28	831	Mcap_g28556
>Kmt5b-206_Nvec_XM_001634719.2	155	943	Nvec_XM_001634719.2
>Kmt5b-206_Pbac_AVPN01000965.1	15867	15727	Pbac_AVPN01000965.1
>Kmt5b-206_Pdam_Pocillopora_damicornis_16200	1	414	Pdam_Pocillopora_damicornis_16200
>Kmt5b-206_Plut_plut2.m8.6636.m1	197	991	Plut_plut2.m8.6636.m1
>Kmt5b-206_Prus_4168_t	46	897	Prus_4168_t
>Kmt5b-206_Pver_TRINITY_DN6137_c0_g2_i1	185	991	Pver_TRINITY_DN6137_c0_g2_i1
>Kmt5b-206_Spis_Stylophora_pistillata_5399	46	582	Spis_Stylophora_pistillata_5399
>Kmt5c-201_Adig_Acropora_digitifera_13417	46	822	Adig_Acropora_digitifera_13417
>Kmt5c-201_Amil_Acropora_millepora_10614	37	360	Amil_Acropora_millepora_10614
>Kmt5c-201_Apal_XM_021051924.2	6	713	Apal_XM_021051924.2
>Kmt5c-201_Apoc_chromosome_5.1965_1	46	822	Apoc_chromosome_5.1965_1
>Kmt5c-201_Aque_XM_011404280.2	4	159	Aque_XM_011404280.2
>Kmt5c-201_Cgig_G4462.3	37	825	Cgig_G4462.3
>Kmt5c-201_Emue_Em0003g190a.t1	1	813	Emue_Em0003g190a.t1
>Kmt5c-201_Gasp_gasp1.m3.15715.m1	62	814	Gasp_gasp1.m3.15715.m1
>Kmt5c-201_Gfas_gfas1.m1.15062.m1	234	977	Gfas_gfas1.m1.15062.m1
>Kmt5c-201_Mcap_g28556	46	822	Mcap_g28556
>Kmt5c-201_Nvec_XM_001634719.2	155	931	Nvec_XM_001634719.2
>Kmt5c-201_Pbac_AVPN01000965.1	15867	15727	Pbac_AVPN01000965.1
>Kmt5c-201_Pdam_Pocillopora_damicornis_16200	1	396	Pdam_Pocillopora_damicornis_16200
>Kmt5c-201_Plut_plut2.m8.6636.m1	197	973	Plut_plut2.m8.6636.m1
>Kmt5c-201_Prus_4168_t	46	879	Prus_4168_t
>Kmt5c-201_Pver_TRINITY_DN6137_c0_g2_i1	197	973	Pver_TRINITY_DN6137_c0_g2_i1
>Kmt5c-201_Spis_Stylophora_pistillata_5399	46	582	Spis_Stylophora_pistillata_5399
>Kmt6-Ezh2-201_Adig_Acropora_digitifera_14486	13	975	Adig_Acropora_digitifera_14486
>Kmt6-Ezh2-201_Ahya_Acropora_hyacinthus_6509	16	522	Ahya_Acropora_hyacinthus_6509
>Kmt6-Ezh2-201_Amil_Acropora_millepora_12605	13	975	Amil_Acropora_millepora_12605
>Kmt6-Ezh2-201_Apal_XM_021056226.2	93	1067	Apal_XM_021056226.2
>Kmt6-Ezh2-201_Apoc_chromosome_1.210_1	52	1023	Apoc_chromosome_1.210_1
>Kmt6-Ezh2-201_Aque_XM_020003880.1	1	540	Aque_XM_020003880.1
>Kmt6-Ezh2-201_Cgig_G26595.8	1150	2097	Cgig_G26595.8
>Kmt6-Ezh2-201_Emue_Em0016g1110a.t1	1282	2277	Emue_Em0016g1110a.t1
>Kmt6-Ezh2-201_Gasp_gasp1.m3.19923.m1	111	1130	Gasp_gasp1.m3.19923.m1
>Kmt6-Ezh2-201_Gfas_gfas1.m1.9645.m1	1133	2074	Gfas_gfas1.m1.9645.m1
>Kmt6-Ezh2-201_Hsal_ENA_GHBP01004811_GHBP01004811.1	367	720	Hsal_ENA_GHBP01004811_GHBP01004811.1
>Kmt6-Ezh2-201_Kiwa_ENA_GBGI01005312_GBGI01005312.1	1265	1660	Kiwa_ENA_GBGI01005312_GBGI01005312.1
>Kmt6-Ezh2-201_Mcap_g67119	154	1119	Mcap_g67119
>Kmt6-Ezh2-201_Msqu_ENA_GHBR01003186_GHBR01003186.1	210	620	Msqu_ENA_GHBR01003186_GHBR01003186.1
>Kmt6-Ezh2-201_Nvec_XM_001622372.2	1153	2136	Nvec_XM_001622372.2
>Kmt6-Ezh2-201_Pbac_AVPN01001905.1	7768	8034	Pbac_AVPN01001905.1
>Kmt6-Ezh2-201_Pdam_Pocillopora_damicornis_6858	1	747	Pdam_Pocillopora_damicornis_6858
>Kmt6-Ezh2-201_Plut_plut2.m8.21207.m1	121	981	Plut_plut2.m8.21207.m1
>Kmt6-Ezh2-201_Prus_2797_t	700	1101	Prus_2797_t
>Kmt6-Ezh2-201_Pver_TRINITY_DN26134_c0_g1_i1	115	1095	Pver_TRINITY_DN26134_c0_g1_i1
>Kmt6-Ezh2-201_Spis_Stylophora_pistillata_14547	82	1056	Spis_Stylophora_pistillata_14547
>Kmt7-Setd7/9-201_Adig_Acropora_digitifera_14239	145	420	Adig_Acropora_digitifera_14239
>Kmt7-Setd7/9-201_Ahya_Acropora_hyacinthus_545	103	318	Ahya_Acropora_hyacinthus_545
>Kmt7-Setd7/9-201_Amil_Acropora_millepora_2364	154	429	Amil_Acropora_millepora_2364
>Kmt7-Setd7/9-201_Apal_XM_021036173.2	97	579	Apal_XM_021036173.2
>Kmt7-Setd7/9-201_Apoc_chromosome_3.1553_1	94	537	Apoc_chromosome_3.1553_1
>Kmt7-Setd7/9-201_Aque_XM_011404238.2	181	1227	Aque_XM_011404238.2
>Kmt7-Setd7/9-201_Cgig_G26404.4	91	525	Cgig_G26404.4
>Kmt7-Setd7/9-201_Emue_Em0007g639a.t1	124	1146	Emue_Em0007g639a.t1
>Kmt7-Setd7/9-201_Gasp_gasp1.m3.25920.m1	94	543	Gasp_gasp1.m3.25920.m1
>Kmt7-Setd7/9-201_Gfas_gfas1.m1.14718.m1	4165	4527	Gfas_gfas1.m1.14718.m1
>Kmt7-Setd7/9-201_Mcap_g61310	22	552	Mcap_g61310
>Kmt7-Setd7/9-201_Nvec_XM_001625689.2	138	557	Nvec_XM_001625689.2
>Kmt7-Setd7/9-201_Pdam_Pocillopora_damicornis_13241	28	480	Pdam_Pocillopora_damicornis_13241
>Kmt7-Setd7/9-201_Plut_plut2.m8.13280.m1	76	411	Plut_plut2.m8.13280.m1
>Kmt7-Setd7/9-201_Prus_Prusg3523.t1	193	636	Prus_Prusg3523.t1
>Kmt7-Setd7/9-201_Pver_TRINITY_DN56225_c0_g1_i1	394	852	Pver_TRINITY_DN56225_c0_g1_i1
>Kmt7-Setd7/9-201_Spis_Stylophora_pistillata_20141	28	480	Spis_Stylophora_pistillata_20141
>Kmt8-Prdm2-201_Adig_Acropora_digitifera_14780	115	501	Adig_Acropora_digitifera_14780
>Kmt8-Prdm2-201_Ahya_Acropora_hyacinthus_4581	310	666	Ahya_Acropora_hyacinthus_4581
>Kmt8-Prdm2-201_Amil_Acropora_millepora_10237	307	693	Amil_Acropora_millepora_10237
>Kmt8-Prdm2-201_Apal_XM_021048469.2	485	916	Apal_XM_021048469.2
>Kmt8-Prdm2-201_Apoc_chromosome_10.1373_1	154	516	Apoc_chromosome_10.1373_1
>Kmt8-Prdm2-201_Aque_XM_019997806.1	1735	2085	Aque_XM_019997806.1
>Kmt8-Prdm2-201_Cgig_G23735.2	4	390	Cgig_G23735.2
>Kmt8-Prdm2-201_Emue_Em0016g46a.t1	202	579	Emue_Em0016g46a.t1
>Kmt8-Prdm2-201_Gasp_gasp1.m3.27709.m1	205	612	Gasp_gasp1.m3.27709.m1
>Kmt8-Prdm2-201_Gfas_gfas1.m1.1118.m1	465	839	Gfas_gfas1.m1.1118.m1
>Kmt8-Prdm2-201_Hsal_ENA_GHBP01025950_GHBP01025950.1	35	280	Hsal_ENA_GHBP01025950_GHBP01025950.1
>Kmt8-Prdm2-201_Kiwa_ENA_GBGI01004397_GBGI01004397.1	121	417	Kiwa_ENA_GBGI01004397_GBGI01004397.1
>Kmt8-Prdm2-201_Mcap_adi2mcaRNA7550_R0	1894	2265	Mcap_adi2mcaRNA7550_R0
>Kmt8-Prdm2-201_Msqu_ENA_GHBR01003535_GHBR01003535.1	20	298	Msqu_ENA_GHBR01003535_GHBR01003535.1
>Kmt8-Prdm2-201_Nvec_XM_032379506.1	817	1194	Nvec_XM_032379506.1
>Kmt8-Prdm2-201_Pbac_AVPN01003092.1	6001	6342	Pbac_AVPN01003092.1
>Kmt8-Prdm2-201_Pdam_Pocillopora_damicornis_494	67	438	Pdam_Pocillopora_damicornis_494
>Kmt8-Prdm2-201_Plut_plut2.m8.10525.m1	76	495	Plut_plut2.m8.10525.m1
>Kmt8-Prdm2-201_Prus_29790_t	328	699	Prus_29790_t
>Kmt8-Prdm2-201_Pver_TRINITY_DN24345_c0_g1_i5	484	855	Pver_TRINITY_DN24345_c0_g1_i5
>Kmt8-Prdm2-201_Spis_Stylophora_pistillata_18699	328	699	Spis_Stylophora_pistillata_18699
>Mecom-PRDM3-212_Adig_Acropora_digitifera_8857	940	1656	Adig_Acropora_digitifera_8857
>Mecom-PRDM3-212_Ahya_Acropora_hyacinthus_6436	22	417	Ahya_Acropora_hyacinthus_6436
>Mecom-PRDM3-212_Amil_Acropora_millepora_10059	922	1638	Amil_Acropora_millepora_10059
>Mecom-PRDM3-212_Apal_XM_021061913.2	930	1610	Apal_XM_021061913.2
>Mecom-PRDM3-212_Apoc_chromosome_10.749_1	40	789	Apoc_chromosome_10.749_1
>Mecom-PRDM3-212_Aque_XM_020008871.1	657	1067	Aque_XM_020008871.1
>Mecom-PRDM3-212_Cgig_G20668.19	586	1080	Cgig_G20668.19
>Mecom-PRDM3-212_Emue_Em0001g3408a.t1	256	774	Emue_Em0001g3408a.t1
>Mecom-PRDM3-212_Gasp_gasp1.m3.10038.m1	190	918	Gasp_gasp1.m3.10038.m1
>Mecom-PRDM3-212_Gfas_gfas1.m1.18871.m1	1183	1893	Gfas_gfas1.m1.18871.m1
>Mecom-PRDM3-212_Hsal_ENA_GHBP01003277_GHBP01003277.1	44	520	Hsal_ENA_GHBP01003277_GHBP01003277.1
>Mecom-PRDM3-212_Kiwa_ENA_GBGI01005609_GBGI01005609.1	76	501	Kiwa_ENA_GBGI01005609_GBGI01005609.1
>Mecom-PRDM3-212_Mcap_g66044	439	1224	Mcap_g66044
>Mecom-PRDM3-212_Msqu_ENA_GHBR01001560_GHBR01001560.1	457	789	Msqu_ENA_GHBR01001560_GHBR01001560.1
>Mecom-PRDM3-212_Nvec_XM_032366482.1	1424	2116	Nvec_XM_032366482.1
>Mecom-PRDM3-212_Pbac_AVPN01003704.1	3738	3049	Pbac_AVPN01003704.1
>Mecom-PRDM3-212_Pdam_Pocillopora_damicornis_3739	418	1011	Pdam_Pocillopora_damicornis_3739
>Mecom-PRDM3-212_Plut_plut2.m8.12814.m1	469	1125	Plut_plut2.m8.12814.m1
>Mecom-PRDM3-212_Prus_28884_t	381	1058	Prus_28884_t
>Mecom-PRDM3-212_Pver_TRINITY_DN2143_c0_g1_i1	1374	2036	Pver_TRINITY_DN2143_c0_g1_i1
>Mecom-PRDM3-212_Spis_Stylophora_pistillata_413	1330	1992	Spis_Stylophora_pistillata_413
>Prdm1-201_Adig_Acropora_digitifera_3954	598	1044	Adig_Acropora_digitifera_3954
>Prdm1-201_Ahya_Acropora_hyacinthus_11499	1	324	Ahya_Acropora_hyacinthus_11499
>Prdm1-201_Amil_Acropora_millepora_15487	598	1044	Amil_Acropora_millepora_15487
>Prdm1-201_Apal_XM_028661916.1	754	1260	Apal_XM_028661916.1
>Prdm1-201_Apoc_chromosome_1.1465_1	1315	1857	Apoc_chromosome_1.1465_1
>Prdm1-201_Aque_XM_020008871.1	627	1061	Aque_XM_020008871.1
>Prdm1-201_Cgig_G18556.8	991	1452	Cgig_G18556.8
>Prdm1-201_Emue_Em0021g418a.t1	151	582	Emue_Em0021g418a.t1
>Prdm1-201_Gasp_gasp1.m3.2174.m1	556	1014	Gasp_gasp1.m3.2174.m1
>Prdm1-201_Gfas_gfas1.m1.20218.m1	784	1230	Gfas_gfas1.m1.20218.m1
>Prdm1-201_Hsal_ENA_GHBP01002787_GHBP01002787.1	581	868	Hsal_ENA_GHBP01002787_GHBP01002787.1
>Prdm1-201_Kiwa_ENA_GBGI01005609_GBGI01005609.1	94	507	Kiwa_ENA_GBGI01005609_GBGI01005609.1
>Prdm1-201_Mcap_g66044	862	1308	Mcap_g66044
>Prdm1-201_Msqu_ENA_GHBR01009356_GHBR01009356.1	1	291	Msqu_ENA_GHBR01009356_GHBR01009356.1
>Prdm1-201_Nvec_XM_032381122.1	1979	2437	Nvec_XM_032381122.1
>Prdm1-201_Pbac_AVPN01003704.1	8439	8002	Pbac_AVPN01003704.1
>Prdm1-201_Pdam_Pocillopora_damicornis_5218	364	792	Pdam_Pocillopora_damicornis_5218
>Prdm1-201_Plut_plut2.m8.12814.m1	664	1119	Plut_plut2.m8.12814.m1
>Prdm1-201_Prus_Prusg17650.t1	964	1482	Prus_Prusg17650.t1
>Prdm1-201_Pver_TRINITY_DN5309_c0_g1_i1	878	1306	Pver_TRINITY_DN5309_c0_g1_i1
>Prdm1-201_Spis_Stylophora_pistillata_16303	757	1212	Spis_Stylophora_pistillata_16303
>Prdm10-205_Adig_Acropora_digitifera_12783	1417	2253	Adig_Acropora_digitifera_12783
>Prdm10-205_Ahya_Acropora_hyacinthus_6436	34	417	Ahya_Acropora_hyacinthus_6436
>Prdm10-205_Amil_Acropora_millepora_3393	2659	3435	Amil_Acropora_millepora_3393
>Prdm10-205_Apal_XM_028658051.1	1316	2461	Apal_XM_028658051.1
>Prdm10-205_Apoc_chromosome_4.840_1	1336	2016	Apoc_chromosome_4.840_1
>Prdm10-205_Aque_XM_019997806.1	2341	2922	Aque_XM_019997806.1
>Prdm10-205_Cgig_G25209.1	2383	3684	Cgig_G25209.1
>Prdm10-205_Emue_Em0001g3324a.t1	223	915	Emue_Em0001g3324a.t1
>Prdm10-205_Gasp_gasp1.m3.2174.m1	622	1278	Gasp_gasp1.m3.2174.m1
>Prdm10-205_Gfas_gfas1.m1.13572.m1	2806	3588	Gfas_gfas1.m1.13572.m1
>Prdm10-205_Hsal_ENA_GHBP01003277_GHBP01003277.1	32	508	Hsal_ENA_GHBP01003277_GHBP01003277.1
>Prdm10-205_Kiwa_ENA_GBGI01005609_GBGI01005609.1	82	510	Kiwa_ENA_GBGI01005609_GBGI01005609.1
>Prdm10-205_Mcap_g38041	1606	2289	Mcap_g38041
>Prdm10-205_Msqu_ENA_GHBR01001560_GHBR01001560.1	472	786	Msqu_ENA_GHBR01001560_GHBR01001560.1
>Prdm10-205_Nvec_XM_032383548.1	1506	2189	Nvec_XM_032383548.1
>Prdm10-205_Pbac_AVPN01003704.1	4026	3166	Pbac_AVPN01003704.1
>Prdm10-205_Pdam_Pocillopora_damicornis_10998	169	729	Pdam_Pocillopora_damicornis_10998
>Prdm10-205_Plut_plut2.m8.12814.m1	379	1119	Plut_plut2.m8.12814.m1
>Prdm10-205_Prus_15895_t	5296	5988	Prus_15895_t
>Prdm10-205_Pver_TRINITY_DN2143_c0_g1_i1	1608	2291	Pver_TRINITY_DN2143_c0_g1_i1
>Prdm10-205_Spis_Stylophora_pistillata_413	1399	2163	Spis_Stylophora_pistillata_413
>Prdm11-206_Adig_Acropora_digitifera_16844	7	1056	Adig_Acropora_digitifera_16844
>Prdm11-206_Ahya_Acropora_hyacinthus_4581	286	810	Ahya_Acropora_hyacinthus_4581
>Prdm11-206_Amil_Acropora_millepora_15341	4	1281	Amil_Acropora_millepora_15341
>Prdm11-206_Apal_XM_028663483.1	2033	2704	Apal_XM_028663483.1
>Prdm11-206_Apoc_chromosome_14.4440_1	361	2316	Apoc_chromosome_14.4440_1
>Prdm11-206_Aque_XM_011407840.1	175	1251	Aque_XM_011407840.1
>Prdm11-206_Cgig_G24169.10	100	2118	Cgig_G24169.10
>Prdm11-206_Emue_Em0001g1308a.t1	115	1893	Emue_Em0001g1308a.t1
>Prdm11-206_Gasp_gasp1.m3.27388.m1	97	1692	Gasp_gasp1.m3.27388.m1
>Prdm11-206_Gfas_gfas1.m1.12150.m1	355	2343	Gfas_gfas1.m1.12150.m1
>Prdm11-206_Mcap_g22952	145	2172	Mcap_g22952
>Prdm11-206_Nvec_XM_032379045.1	1258	1755	Nvec_XM_032379045.1
>Prdm11-206_Pdam_Pocillopora_damicornis_494	106	447	Pdam_Pocillopora_damicornis_494
>Prdm11-206_Plut_plut2.m8.15224.m1	3257	5203	Plut_plut2.m8.15224.m1
>Prdm11-206_Prus_5518_t	943	2916	Prus_5518_t
>Prdm11-206_Pver_TRINITY_DN10447_c0_g1_i1	125	676	Pver_TRINITY_DN10447_c0_g1_i1
>Prdm11-206_Spis_Stylophora_pistillata_15346	94	2115	Spis_Stylophora_pistillata_15346
>Prdm12-201_Adig_Acropora_digitifera_13614	421	1188	Adig_Acropora_digitifera_13614
>Prdm12-201_Ahya_Acropora_hyacinthus_4581	301	831	Ahya_Acropora_hyacinthus_4581
>Prdm12-201_Amil_Acropora_millepora_8087	295	1026	Amil_Acropora_millepora_8087
>Prdm12-201_Apal_XM_021051084.2	215	1240	Apal_XM_021051084.2
>Prdm12-201_Apoc_chromosome_13.2643_1	55	1095	Apoc_chromosome_13.2643_1
>Prdm12-201_Aque_XM_019997806.1	1717	2568	Aque_XM_019997806.1
>Prdm12-201_Cgig_G29156.1	427	1320	Cgig_G29156.1
>Prdm12-201_Emue_Em0017g774a.t1	748	1407	Emue_Em0017g774a.t1
>Prdm12-201_Gasp_gasp1.m3.29170.m1	289	1326	Gasp_gasp1.m3.29170.m1
>Prdm12-201_Gfas_gfas1.m1.16810.m1	306	1331	Gfas_gfas1.m1.16810.m1
>Prdm12-201_Hsal_ENA_GHBP01002787_GHBP01002787.1	29	811	Hsal_ENA_GHBP01002787_GHBP01002787.1
>Prdm12-201_Kiwa_ENA_GBGI01003445_GBGI01003445.1	24	329	Kiwa_ENA_GBGI01003445_GBGI01003445.1
>Prdm12-201_Mcap_g41662	55	1080	Mcap_g41662
>Prdm12-201_Msqu_ENA_GHBR01003535_GHBR01003535.1	17	688	Msqu_ENA_GHBR01003535_GHBR01003535.1
>Prdm12-201_Nvec_XM_032376715.1	236	1264	Nvec_XM_032376715.1
>Prdm12-201_Pbac_AVPN01002995.1	2301	2561	Pbac_AVPN01002995.1
>Prdm12-201_Pdam_Pocillopora_damicornis_13850	40	450	Pdam_Pocillopora_damicornis_13850
>Prdm12-201_Plut_plut2.m8.10525.m1	139	525	Plut_plut2.m8.10525.m1
>Prdm12-201_Prus_18625_t	55	1077	Prus_18625_t
>Prdm12-201_Pver_TRINITY_DN27258_c0_g1_i1	231	1271	Pver_TRINITY_DN27258_c0_g1_i1
>Prdm12-201_Spis_Stylophora_pistillata_14717	55	1095	Spis_Stylophora_pistillata_14717
>Prdm13-202_Adig_Acropora_digitifera_12783	2044	2370	Adig_Acropora_digitifera_12783
>Prdm13-202_Ahya_Acropora_hyacinthus_8925	28	279	Ahya_Acropora_hyacinthus_8925
>Prdm13-202_Amil_Acropora_millepora_3524	2005	2331	Amil_Acropora_millepora_3524
>Prdm13-202_Apal_XM_021057569.2	1919	2290	Apal_XM_021057569.2
>Prdm13-202_Apoc_chromosome_10.3252_1	322	771	Apoc_chromosome_10.3252_1
>Prdm13-202_Aque_XM_003383893.2	1330	1728	Aque_XM_003383893.2
>Prdm13-202_Cgig_G17134.1	82	531	Cgig_G17134.1
>Prdm13-202_Emue_Em0021g418a.t1	94	330	Emue_Em0021g418a.t1
>Prdm13-202_Gasp_gasp1.m3.6431.m1	256	507	Gasp_gasp1.m3.6431.m1
>Prdm13-202_Gfas_gfas1.m1.18871.m1	1729	2046	Gfas_gfas1.m1.18871.m1
>Prdm13-202_Hsal_ENA_GHBP01005920_GHBP01005920.1	448	699	Hsal_ENA_GHBP01005920_GHBP01005920.1
>Prdm13-202_Kiwa_ENA_GBGI01006094_GBGI01006094.1	2177	2335	Kiwa_ENA_GBGI01006094_GBGI01006094.1
>Prdm13-202_Mcap_g38041	2068	2385	Mcap_g38041
>Prdm13-202_Msqu_ENA_GHBR01005793_GHBR01005793.1	200	445	Msqu_ENA_GHBR01005793_GHBR01005793.1
>Prdm13-202_Nvec_XM_032363558.1	1808	2056	Nvec_XM_032363558.1
>Prdm13-202_Pbac_AVPN01000536.1	44250	44489	Pbac_AVPN01000536.1
>Prdm13-202_Pdam_Pocillopora_damicornis_6550	727	984	Pdam_Pocillopora_damicornis_6550
>Prdm13-202_Plut_plut2.m8.10525.m1	211	531	Plut_plut2.m8.10525.m1
>Prdm13-202_Prus_24517_t	1048	1296	Prus_24517_t
>Prdm13-202_Pver_TRINITY_DN20983_c0_g2_i1	991	1290	Pver_TRINITY_DN20983_c0_g2_i1
>Prdm13-202_Spis_Stylophora_pistillata_3769	1459	1707	Spis_Stylophora_pistillata_3769
>Prdm14-201_Adig_Acropora_digitifera_5693	67	1209	Adig_Acropora_digitifera_5693
>Prdm14-201_Ahya_Acropora_hyacinthus_4581	157	711	Ahya_Acropora_hyacinthus_4581
>Prdm14-201_Amil_Acropora_millepora_7500	67	1209	Amil_Acropora_millepora_7500
>Prdm14-201_Apal_XM_021039822.2	27	1244	Apal_XM_021039822.2
>Prdm14-201_Apoc_chromosome_3.943_1	25	1215	Apoc_chromosome_3.943_1
>Prdm14-201_Aque_XM_019997806.1	1570	2748	Aque_XM_019997806.1
>Prdm14-201_Cgig_G29156.1	172	1419	Cgig_G29156.1
>Prdm14-201_Emue_Em0017g774a.t1	688	1404	Emue_Em0017g774a.t1
>Prdm14-201_Gasp_gasp1.m3.8688.m1	50	1240	Gasp_gasp1.m3.8688.m1
>Prdm14-201_Gfas_gfas1.m1.1965.m1	118	1299	Gfas_gfas1.m1.1965.m1
>Prdm14-201_Hsal_ENA_GHBP01002787_GHBP01002787.1	8	910	Hsal_ENA_GHBP01002787_GHBP01002787.1
>Prdm14-201_Kiwa_ENA_GBGI01017385_GBGI01017385.1	305	622	Kiwa_ENA_GBGI01017385_GBGI01017385.1
>Prdm14-201_Mcap_g19648	30	1289	Mcap_g19648
>Prdm14-201_Msqu_ENA_GHBR01003535_GHBR01003535.1	17	694	Msqu_ENA_GHBR01003535_GHBR01003535.1
>Prdm14-201_Nvec_XM_032385745.1	242	1480	Nvec_XM_032385745.1
>Prdm14-201_Pbac_AVPN01003704.1	8484	7996	Pbac_AVPN01003704.1
>Prdm14-201_Pdam_Pocillopora_damicornis_3290	4	837	Pdam_Pocillopora_damicornis_3290
>Prdm14-201_Plut_plut2.m8.12814.m1	811	1218	Plut_plut2.m8.12814.m1
>Prdm14-201_Prus_Prusg1490.t1	121	1296	Prus_Prusg1490.t1
>Prdm14-201_Pver_TRINITY_DN16033_c0_g1_i1	124	1305	Pver_TRINITY_DN16033_c0_g1_i1
>Prdm14-201_Spis_Stylophora_pistillata_1454	37	1218	Spis_Stylophora_pistillata_1454
>Prdm15-201_Adig_Acropora_digitifera_12783	1003	2292	Adig_Acropora_digitifera_12783
>Prdm15-201_Ahya_Acropora_hyacinthus_6436	4	405	Ahya_Acropora_hyacinthus_6436
>Prdm15-201_Amil_Acropora_millepora_3524	964	2253	Amil_Acropora_millepora_3524
>Prdm15-201_Apal_XM_021048340.2	678	2204	Apal_XM_021048340.2
>Prdm15-201_Apoc_chromosome_10.713_1	4	1626	Apoc_chromosome_10.713_1
>Prdm15-201_Aque_XM_019997806.1	2233	2922	Aque_XM_019997806.1
>Prdm15-201_Cgig_G34774.2	2617	4128	Cgig_G34774.2
>Prdm15-201_Emue_Em0001g3381a.t1	10	1068	Emue_Em0001g3381a.t1
>Prdm15-201_Gasp_gasp1.m3.10039.m1	1	1326	Gasp_gasp1.m3.10039.m1
>Prdm15-201_Gfas_gfas1.m1.14953.m1	1581	2975	Gfas_gfas1.m1.14953.m1
>Prdm15-201_Hsal_ENA_GHBP01003277_GHBP01003277.1	38	526	Hsal_ENA_GHBP01003277_GHBP01003277.1
>Prdm15-201_Kiwa_ENA_GBGI01005609_GBGI01005609.1	112	513	Kiwa_ENA_GBGI01005609_GBGI01005609.1
>Prdm15-201_Mcap_adi2mcaRNA15413_R8	223	1635	Mcap_adi2mcaRNA15413_R8
>Prdm15-201_Msqu_ENA_GHBR01004499_GHBR01004499.1	183	602	Msqu_ENA_GHBR01004499_GHBR01004499.1
>Prdm15-201_Nvec_XM_032382254.1	1517	3001	Nvec_XM_032382254.1
>Prdm15-201_Pbac_AVPN01001973.1	4069	2930	Pbac_AVPN01001973.1
>Prdm15-201_Pdam_Pocillopora_damicornis_10400	673	1335	Pdam_Pocillopora_damicornis_10400
>Prdm15-201_Plut_plut2.m8.12814.m1	373	1221	Plut_plut2.m8.12814.m1
>Prdm15-201_Prus_Prusg7208.t1	1975	3582	Prus_Prusg7208.t1
>Prdm15-201_Pver_TRINITY_DN8528_c0_g1_i5	6	1496	Pver_TRINITY_DN8528_c0_g1_i5
>Prdm15-201_Spis_Stylophora_pistillata_6858	457	2187	Spis_Stylophora_pistillata_6858
>Prdm16-206_Adig_Acropora_digitifera_8857	508	1677	Adig_Acropora_digitifera_8857
>Prdm16-206_Ahya_Acropora_hyacinthus_6436	19	417	Ahya_Acropora_hyacinthus_6436
>Prdm16-206_Amil_Acropora_millepora_10059	490	1659	Amil_Acropora_millepora_10059
>Prdm16-206_Apal_XM_021050505.2	391	1545	Apal_XM_021050505.2
>Prdm16-206_Apoc_chromosome_9.226_1	3756	4928	Apoc_chromosome_9.226_1
>Prdm16-206_Aque_XM_019997806.1	1753	2850	Aque_XM_019997806.1
>Prdm16-206_Cgig_G20668.19	586	972	Cgig_G20668.19
>Prdm16-206_Emue_Em0001g3408a.t1	286	837	Emue_Em0001g3408a.t1
>Prdm16-206_Gasp_gasp1.m3.22694.m1	510	1616	Gasp_gasp1.m3.22694.m1
>Prdm16-206_Gfas_gfas1.m1.4967.m1	512	1675	Gfas_gfas1.m1.4967.m1
>Prdm16-206_Hsal_ENA_GHBP01003277_GHBP01003277.1	41	520	Hsal_ENA_GHBP01003277_GHBP01003277.1
>Prdm16-206_Kiwa_ENA_GBGI01005609_GBGI01005609.1	112	501	Kiwa_ENA_GBGI01005609_GBGI01005609.1
>Prdm16-206_Mcap_g62778	361	1533	Mcap_g62778
>Prdm16-206_Msqu_ENA_GHBR01001560_GHBR01001560.1	391	795	Msqu_ENA_GHBR01001560_GHBR01001560.1
>Prdm16-206_Nvec_XM_032366482.1	1019	2128	Nvec_XM_032366482.1
>Prdm16-206_Pbac_AVPN01001664.1	14771	14097	Pbac_AVPN01001664.1
>Prdm16-206_Pdam_Pocillopora_damicornis_10400	649	1236	Pdam_Pocillopora_damicornis_10400
>Prdm16-206_Plut_plut2.m8.12814.m1	388	1035	Plut_plut2.m8.12814.m1
>Prdm16-206_Prus_35323_t	268	1284	Prus_35323_t
>Prdm16-206_Pver_TRINITY_DN18931_c0_g2_i1	589	1704	Pver_TRINITY_DN18931_c0_g2_i1
>Prdm16-206_Spis_Stylophora_pistillata_3050	358	1473	Spis_Stylophora_pistillata_3050
>Prdm4-207_Adig_Acropora_digitifera_5693	181	1281	Adig_Acropora_digitifera_5693
>Prdm4-207_Ahya_Acropora_hyacinthus_6436	22	414	Ahya_Acropora_hyacinthus_6436
>Prdm4-207_Amil_Acropora_millepora_7500	181	1281	Amil_Acropora_millepora_7500
>Prdm4-207_Apal_XM_021061913.2	537	1685	Apal_XM_021061913.2
>Prdm4-207_Apoc_chromosome_1.1465_1	559	1857	Apoc_chromosome_1.1465_1
>Prdm4-207_Aque_XM_019997806.1	1606	2910	Aque_XM_019997806.1
>Prdm4-207_Cgig_G16852.1	1444	2532	Cgig_G16852.1
>Prdm4-207_Emue_Em0001g3408a.t1	190	777	Emue_Em0001g3408a.t1
>Prdm4-207_Gasp_gasp1.m3.22927.m1	502	1713	Gasp_gasp1.m3.22927.m1
>Prdm4-207_Gfas_gfas1.m1.4967.m1	551	1690	Gfas_gfas1.m1.4967.m1
>Prdm4-207_Hsal_ENA_GHBP01002787_GHBP01002787.1	11	868	Hsal_ENA_GHBP01002787_GHBP01002787.1
>Prdm4-207_Kiwa_ENA_GBGI01004397_GBGI01004397.1	70	411	Kiwa_ENA_GBGI01004397_GBGI01004397.1
>Prdm4-207_Mcap_adi2mcaRNA41094_R0	190	1392	Mcap_adi2mcaRNA41094_R0
>Prdm4-207_Msqu_ENA_GHBR01001560_GHBR01001560.1	460	933	Msqu_ENA_GHBR01001560_GHBR01001560.1
>Prdm4-207_Nvec_XM_032379045.1	1261	2565	Nvec_XM_032379045.1
>Prdm4-207_Pbac_AVPN01003704.1	8493	8002	Pbac_AVPN01003704.1
>Prdm4-207_Pdam_Pocillopora_damicornis_10400	832	1323	Pdam_Pocillopora_damicornis_10400
>Prdm4-207_Plut_plut2.m8.12814.m1	571	1212	Plut_plut2.m8.12814.m1
>Prdm4-207_Prus_35323_t	199	1281	Prus_35323_t
>Prdm4-207_Pver_TRINITY_DN18931_c0_g2_i1	628	1779	Pver_TRINITY_DN18931_c0_g2_i1
>Prdm4-207_Spis_Stylophora_pistillata_3050	397	1548	Spis_Stylophora_pistillata_3050
>Prdm5-202_Adig_Acropora_digitifera_12783	937	2286	Adig_Acropora_digitifera_12783
>Prdm5-202_Ahya_Acropora_hyacinthus_6436	13	417	Ahya_Acropora_hyacinthus_6436
>Prdm5-202_Amil_Acropora_millepora_3524	898	2247	Amil_Acropora_millepora_3524
>Prdm5-202_Apal_XM_021048340.2	672	2039	Apal_XM_021048340.2
>Prdm5-202_Apoc_chromosome_10.712_1	1	1359	Apoc_chromosome_10.712_1
>Prdm5-202_Aque_XM_019997806.1	1735	2919	Aque_XM_019997806.1
>Prdm5-202_Cgig_G9630.1	2530	3825	Cgig_G9630.1
>Prdm5-202_Emue_Em0001g3381a.t1	10	1071	Emue_Em0001g3381a.t1
>Prdm5-202_Gasp_gasp1.m3.10039.m1	43	1320	Gasp_gasp1.m3.10039.m1
>Prdm5-202_Gfas_gfas1.m1.4967.m1	494	1825	Gfas_gfas1.m1.4967.m1
>Prdm5-202_Hsal_ENA_GHBP01002787_GHBP01002787.1	488	901	Hsal_ENA_GHBP01002787_GHBP01002787.1
>Prdm5-202_Kiwa_ENA_GBGI01005609_GBGI01005609.1	73	507	Kiwa_ENA_GBGI01005609_GBGI01005609.1
>Prdm5-202_Mcap_adi2mcaRNA41094_R0	304	1830	Mcap_adi2mcaRNA41094_R0
>Prdm5-202_Msqu_ENA_GHBR01001560_GHBR01001560.1	433	909	Msqu_ENA_GHBR01001560_GHBR01001560.1
>Prdm5-202_Nvec_XM_032379046.1	538	1992	Nvec_XM_032379046.1
>Prdm5-202_Pbac_AVPN01001973.1	4069	2924	Pbac_AVPN01001973.1
>Prdm5-202_Pdam_Pocillopora_damicornis_18695	142	828	Pdam_Pocillopora_damicornis_18695
>Prdm5-202_Plut_plut2.m8.12814.m1	376	1233	Plut_plut2.m8.12814.m1
>Prdm5-202_Prus_Prusg7208.t1	1009	2568	Prus_Prusg7208.t1
>Prdm5-202_Pver_TRINITY_DN8528_c0_g1_i5	42	1424	Pver_TRINITY_DN8528_c0_g1_i5
>Prdm5-202_Spis_Stylophora_pistillata_6858	316	1521	Spis_Stylophora_pistillata_6858
>Prdm6-201_Adig_Acropora_digitifera_14359	328	1590	Adig_Acropora_digitifera_14359
>Prdm6-201_Ahya_Acropora_hyacinthus_4581	310	696	Ahya_Acropora_hyacinthus_4581
>Prdm6-201_Amil_Acropora_millepora_8567	238	1488	Amil_Acropora_millepora_8567
>Prdm6-201_Apal_XM_021060413.2	1447	2694	Apal_XM_021060413.2
>Prdm6-201_Apoc_chromosome_13.72_1	145	1512	Apoc_chromosome_13.72_1
>Prdm6-201_Aque_XM_019997806.1	1621	2763	Aque_XM_019997806.1
>Prdm6-201_Cgig_G23570.2	412	1413	Cgig_G23570.2
>Prdm6-201_Emue_Em0016g46a.t1	202	1209	Emue_Em0016g46a.t1
>Prdm6-201_Gasp_gasp1.m3.5779.m1	449	1735	Gasp_gasp1.m3.5779.m1
>Prdm6-201_Gfas_gfas1.m1.1121.m1	785	2062	Gfas_gfas1.m1.1121.m1
>Prdm6-201_Hsal_ENA_GHBP01002787_GHBP01002787.1	32	949	Hsal_ENA_GHBP01002787_GHBP01002787.1
>Prdm6-201_Kiwa_ENA_GBGI01004397_GBGI01004397.1	106	450	Kiwa_ENA_GBGI01004397_GBGI01004397.1
>Prdm6-201_Mcap_g33984	106	1434	Mcap_g33984
>Prdm6-201_Msqu_ENA_GHBR01003535_GHBR01003535.1	17	694	Msqu_ENA_GHBR01003535_GHBR01003535.1
>Prdm6-201_Nvec_XM_032365299.1	299	1555	Nvec_XM_032365299.1
>Prdm6-201_Pbac_AVPN01000536.1	44202	44561	Pbac_AVPN01000536.1
>Prdm6-201_Pdam_Pocillopora_damicornis_3755	1	1008	Pdam_Pocillopora_damicornis_3755
>Prdm6-201_Plut_plut2.m8.10523.m1	694	1314	Plut_plut2.m8.10523.m1
>Prdm6-201_Prus_29790_t	151	1479	Prus_29790_t
>Prdm6-201_Pver_TRINITY_DN14217_c0_g1_i1	286	1416	Pver_TRINITY_DN14217_c0_g1_i1
>Prdm6-201_Spis_Stylophora_pistillata_13722	97	1314	Spis_Stylophora_pistillata_13722
>PRDM7-202_Adig_Acropora_digitifera_13614	304	885	Adig_Acropora_digitifera_13614
>PRDM7-202_Ahya_Acropora_hyacinthus_4581	259	693	Ahya_Acropora_hyacinthus_4581
>PRDM7-202_Amil_Acropora_millepora_981	214	864	Amil_Acropora_millepora_981
>PRDM7-202_Apal_XM_028663538.1	324	1109	Apal_XM_028663538.1
>PRDM7-202_Apoc_chromosome_4.767_1	457	1158	Apoc_chromosome_4.767_1
>PRDM7-202_Aque_XM_019997806.1	1525	2127	Aque_XM_019997806.1
>PRDM7-202_Cgig_G19664.1	79	1077	Cgig_G19664.1
>PRDM7-202_Emue_Em0017g774a.t1	598	1143	Emue_Em0017g774a.t1
>PRDM7-202_Gasp_gasp1.m3.4673.m1	259	927	Gasp_gasp1.m3.4673.m1
>PRDM7-202_Gfas_gfas1.m1.14076.m1	13	1197	Gfas_gfas1.m1.14076.m1
>PRDM7-202_Mcap_g24462	169	783	Mcap_g24462
>PRDM7-202_Nvec_XM_032379045.1	1222	1761	Nvec_XM_032379045.1
>PRDM7-202_Pbac_AVPN01009659.1	1210	1950	Pbac_AVPN01009659.1
>PRDM7-202_Pdam_Pocillopora_damicornis_494	13	522	Pdam_Pocillopora_damicornis_494
>PRDM7-202_Plut_plut2.m8.17266.m1	496	990	Plut_plut2.m8.17266.m1
>PRDM7-202_Prus_8099_t	979	1521	Prus_8099_t
>PRDM7-202_Pver_TRINITY_DN18842_c0_g1_i1	590	1117	Pver_TRINITY_DN18842_c0_g1_i1
>PRDM7-202_Spis_Stylophora_pistillata_13722	172	777	Spis_Stylophora_pistillata_13722
>Prdm8-201_Adig_Acropora_digitifera_8857	550	1005	Adig_Acropora_digitifera_8857
>Prdm8-201_Ahya_Acropora_hyacinthus_7221	28	237	Ahya_Acropora_hyacinthus_7221
>Prdm8-201_Amil_Acropora_millepora_18190	352	723	Amil_Acropora_millepora_18190
>Prdm8-201_Apal_XM_028661314.1	140	511	Apal_XM_028661314.1
>Prdm8-201_Apoc_chromosome_4.767_1	724	1191	Apoc_chromosome_4.767_1
>Prdm8-201_Aque_XM_019995389.1	657	1016	Aque_XM_019995389.1
>Prdm8-201_Cgig_G3579.12	4	453	Cgig_G3579.12
>Prdm8-201_Emue_Em0016g46a.t1	262	612	Emue_Em0016g46a.t1
>Prdm8-201_Gasp_gasp1.m3.18549.m1	367	741	Gasp_gasp1.m3.18549.m1
>Prdm8-201_Gfas_gfas1.m1.14076.m1	790	1251	Gfas_gfas1.m1.14076.m1
>Prdm8-201_Mcap_g33586	43	495	Mcap_g33586
>Prdm8-201_Nvec_XM_032363558.1	236	694	Nvec_XM_032363558.1
>Prdm8-201_Pdam_Pocillopora_damicornis_13850	109	435	Pdam_Pocillopora_damicornis_13850
>Prdm8-201_Plut_plut2.m8.17266.m1	661	1083	Plut_plut2.m8.17266.m1
>Prdm8-201_Prus_12393_t	493	855	Prus_12393_t
>Prdm8-201_Pver_TRINITY_DN18931_c0_g2_i1	631	1092	Pver_TRINITY_DN18931_c0_g2_i1
>Prdm8-201_Spis_Stylophora_pistillata_3050	400	861	Spis_Stylophora_pistillata_3050
>Prdm9-207_Adig_Acropora_digitifera_8857	496	1836	Adig_Acropora_digitifera_8857
>Prdm9-207_Ahya_Acropora_hyacinthus_6436	13	420	Ahya_Acropora_hyacinthus_6436
>Prdm9-207_Amil_Acropora_millepora_19367	19	1119	Amil_Acropora_millepora_19367
>Prdm9-207_Apal_XM_021043378.2	722	1717	Apal_XM_021043378.2
>Prdm9-207_Apoc_chromosome_4.767_1	7	2136	Apoc_chromosome_4.767_1
>Prdm9-207_Aque_XM_019997806.1	955	2913	Aque_XM_019997806.1
>Prdm9-207_Cgig_G6586.4	655	1800	Cgig_G6586.4
>Prdm9-207_Emue_Em0001g3324a.t1	10	996	Emue_Em0001g3324a.t1
>Prdm9-207_Gasp_gasp1.m3.10039.m1	229	1257	Gasp_gasp1.m3.10039.m1
>Prdm9-207_Gfas_gfas1.m1.4967.m1	500	1873	Gfas_gfas1.m1.4967.m1
>Prdm9-207_Hsal_ENA_GHBP01003277_GHBP01003277.1	2	520	Hsal_ENA_GHBP01003277_GHBP01003277.1
>Prdm9-207_Kiwa_ENA_GBGI01005609_GBGI01005609.1	112	507	Kiwa_ENA_GBGI01005609_GBGI01005609.1
>Prdm9-207_Mcap_adi2mcaRNA41094_R0	190	1794	Mcap_adi2mcaRNA41094_R0
>Prdm9-207_Msqu_ENA_GHBR01001560_GHBR01001560.1	469	924	Msqu_ENA_GHBR01001560_GHBR01001560.1
>Prdm9-207_Nvec_XM_032379044.1	727	2832	Nvec_XM_032379044.1
>Prdm9-207_Pbac_AVPN01003704.1	3993	2986	Pbac_AVPN01003704.1
>Prdm9-207_Pdam_Pocillopora_damicornis_10400	676	1398	Pdam_Pocillopora_damicornis_10400
>Prdm9-207_Plut_plut2.m8.12814.m1	376	1212	Plut_plut2.m8.12814.m1
>Prdm9-207_Prus_Prusg7208.t1	1147	2199	Prus_Prusg7208.t1
>Prdm9-207_Pver_TRINITY_DN8528_c0_g1_i5	435	1430	Pver_TRINITY_DN8528_c0_g1_i5
>Prdm9-207_Spis_Stylophora_pistillata_3050	346	1686	Spis_Stylophora_pistillata_3050
>Setd3-201_Adig_Acropora_digitifera_15450	103	1563	Adig_Acropora_digitifera_15450
>Setd3-201_Amil_Acropora_millepora_8257	34	1494	Amil_Acropora_millepora_8257
>Setd3-201_Apal_XM_021055910.2	106	933	Apal_XM_021055910.2
>Setd3-201_Apoc_chromosome_12.3018_1	1	1443	Apoc_chromosome_12.3018_1
>Setd3-201_Aque_XM_011405548.2	37	1506	Aque_XM_011405548.2
>Setd3-201_Cgig_G13593.4	1	1473	Cgig_G13593.4
>Setd3-201_Emue_Em0019g334a.t1	1	1443	Emue_Em0019g334a.t1
>Setd3-201_Gasp_gasp1.m3.11021.m1	73	1455	Gasp_gasp1.m3.11021.m1
>Setd3-201_Gfas_gfas1.m1.8432.m1	94	1371	Gfas_gfas1.m1.8432.m1
>Setd3-201_Hsal_ENA_GHBP01002775_GHBP01002775.1	245	1036	Hsal_ENA_GHBP01002775_GHBP01002775.1
>Setd3-201_Kiwa_ENA_GBGI01019101_GBGI01019101.1	171	1586	Kiwa_ENA_GBGI01019101_GBGI01019101.1
>Setd3-201_Mcap_g44149	151	1647	Mcap_g44149
>Setd3-201_Msqu_ENA_GHBR01000837_GHBR01000837.1	298	1194	Msqu_ENA_GHBR01000837_GHBR01000837.1
>Setd3-201_Nvec_XM_001633211.2	156	1604	Nvec_XM_001633211.2
>Setd3-201_Pdam_Pocillopora_damicornis_16235	10	384	Pdam_Pocillopora_damicornis_16235
>Setd3-201_Plut_plut2.m8.5018.m1	182	1399	Plut_plut2.m8.5018.m1
>Setd3-201_Prus_1749_t	1	369	Prus_1749_t
>Setd3-201_Pver_TRINITY_DN5711_c0_g1_i1	377	1882	Pver_TRINITY_DN5711_c0_g1_i1
>Setd3-201_Spis_Stylophora_pistillata_18125	28	1122	Spis_Stylophora_pistillata_18125
>Setd4-201_Adig_Acropora_digitifera_15450	316	1104	Adig_Acropora_digitifera_15450
>Setd4-201_Amil_Acropora_millepora_21487	100	1335	Amil_Acropora_millepora_21487
>Setd4-201_Apal_XM_021055910.2	106	1299	Apal_XM_021055910.2
>Setd4-201_Apoc_chromosome_8.2068_1	244	1482	Apoc_chromosome_8.2068_1
>Setd4-201_Aque_XM_011405548.2	292	1086	Aque_XM_011405548.2
>Setd4-201_Cgig_G16694.9	73	1236	Cgig_G16694.9
>Setd4-201_Emue_Em0019g334a.t1	244	1005	Emue_Em0019g334a.t1
>Setd4-201_Gasp_gasp1.m3.21794.m1	76	1311	Gasp_gasp1.m3.21794.m1
>Setd4-201_Gfas_gfas1.m1.8432.m1	91	1311	Gfas_gfas1.m1.8432.m1
>Setd4-201_Hsal_ENA_GHBP01002197_GHBP01002197.1	370	960	Hsal_ENA_GHBP01002197_GHBP01002197.1
>Setd4-201_Kiwa_ENA_GBGI01019101_GBGI01019101.1	450	1205	Kiwa_ENA_GBGI01019101_GBGI01019101.1
>Setd4-201_Mcap_g57121	91	1314	Mcap_g57121
>Setd4-201_Nvec_XM_001625273.2	224	1162	Nvec_XM_001625273.2
>Setd4-201_Plut_plut2.m8.5018.m1	161	1405	Plut_plut2.m8.5018.m1
>Setd4-201_Pver_TRINITY_DN27348_c0_g2_i1	159	1394	Pver_TRINITY_DN27348_c0_g2_i1
>Setd4-201_Spis_Stylophora_pistillata_10574	94	726	Spis_Stylophora_pistillata_10574
>Setd5-201_Adig_Acropora_digitifera_6453	16	1251	Adig_Acropora_digitifera_6453
>Setd5-201_Ahya_Acropora_hyacinthus_44	1	156	Ahya_Acropora_hyacinthus_44
>Setd5-201_Amil_Acropora_millepora_2725	16	1251	Amil_Acropora_millepora_2725
>Setd5-201_Apal_XM_028660260.1	2152	2724	Apal_XM_028660260.1
>Setd5-201_Apoc_chromosome_2.235_1	1	1242	Apoc_chromosome_2.235_1
>Setd5-201_Aque_XM_020000342.1	858	1445	Aque_XM_020000342.1
>Setd5-201_Cgig_G28638.1	916	1515	Cgig_G28638.1
>Setd5-201_Emue_Em0001g505a.t1	532	1143	Emue_Em0001g505a.t1
>Setd5-201_Gasp_gasp1.m3.1232.m1	724	1839	Gasp_gasp1.m3.1232.m1
>Setd5-201_Gfas_gfas1.m1.3240.m1	451	1515	Gfas_gfas1.m1.3240.m1
>Setd5-201_Hsal_ENA_GHBP01002793_GHBP01002793.1	660	986	Hsal_ENA_GHBP01002793_GHBP01002793.1
>Setd5-201_Mcap_g31302	13	1248	Mcap_g31302
>Setd5-201_Msqu_ENA_GHBR01005920_GHBR01005920.1	109	432	Msqu_ENA_GHBR01005920_GHBR01005920.1
>Setd5-201_Nvec_XM_032361855.1	1561	2748	Nvec_XM_032361855.1
>Setd5-201_Pbac_AVPN01000554.1	24273	24118	Pbac_AVPN01000554.1
>Setd5-201_Pdam_Pocillopora_damicornis_4912	610	807	Pdam_Pocillopora_damicornis_4912
>Setd5-201_Plut_plut2.m8.26924.m1	377	1729	Plut_plut2.m8.26924.m1
>Setd5-201_Prus_32787_t	1	1383	Prus_32787_t
>Setd5-201_Pver_TRINITY_DN9037_c0_g1_i3	355	1599	Pver_TRINITY_DN9037_c0_g1_i3
>Setd5-201_Spis_Stylophora_pistillata_13951	13	1245	Spis_Stylophora_pistillata_13951
>Setd6-201_Adig_Acropora_digitifera_6675	1	822	Adig_Acropora_digitifera_6675
>Setd6-201_Amil_Acropora_millepora_10605	4	738	Amil_Acropora_millepora_10605
>Setd6-201_Apal_XM_021039000.2	109	885	Apal_XM_021039000.2
>Setd6-201_Apoc_chromosome_8.2068_1	223	1482	Apoc_chromosome_8.2068_1
>Setd6-201_Aque_XM_003382929.2	131	949	Aque_XM_003382929.2
>Setd6-201_Cgig_G35127.1	94	1386	Cgig_G35127.1
>Setd6-201_Emue_Em0001g3609a.t1	1	702	Emue_Em0001g3609a.t1
>Setd6-201_Gasp_gasp1.m3.14161.m1	67	828	Gasp_gasp1.m3.14161.m1
>Setd6-201_Gfas_gfas1.m1.1800.m1	239	1228	Gfas_gfas1.m1.1800.m1
>Setd6-201_Mcap_adi2mcaRNA8574_R0	16	507	Mcap_adi2mcaRNA8574_R0
>Setd6-201_Nvec_XM_032378269.1	518	1651	Nvec_XM_032378269.1
>Setd6-201_Pdam_Pocillopora_damicornis_16634	16	486	Pdam_Pocillopora_damicornis_16634
>Setd6-201_Plut_plut2.m8.12192.m1	14	871	Plut_plut2.m8.12192.m1
>Setd6-201_Pver_TRINITY_DN14510_c0_g1_i2	11	1021	Pver_TRINITY_DN14510_c0_g1_i2
>Setd6-201_Spis_Stylophora_pistillata_18125	31	1035	Spis_Stylophora_pistillata_18125
>Setmar-201_Adig_Acropora_digitifera_3958	10	837	Adig_Acropora_digitifera_3958
>Setmar-201_Ahya_Acropora_hyacinthus_7139	1	438	Ahya_Acropora_hyacinthus_7139
>Setmar-201_Amil_Acropora_millepora_5217	2236	3021	Amil_Acropora_millepora_5217
>Setmar-201_Apal_XM_021039361.2	91	930	Apal_XM_021039361.2
>Setmar-201_Apoc_chromosome_6.788_1	196	993	Apoc_chromosome_6.788_1
>Setmar-201_Aque_XM_011410368.2	7	750	Aque_XM_011410368.2
>Setmar-201_Cgig_G28343.1	28	855	Cgig_G28343.1
>Setmar-201_Emue_Em0013g1106a.t1	1393	1968	Emue_Em0013g1106a.t1
>Setmar-201_Gasp_gasp1.m3.16153.m1	65	931	Gasp_gasp1.m3.16153.m1
>Setmar-201_Gfas_gfas1.m1.18804.m1	143	1015	Gfas_gfas1.m1.18804.m1
>Setmar-201_Hsal_ENA_GHBP01004811_GHBP01004811.1	376	780	Hsal_ENA_GHBP01004811_GHBP01004811.1
>Setmar-201_Kiwa_ENA_GBGI01001243_GBGI01001243.1	1347	655	Kiwa_ENA_GBGI01001243_GBGI01001243.1
>Setmar-201_Mcap_g53585	10	876	Mcap_g53585
>Setmar-201_Msqu_ENA_GHBR01001394_GHBR01001394.1	40	456	Msqu_ENA_GHBR01001394_GHBR01001394.1
>Setmar-201_Nvec_XM_032386052.1	2423	3202	Nvec_XM_032386052.1
>Setmar-201_Pbac_AVPN01021877.1	2892	3434	Pbac_AVPN01021877.1
>Setmar-201_Pdam_Pocillopora_damicornis_9401	148	885	Pdam_Pocillopora_damicornis_9401
>Setmar-201_Plut_plut2.m8.11450.m1	13	831	Plut_plut2.m8.11450.m1
>Setmar-201_Prus_3667_t	1021	1791	Prus_3667_t
>Setmar-201_Pver_TRINITY_DN26725_c0_g2_i1	144	1016	Pver_TRINITY_DN26725_c0_g2_i1
>Setmar-201_Spis_Stylophora_pistillata_18101	7	888	Spis_Stylophora_pistillata_18101
>Smyd1-201_Adig_Acropora_digitifera_10655	4	324	Adig_Acropora_digitifera_10655
>Smyd1-201_Amil_Acropora_millepora_18094	55	1392	Amil_Acropora_millepora_18094
>Smyd1-201_Apal_XM_021056637.2	37	1347	Apal_XM_021056637.2
>Smyd1-201_Apoc_chromosome_5.243_1	25	1392	Apoc_chromosome_5.243_1
>Smyd1-201_Aque_XM_020001111.1	69	1073	Aque_XM_020001111.1
>Smyd1-201_Cgig_G25318.1	19	1344	Cgig_G25318.1
>Smyd1-201_Emue_Em0016g1108a.t1	58	1050	Emue_Em0016g1108a.t1
>Smyd1-201_Gasp_gasp1.m3.19027.m1	31	1392	Gasp_gasp1.m3.19027.m1
>Smyd1-201_Gfas_gfas1.m1.10361.m1	19	1281	Gfas_gfas1.m1.10361.m1
>Smyd1-201_Hsal_ENA_GHBP01001238_GHBP01001238.1	50	406	Hsal_ENA_GHBP01001238_GHBP01001238.1
>Smyd1-201_Kiwa_ENA_GBGI01010170_GBGI01010170.1	172	597	Kiwa_ENA_GBGI01010170_GBGI01010170.1
>Smyd1-201_Mcap_g66916	31	1395	Mcap_g66916
>Smyd1-201_Nvec_XM_032375359.1	1739	3052	Nvec_XM_032375359.1
>Smyd1-201_Pbac_AVPN01000579.1	19578	18844	Pbac_AVPN01000579.1
>Smyd1-201_Pdam_Pocillopora_damicornis_24514	406	735	Pdam_Pocillopora_damicornis_24514
>Smyd1-201_Plut_jamg1.model.Sc0000176.8	952	1875	Plut_jamg1.model.Sc0000176.8
>Smyd1-201_Prus_9211_t	58	1311	Prus_9211_t
>Smyd1-201_Pver_TRINITY_DN19704_c0_g1_i1	22	1398	Pver_TRINITY_DN19704_c0_g1_i1
>Smyd1-201_Spis_Stylophora_pistillata_12207	10	1401	Spis_Stylophora_pistillata_12207
>Smyd3-204_Adig_Acropora_digitifera_10545	4	282	Adig_Acropora_digitifera_10545
>Smyd3-204_Amil_Acropora_millepora_18094	31	1338	Amil_Acropora_millepora_18094
>Smyd3-204_Apal_XM_028662469.1	28	1293	Apal_XM_028662469.1
>Smyd3-204_Apoc_chromosome_5.243_1	58	1332	Apoc_chromosome_5.243_1
>Smyd3-204_Aque_XM_020001111.1	84	1139	Aque_XM_020001111.1
>Smyd3-204_Cgig_G25318.1	4	1290	Cgig_G25318.1
>Smyd3-204_Emue_Em0016g1108a.t1	73	999	Emue_Em0016g1108a.t1
>Smyd3-204_Gasp_gasp1.m3.19027.m1	55	1329	Gasp_gasp1.m3.19027.m1
>Smyd3-204_Gfas_gfas1.m1.10361.m1	61	1239	Gfas_gfas1.m1.10361.m1
>Smyd3-204_Hsal_ENA_GHBP01001238_GHBP01001238.1	74	433	Hsal_ENA_GHBP01001238_GHBP01001238.1
>Smyd3-204_Kiwa_ENA_GBGI01010170_GBGI01010170.1	268	546	Kiwa_ENA_GBGI01010170_GBGI01010170.1
>Smyd3-204_Mcap_g66916	31	1338	Mcap_g66916
>Smyd3-204_Msqu_ENA_GHBR01007822_GHBR01007822.1	25	411	Msqu_ENA_GHBR01007822_GHBR01007822.1
>Smyd3-204_Nvec_XM_032375359.1	1739	2989	Nvec_XM_032375359.1
>Smyd3-204_Pbac_AVPN01000579.1	19581	18436	Pbac_AVPN01000579.1
>Smyd3-204_Pdam_Pocillopora_damicornis_24514	481	747	Pdam_Pocillopora_damicornis_24514
>Smyd3-204_Plut_plut2.m8.15226.m1	292	1086	Plut_plut2.m8.15226.m1
>Smyd3-204_Prus_9211_t	58	1227	Prus_9211_t
>Smyd3-204_Pver_TRINITY_DN19704_c0_g1_i1	55	1338	Pver_TRINITY_DN19704_c0_g1_i1
>Smyd3-204_Spis_Stylophora_pistillata_12207	58	1341	Spis_Stylophora_pistillata_12207
>Smyd4-201_Adig_Acropora_digitifera_2657	373	2385	Adig_Acropora_digitifera_2657
>Smyd4-201_Amil_Acropora_millepora_25397	22	903	Amil_Acropora_millepora_25397
>Smyd4-201_Apal_XM_021040833.2	335	1726	Apal_XM_021040833.2
>Smyd4-201_Apoc_chromosome_4.219_1	433	2352	Apoc_chromosome_4.219_1
>Smyd4-201_Aque_XM_019998596.1	592	1470	Aque_XM_019998596.1
>Smyd4-201_Cgig_G6179.3	166	2031	Cgig_G6179.3
>Smyd4-201_Emue_Em0016g1188a.t1	310	615	Emue_Em0016g1188a.t1
>Smyd4-201_Gasp_gasp1.m3.14152.m1	367	2412	Gasp_gasp1.m3.14152.m1
>Smyd4-201_Gfas_gfas1.m1.1815.m1	1493	3529	Gfas_gfas1.m1.1815.m1
>Smyd4-201_Kiwa_ENA_GBGI01010170_GBGI01010170.1	238	495	Kiwa_ENA_GBGI01010170_GBGI01010170.1
>Smyd4-201_Mcap_g37232	418	2376	Mcap_g37232
>Smyd4-201_Nvec_XM_032374986.1	351	2546	Nvec_XM_032374986.1
>Smyd4-201_Pbac_AVPN01007487.1	3210	2677	Pbac_AVPN01007487.1
>Smyd4-201_Pdam_Pocillopora_damicornis_24514	4	1317	Pdam_Pocillopora_damicornis_24514
>Smyd4-201_Plut_plut2.m8.12195.m1	939	3035	Plut_plut2.m8.12195.m1
>Smyd4-201_Prus_Prusg484.t1	922	2433	Prus_Prusg484.t1
>Smyd4-201_Pver_TRINITY_DN2234_c0_g1_i2	784	2703	Pver_TRINITY_DN2234_c0_g1_i2
>Smyd4-201_Spis_Stylophora_pistillata_8866	436	2325	Spis_Stylophora_pistillata_8866
>Smyd5-201_Adig_Acropora_digitifera_10545	1	270	Adig_Acropora_digitifera_10545
>Smyd5-201_Amil_Acropora_millepora_19578	40	1155	Amil_Acropora_millepora_19578
>Smyd5-201_Apal_XM_021053306.2	94	1218	Apal_XM_021053306.2
>Smyd5-201_Apoc_chromosome_12.339_1	49	1173	Apoc_chromosome_12.339_1
>Smyd5-201_Aque_XM_020001111.1	618	857	Aque_XM_020001111.1
>Smyd5-201_Cgig_G23562.5	763	1851	Cgig_G23562.5
>Smyd5-201_Emue_Em0016g1108a.t1	388	639	Emue_Em0016g1108a.t1
>Smyd5-201_Gasp_gasp1.m3.24585.m1	37	1089	Gasp_gasp1.m3.24585.m1
>Smyd5-201_Gfas_gfas1.m1.13829.m1	115	1173	Gfas_gfas1.m1.13829.m1
>Smyd5-201_Hsal_ENA_GHBP01001238_GHBP01001238.1	631	870	Hsal_ENA_GHBP01001238_GHBP01001238.1
>Smyd5-201_Mcap_g30657	40	1161	Mcap_g30657
>Smyd5-201_Msqu_ENA_GHBR01010056_GHBR01010056.1	328	119	Msqu_ENA_GHBR01010056_GHBR01010056.1
>Smyd5-201_Nvec_XM_001627012.2	56	1186	Nvec_XM_001627012.2
>Smyd5-201_Pbac_AVPN01014857.1	643	428	Pbac_AVPN01014857.1
>Smyd5-201_Pdam_Pocillopora_damicornis_12187	1	807	Pdam_Pocillopora_damicornis_12187
>Smyd5-201_Plut_plut2.m8.15226.m1	34	1089	Plut_plut2.m8.15226.m1
>Smyd5-201_Prus_231_t	34	1032	Prus_231_t
>Smyd5-201_Pver_TRINITY_DN1663_c1_g2_i1	73	1197	Pver_TRINITY_DN1663_c1_g2_i1
>Smyd5-201_Spis_Stylophora_pistillata_4007	49	1173	Spis_Stylophora_pistillata_4007
>Su(var)3-9-RA_Adig_Acropora_digitifera_3958	67	837	Adig_Acropora_digitifera_3958
>Su(var)3-9-RA_Ahya_Acropora_hyacinthus_7139	10	477	Ahya_Acropora_hyacinthus_7139
>Su(var)3-9-RA_Amil_Acropora_millepora_7636	43	708	Amil_Acropora_millepora_7636
>Su(var)3-9-RA_Apal_XM_021048066.2	784	1614	Apal_XM_021048066.2
>Su(var)3-9-RA_Apoc_chromosome_2.1197_1	535	1425	Apoc_chromosome_2.1197_1
>Su(var)3-9-RA_Aque_XM_020001492.1	1331	2137	Aque_XM_020001492.1
>Su(var)3-9-RA_Cgig_G28810.3	268	1392	Cgig_G28810.3
>Su(var)3-9-RA_Emue_Em0001g1292a.t1	2707	3603	Emue_Em0001g1292a.t1
>Su(var)3-9-RA_Gasp_gasp1.m3.16153.m1	386	910	Gasp_gasp1.m3.16153.m1
>Su(var)3-9-RA_Gfas_gfas1.m1.18804.m1	131	991	Gfas_gfas1.m1.18804.m1
>Su(var)3-9-RA_Hsal_ENA_GHBP01004811_GHBP01004811.1	382	780	Hsal_ENA_GHBP01004811_GHBP01004811.1
>Su(var)3-9-RA_Kiwa_ENA_GBGI01002868_GBGI01002868.1	1397	2125	Kiwa_ENA_GBGI01002868_GBGI01002868.1
>Su(var)3-9-RA_Mcap_g49869	484	1401	Mcap_g49869
>Su(var)3-9-RA_Msqu_ENA_GHBR01005920_GHBR01005920.1	46	444	Msqu_ENA_GHBR01005920_GHBR01005920.1
>Su(var)3-9-RA_Nvec_XM_001628244.2	819	1661	Nvec_XM_001628244.2
>Su(var)3-9-RA_Pbac_AVPN01000674.1	37017	36700	Pbac_AVPN01000674.1
>Su(var)3-9-RA_Pdam_Pocillopora_damicornis_9401	7	888	Pdam_Pocillopora_damicornis_9401
>Su(var)3-9-RA_Plut_plut2.m8.14404.m1	545	1531	Plut_plut2.m8.14404.m1
>Su(var)3-9-RA_Prus_7647_t	577	1401	Prus_7647_t
>Su(var)3-9-RA_Pver_TRINITY_DN39262_c0_g1_i1	607	1530	Pver_TRINITY_DN39262_c0_g1_i1
>Su(var)3-9-RA_Spis_Stylophora_pistillata_10253	559	1425	Spis_Stylophora_pistillata_10253
>Suv39h1-kmt1a-202_Adig_Acropora_digitifera_2516	1	816	Adig_Acropora_digitifera_2516
>Suv39h1-kmt1a-202_Ahya_Acropora_hyacinthus_7139	31	447	Ahya_Acropora_hyacinthus_7139
>Suv39h1-kmt1a-202_Amil_Acropora_millepora_5217	2272	3009	Amil_Acropora_millepora_5217
>Suv39h1-kmt1a-202_Apal_XM_021048066.2	793	1614	Apal_XM_021048066.2
>Suv39h1-kmt1a-202_Apoc_chromosome_2.1197_1	577	1425	Apoc_chromosome_2.1197_1
>Suv39h1-kmt1a-202_Aque_XM_020001492.1	1331	2140	Aque_XM_020001492.1
>Suv39h1-kmt1a-202_Cgig_G28810.3	214	1425	Cgig_G28810.3
>Suv39h1-kmt1a-202_Emue_Em0001g1292a.t1	3175	3603	Emue_Em0001g1292a.t1
>Suv39h1-kmt1a-202_Gasp_gasp1.m3.16153.m1	209	910	Gasp_gasp1.m3.16153.m1
>Suv39h1-kmt1a-202_Gfas_gfas1.m1.4598.m1	747	1595	Gfas_gfas1.m1.4598.m1
>Suv39h1-kmt1a-202_Hsal_ENA_GHBP01004811_GHBP01004811.1	382	780	Hsal_ENA_GHBP01004811_GHBP01004811.1
>Suv39h1-kmt1a-202_Kiwa_ENA_GBGI01001243_GBGI01001243.1	1266	667	Kiwa_ENA_GBGI01001243_GBGI01001243.1
>Suv39h1-kmt1a-202_Mcap_g49869	430	1401	Mcap_g49869
>Suv39h1-kmt1a-202_Msqu_ENA_GHBR01005920_GHBR01005920.1	67	444	Msqu_ENA_GHBR01005920_GHBR01005920.1
>Suv39h1-kmt1a-202_Nvec_XM_001628244.2	696	1661	Nvec_XM_001628244.2
>Suv39h1-kmt1a-202_Pbac_AVPN01021877.1	2871	3425	Pbac_AVPN01021877.1
>Suv39h1-kmt1a-202_Pdam_Pocillopora_damicornis_9401	40	888	Pdam_Pocillopora_damicornis_9401
>Suv39h1-kmt1a-202_Plut_plut2.m8.14404.m1	686	1531	Plut_plut2.m8.14404.m1
>Suv39h1-kmt1a-202_Prus_3667_t	892	1794	Prus_3667_t
>Suv39h1-kmt1a-202_Pver_TRINITY_DN39262_c0_g1_i1	682	1530	Pver_TRINITY_DN39262_c0_g1_i1
>Suv39h1-kmt1a-202_Spis_Stylophora_pistillata_10253	580	1425	Spis_Stylophora_pistillata_10253
>Suv39h2-Kmt1b-201_Adig_Acropora_digitifera_2516	1	819	Adig_Acropora_digitifera_2516
>Suv39h2-Kmt1b-201_Ahya_Acropora_hyacinthus_7139	10	453	Ahya_Acropora_hyacinthus_7139
>Suv39h2-Kmt1b-201_Amil_Acropora_millepora_7636	49	711	Amil_Acropora_millepora_7636
>Suv39h2-Kmt1b-201_Apal_XM_021048066.2	787	1611	Apal_XM_021048066.2
>Suv39h2-Kmt1b-201_Apoc_chromosome_2.1197_1	406	1422	Apoc_chromosome_2.1197_1
>Suv39h2-Kmt1b-201_Aque_XM_020001492.1	1331	2137	Aque_XM_020001492.1
>Suv39h2-Kmt1b-201_Cgig_G28810.3	586	1458	Cgig_G28810.3
>Suv39h2-Kmt1b-201_Emue_Em0001g1292a.t1	2800	3600	Emue_Em0001g1292a.t1
>Suv39h2-Kmt1b-201_Gasp_gasp1.m3.16153.m1	131	910	Gasp_gasp1.m3.16153.m1
>Suv39h2-Kmt1b-201_Gfas_gfas1.m1.4598.m1	768	1592	Gfas_gfas1.m1.4598.m1
>Suv39h2-Kmt1b-201_Hsal_ENA_GHBP01004811_GHBP01004811.1	382	783	Hsal_ENA_GHBP01004811_GHBP01004811.1
>Suv39h2-Kmt1b-201_Kiwa_ENA_GBGI01001243_GBGI01001243.1	1359	667	Kiwa_ENA_GBGI01001243_GBGI01001243.1
>Suv39h2-Kmt1b-201_Mcap_g53585	40	849	Mcap_g53585
>Suv39h2-Kmt1b-201_Msqu_ENA_GHBR01005920_GHBR01005920.1	46	447	Msqu_ENA_GHBR01005920_GHBR01005920.1
>Suv39h2-Kmt1b-201_Nvec_XM_001628244.2	804	1658	Nvec_XM_001628244.2
>Suv39h2-Kmt1b-201_Pbac_AVPN01021877.1	2865	3425	Pbac_AVPN01021877.1
>Suv39h2-Kmt1b-201_Pdam_Pocillopora_damicornis_9401	61	885	Pdam_Pocillopora_damicornis_9401
>Suv39h2-Kmt1b-201_Plut_plut2.m8.14404.m1	707	1531	Plut_plut2.m8.14404.m1
>Suv39h2-Kmt1b-201_Prus_7647_t	577	1401	Prus_7647_t
>Suv39h2-Kmt1b-201_Pver_TRINITY_DN7241_c0_g1_i1	2549	3370	Pver_TRINITY_DN7241_c0_g1_i1
>Suv39h2-Kmt1b-201_Spis_Stylophora_pistillata_10253	601	1422	Spis_Stylophora_pistillata_10253
>Whsc1-Nsd2-201_Adig_Acropora_digitifera_9721	1561	3621	Adig_Acropora_digitifera_9721
>Whsc1-Nsd2-201_Ahya_Acropora_hyacinthus_11304	22	321	Ahya_Acropora_hyacinthus_11304
>Whsc1-Nsd2-201_Amil_Acropora_millepora_7664	4	1977	Amil_Acropora_millepora_7664
>Whsc1-Nsd2-201_Apal_XM_021041415.2	1513	3513	Apal_XM_021041415.2
>Whsc1-Nsd2-201_Apoc_chromosome_12.221_1	1525	3597	Apoc_chromosome_12.221_1
>Whsc1-Nsd2-201_Aque_XM_019993783.1	1194	2822	Aque_XM_019993783.1
>Whsc1-Nsd2-201_Cgig_G15840.2	1564	3651	Cgig_G15840.2
>Whsc1-Nsd2-201_Emue_Em0013g1106a.t1	13	2307	Emue_Em0013g1106a.t1
>Whsc1-Nsd2-201_Gasp_gasp1.m3.29564.m1	7	1113	Gasp_gasp1.m3.29564.m1
>Whsc1-Nsd2-201_Gfas_gfas1.m1.14078.m1	1624	3546	Gfas_gfas1.m1.14078.m1
>Whsc1-Nsd2-201_Hsal_ENA_GHBP01004811_GHBP01004811.1	406	780	Hsal_ENA_GHBP01004811_GHBP01004811.1
>Whsc1-Nsd2-201_Kiwa_ENA_GBGI01018216_GBGI01018216.1	478	996	Kiwa_ENA_GBGI01018216_GBGI01018216.1
>Whsc1-Nsd2-201_Mcap_adi2mcaRNA8409_R0	1648	3345	Mcap_adi2mcaRNA8409_R0
>Whsc1-Nsd2-201_Msqu_ENA_GHBR01001394_GHBR01001394.1	43	483	Msqu_ENA_GHBR01001394_GHBR01001394.1
>Whsc1-Nsd2-201_Nvec_XM_001635169.2	1680	3635	Nvec_XM_001635169.2
>Whsc1-Nsd2-201_Pbac_AVPN01000674.1	37101	36682	Pbac_AVPN01000674.1
>Whsc1-Nsd2-201_Pdam_Pocillopora_damicornis_6858	172	687	Pdam_Pocillopora_damicornis_6858
>Whsc1-Nsd2-201_Plut_plut2.m8.21454.m1	1694	3781	Plut_plut2.m8.21454.m1
>Whsc1-Nsd2-201_Prus_37134_t	1582	3516	Prus_37134_t
>Whsc1-Nsd2-201_Pver_TRINITY_DN1491_c0_g1_i2	1594	3216	Pver_TRINITY_DN1491_c0_g1_i2
>Whsc1-Nsd2-201_Spis_Stylophora_pistillata_20700	109	777	Spis_Stylophora_pistillata_20700
>Whsc1l-Nsd3-205_Adig_Acropora_digitifera_9721	1624	3597	Adig_Acropora_digitifera_9721
>Whsc1l-Nsd3-205_Ahya_Acropora_hyacinthus_11304	22	330	Ahya_Acropora_hyacinthus_11304
>Whsc1l-Nsd3-205_Amil_Acropora_millepora_7664	4	1953	Amil_Acropora_millepora_7664
>Whsc1l-Nsd3-205_Apal_XM_021041415.2	160	3471	Apal_XM_021041415.2
>Whsc1l-Nsd3-205_Apoc_chromosome_12.221_1	1498	3552	Apoc_chromosome_12.221_1
>Whsc1l-Nsd3-205_Aque_XM_019993783.1	1194	2822	Aque_XM_019993783.1
>Whsc1l-Nsd3-205_Cgig_G15840.2	1633	3624	Cgig_G15840.2
>Whsc1l-Nsd3-205_Emue_Em0013g1106a.t1	358	2343	Emue_Em0013g1106a.t1
>Whsc1l-Nsd3-205_Gasp_gasp1.m3.19882.m1	1583	2542	Gasp_gasp1.m3.19882.m1
>Whsc1l-Nsd3-205_Gfas_gfas1.m1.14078.m1	1699	3504	Gfas_gfas1.m1.14078.m1
>Whsc1l-Nsd3-205_Hsal_ENA_GHBP01004811_GHBP01004811.1	406	783	Hsal_ENA_GHBP01004811_GHBP01004811.1
>Whsc1l-Nsd3-205_Kiwa_ENA_GBGI01018216_GBGI01018216.1	295	1035	Kiwa_ENA_GBGI01018216_GBGI01018216.1
>Whsc1l-Nsd3-205_Mcap_adi2mcaRNA8409_R0	1720	3348	Mcap_adi2mcaRNA8409_R0
>Whsc1l-Nsd3-205_Msqu_ENA_GHBR01003186_GHBR01003186.1	174	620	Msqu_ENA_GHBR01003186_GHBR01003186.1
>Whsc1l-Nsd3-205_Nvec_XM_001635169.2	1653	3653	Nvec_XM_001635169.2
>Whsc1l-Nsd3-205_Pbac_AVPN01018886.1	3353	3772	Pbac_AVPN01018886.1
>Whsc1l-Nsd3-205_Pdam_Pocillopora_damicornis_5006	829	1212	Pdam_Pocillopora_damicornis_5006
>Whsc1l-Nsd3-205_Plut_plut2.m8.21454.m1	1409	3736	Plut_plut2.m8.21454.m1
>Whsc1l-Nsd3-205_Prus_37134_t	1246	3471	Prus_37134_t
>Whsc1l-Nsd3-205_Pver_TRINITY_DN1491_c0_g1_i2	1579	3216	Pver_TRINITY_DN1491_c0_g1_i2
>Whsc1l-Nsd3-205_Spis_Stylophora_pistillata_10253	583	1422	Spis_Stylophora_pistillata_10253
