>ADAR-202_Adig_Acropora_digitifera_479	796	2808	Adig_Acropora_digitifera_479
>ADAR-202_Amil_Acropora_millepora_3301	832	2844	Amil_Acropora_millepora_3301
>ADAR-202_Apal_XM_021052948.2	1851	3314	Apal_XM_021052948.2
>ADAR-202_Apoc_chromosome_9.215_1	553	2091	Apoc_chromosome_9.215_1
>ADAR-202_Aque_XM_019993318.1	1439	2944	Aque_XM_019993318.1
>ADAR-202_Cgig_G10242.1	49	2001	Cgig_G10242.1
>ADAR-202_Emue_Em0037g9a.t1	1954	3435	Emue_Em0037g9a.t1
>ADAR-202_Gasp_gasp1.m3.30295.m1	330	2081	Gasp_gasp1.m3.30295.m1
>ADAR-202_Gfas_gfas1.m1.6594.m1	278	2122	Gfas_gfas1.m1.6594.m1
>ADAR-202_Kiwa_ENA_GBGI01007347_GBGI01007347.1	856	1992	Kiwa_ENA_GBGI01007347_GBGI01007347.1
>ADAR-202_Mcap_g16610	2157	3590	Mcap_g16610
>ADAR-202_Nvec_XM_001629565.2	285	2030	Nvec_XM_001629565.2
>ADAR-202_Pbac_AVPN01000454.1	23376	24833	Pbac_AVPN01000454.1
>ADAR-202_Pdam_Pocillopora_damicornis_772	1	687	Pdam_Pocillopora_damicornis_772
>ADAR-202_Plut_plut2.m8.18098.m1	850	2853	Plut_plut2.m8.18098.m1
>ADAR-202_Prus_31983_t	703	2706	Prus_31983_t
>ADAR-202_Pver_TRINITY_DN18141_c0_g1_i1	715	2238	Pver_TRINITY_DN18141_c0_g1_i1
>ADAR-202_Spis_Stylophora_pistillata_1110	1828	3258	Spis_Stylophora_pistillata_1110
>ADARB1-201_Adig_Acropora_digitifera_13658	277	2109	Adig_Acropora_digitifera_13658
>ADARB1-201_Ahya_Acropora_hyacinthus_6667	1	318	Ahya_Acropora_hyacinthus_6667
>ADARB1-201_Amil_Acropora_millepora_470	277	2109	Amil_Acropora_millepora_470
>ADARB1-201_Apal_XM_021052948.2	1896	3314	Apal_XM_021052948.2
>ADARB1-201_Apoc_chromosome_9.215_1	268	2094	Apoc_chromosome_9.215_1
>ADARB1-201_Aque_XM_003387819.3	515	1954	Aque_XM_003387819.3
>ADARB1-201_Cgig_G3894.4	508	2370	Cgig_G3894.4
>ADARB1-201_Emue_Em0037g9a.t1	1960	3444	Emue_Em0037g9a.t1
>ADARB1-201_Gasp_gasp1.m3.30295.m1	282	2084	Gasp_gasp1.m3.30295.m1
>ADARB1-201_Gfas_gfas1.m1.6594.m1	287	2125	Gfas_gfas1.m1.6594.m1
>ADARB1-201_Kiwa_ENA_GBGI01007347_GBGI01007347.1	895	1998	Kiwa_ENA_GBGI01007347_GBGI01007347.1
>ADARB1-201_Mcap_g62771	274	2094	Mcap_g62771
>ADARB1-201_Nvec_XM_001629565.2	234	2030	Nvec_XM_001629565.2
>ADARB1-201_Pbac_AVPN01002119.1	6182	5019	Pbac_AVPN01002119.1
>ADARB1-201_Pdam_Pocillopora_damicornis_772	1	687	Pdam_Pocillopora_damicornis_772
>ADARB1-201_Plut_plut2.m8.2549.m1	274	2097	Plut_plut2.m8.2549.m1
>ADARB1-201_Prus_38162_t	262	1647	Prus_38162_t
>ADARB1-201_Pver_TRINITY_DN18141_c0_g1_i1	445	2241	Pver_TRINITY_DN18141_c0_g1_i1
>ADARB1-201_Spis_Stylophora_pistillata_18764	289	2091	Spis_Stylophora_pistillata_18764
>ADARB2-203_Adig_Acropora_digitifera_13658	181	2109	Adig_Acropora_digitifera_13658
>ADARB2-203_Ahya_Acropora_hyacinthus_6667	7	270	Ahya_Acropora_hyacinthus_6667
>ADARB2-203_Amil_Acropora_millepora_470	181	2109	Amil_Acropora_millepora_470
>ADARB2-203_Apal_XM_021052948.2	1893	3314	Apal_XM_021052948.2
>ADARB2-203_Apoc_chromosome_9.215_1	280	2094	Apoc_chromosome_9.215_1
>ADARB2-203_Aque_XM_003387819.3	515	1942	Aque_XM_003387819.3
>ADARB2-203_Cgig_G3894.4	472	2367	Cgig_G3894.4
>ADARB2-203_Emue_Em0037g9a.t1	1960	3447	Emue_Em0037g9a.t1
>ADARB2-203_Gasp_gasp1.m3.30295.m1	279	2084	Gasp_gasp1.m3.30295.m1
>ADARB2-203_Gfas_gfas1.m1.6594.m1	212	2128	Gfas_gfas1.m1.6594.m1
>ADARB2-203_Kiwa_ENA_GBGI01007347_GBGI01007347.1	895	1998	Kiwa_ENA_GBGI01007347_GBGI01007347.1
>ADARB2-203_Mcap_g62771	178	2094	Mcap_g62771
>ADARB2-203_Nvec_XM_001629565.2	258	2030	Nvec_XM_001629565.2
>ADARB2-203_Pbac_AVPN01002119.1	6212	5019	Pbac_AVPN01002119.1
>ADARB2-203_Pdam_Pocillopora_damicornis_772	1	687	Pdam_Pocillopora_damicornis_772
>ADARB2-203_Plut_plut2.m8.2549.m1	271	2097	Plut_plut2.m8.2549.m1
>ADARB2-203_Prus_38162_t	259	1647	Prus_38162_t
>ADARB2-203_Pver_TRINITY_DN18141_c0_g1_i1	445	2241	Pver_TRINITY_DN18141_c0_g1_i1
>ADARB2-203_Spis_Stylophora_pistillata_18764	289	2091	Spis_Stylophora_pistillata_18764
>ALKBH1-201_Adig_Acropora_digitifera_4779	55	849	Adig_Acropora_digitifera_4779
>ALKBH1-201_Amil_Acropora_millepora_16957	55	849	Amil_Acropora_millepora_16957
>ALKBH1-201_Apal_XM_021052033.2	48	1127	Apal_XM_021052033.2
>ALKBH1-201_Apoc_chromosome_11.2463_1	4	963	Apoc_chromosome_11.2463_1
>ALKBH1-201_Aque_XM_003386474.3	35	871	Aque_XM_003386474.3
>ALKBH1-201_Cgig_G12644.4	43	1023	Cgig_G12644.4
>ALKBH1-201_Emue_Em0402g8a.t1	7	936	Emue_Em0402g8a.t1
>ALKBH1-201_Gasp_gasp1.m3.10581.m1	85	885	Gasp_gasp1.m3.10581.m1
>ALKBH1-201_Gfas_gfas1.m1.9008.m1	340	1134	Gfas_gfas1.m1.9008.m1
>ALKBH1-201_Hsal_ENA_GHBP01005764_GHBP01005764.1	181	741	Hsal_ENA_GHBP01005764_GHBP01005764.1
>ALKBH1-201_Kiwa_ENA_GBGI01018209_GBGI01018209.1	1158	91	Kiwa_ENA_GBGI01018209_GBGI01018209.1
>ALKBH1-201_Mcap_g57652	106	846	Mcap_g57652
>ALKBH1-201_Msqu_ENA_GHBR01004767_GHBR01004767.1	102	416	Msqu_ENA_GHBR01004767_GHBR01004767.1
>ALKBH1-201_Nvec_XM_032385605.1	34	1116	Nvec_XM_032385605.1
>ALKBH1-201_Pbac_AVPN01000429.1	48424	47774	Pbac_AVPN01000429.1
>ALKBH1-201_Pdam_Pocillopora_damicornis_15876	67	258	Pdam_Pocillopora_damicornis_15876
>ALKBH1-201_Plut_plut2.m8.23835.m1	86	727	Plut_plut2.m8.23835.m1
>ALKBH1-201_Prus_19377_t	79	873	Prus_19377_t
>ALKBH1-201_Pver_TRINITY_DN56698_c0_g1_i1	71	1144	Pver_TRINITY_DN56698_c0_g1_i1
>ALKBH1-201_Spis_Stylophora_pistillata_9323	19	831	Spis_Stylophora_pistillata_9323
>ALKBH3-201_Amil_Acropora_millepora_23514	142	681	Amil_Acropora_millepora_23514
>ALKBH3-201_Apal_XM_021054159.2	296	1033	Apal_XM_021054159.2
>ALKBH3-201_Apoc_chromosome_4.1235_1	328	789	Apoc_chromosome_4.1235_1
>ALKBH3-201_Aque_XM_003382387.3	200	793	Aque_XM_003382387.3
>ALKBH3-201_Cgig_G19620.4	22	834	Cgig_G19620.4
>ALKBH3-201_Emue_Em0695g3a.t1	136	714	Emue_Em0695g3a.t1
>ALKBH3-201_Gasp_gasp1.m3.21615.m1	322	783	Gasp_gasp1.m3.21615.m1
>ALKBH3-201_Gfas_gfas1.m1.8444.m1	328	810	Gfas_gfas1.m1.8444.m1
>ALKBH3-201_Mcap_g58441	346	789	Mcap_g58441
>ALKBH3-201_Nvec_XM_032379993.1	579	1376	Nvec_XM_032379993.1
>ALKBH3-201_Pbac_AVPN01000884.1	20173	19532	Pbac_AVPN01000884.1
>ALKBH3-201_Prus_Prusg13843.t1	346	789	Prus_Prusg13843.t1
>ALKBH3-201_Pver_TRINITY_DN67375_c0_g1_i1	43	564	Pver_TRINITY_DN67375_c0_g1_i1
>ALKBH3-201_Spis_Stylophora_pistillata_10488	325	777	Spis_Stylophora_pistillata_10488
>ALKBH5-201_Adig_Acropora_digitifera_8680	208	846	Adig_Acropora_digitifera_8680
>ALKBH5-201_Ahya_Acropora_hyacinthus_7244	7	294	Ahya_Acropora_hyacinthus_7244
>ALKBH5-201_Amil_Acropora_millepora_11243	169	843	Amil_Acropora_millepora_11243
>ALKBH5-201_Apal_XM_021047232.2	201	857	Apal_XM_021047232.2
>ALKBH5-201_Apoc_chromosome_5.454_1	100	801	Apoc_chromosome_5.454_1
>ALKBH5-201_Cgig_G374.3	172	813	Cgig_G374.3
>ALKBH5-201_Gasp_gasp1.m3.1826.m1	118	819	Gasp_gasp1.m3.1826.m1
>ALKBH5-201_Gfas_gfas1.m1.7392.m1	142	936	Gfas_gfas1.m1.7392.m1
>ALKBH5-201_Mcap_g62956	157	993	Mcap_g62956
>ALKBH5-201_Nvec_XM_001632099.2	182	817	Nvec_XM_001632099.2
>ALKBH5-201_Plut_plut2.m8.6215.m1	38	814	Plut_plut2.m8.6215.m1
>ALKBH5-201_Prus_13896_t	34	702	Prus_13896_t
>ALKBH5-201_Pver_TRINITY_DN9726_c0_g2_i1	164	811	Pver_TRINITY_DN9726_c0_g2_i1
>ALYREF-202_Adig_Acropora_digitifera_375	79	411	Adig_Acropora_digitifera_375
>ALYREF-202_Ahya_Acropora_hyacinthus_3671	352	561	Ahya_Acropora_hyacinthus_3671
>ALYREF-202_Amil_Acropora_millepora_21131	184	516	Amil_Acropora_millepora_21131
>ALYREF-202_Apal_XM_021045714.2	211	558	Apal_XM_021045714.2
>ALYREF-202_Apoc_chromosome_5.114_1	166	504	Apoc_chromosome_5.114_1
>ALYREF-202_Aque_XM_003384450.3	340	669	Aque_XM_003384450.3
>ALYREF-202_Cgig_G652.6	238	600	Cgig_G652.6
>ALYREF-202_Emue_Em0398g5a.t1	178	519	Emue_Em0398g5a.t1
>ALYREF-202_Gasp_gasp1.m3.4443.m1	269	613	Gasp_gasp1.m3.4443.m1
>ALYREF-202_Gfas_gfas1.m1.15967.m1	252	590	Gfas_gfas1.m1.15967.m1
>ALYREF-202_Hsal_ENA_GHBP01000264_GHBP01000264.1	1068	1316	Hsal_ENA_GHBP01000264_GHBP01000264.1
>ALYREF-202_Kiwa_ENA_GBGI01005917_GBGI01005917.1	355	579	Kiwa_ENA_GBGI01005917_GBGI01005917.1
>ALYREF-202_Mcap_g6372	157	558	Mcap_g6372
>ALYREF-202_Msqu_ENA_GHBR01001181_GHBR01001181.1	268	618	Msqu_ENA_GHBR01001181_GHBR01001181.1
>ALYREF-202_Nvec_XM_001626337.2	550	921	Nvec_XM_001626337.2
>ALYREF-202_Pdam_Pocillopora_damicornis_23216	67	402	Pdam_Pocillopora_damicornis_23216
>ALYREF-202_Plut_plut2.m8.6668.m1	224	595	Plut_plut2.m8.6668.m1
>ALYREF-202_Prus_5615_t	166	480	Prus_5615_t
>ALYREF-202_Pver_TRINITY_DN13213_c0_g2_i3	204	515	Pver_TRINITY_DN13213_c0_g2_i3
>ALYREF-202_Spis_Stylophora_pistillata_10146	298	609	Spis_Stylophora_pistillata_10146
>CBLL1-201_Adig_Acropora_digitifera_839	256	579	Adig_Acropora_digitifera_839
>CBLL1-201_Ahya_Acropora_hyacinthus_8046	85	513	Ahya_Acropora_hyacinthus_8046
>CBLL1-201_Amil_Acropora_millepora_17855	256	579	Amil_Acropora_millepora_17855
>CBLL1-201_Apal_XM_021053497.2	25	567	Apal_XM_021053497.2
>CBLL1-201_Aque_XM_003383672.2	19	510	Aque_XM_003383672.2
>CBLL1-201_Cgig_G30941.4	7	594	Cgig_G30941.4
>CBLL1-201_Emue_Em0017g947a.t1	253	567	Emue_Em0017g947a.t1
>CBLL1-201_Gasp_gasp1.m3.7664.m1	271	594	Gasp_gasp1.m3.7664.m1
>CBLL1-201_Gfas_gfas1.m1.17165.m1	256	579	Gfas_gfas1.m1.17165.m1
>CBLL1-201_Hsal_ENA_GHBP01004477_GHBP01004477.1	497	811	Hsal_ENA_GHBP01004477_GHBP01004477.1
>CBLL1-201_Kiwa_ENA_GBGI01009297_GBGI01009297.1	576	265	Kiwa_ENA_GBGI01009297_GBGI01009297.1
>CBLL1-201_Mcap_g35166	256	579	Mcap_g35166
>CBLL1-201_Msqu_ENA_GHBR01010435_GHBR01010435.1	1	222	Msqu_ENA_GHBR01010435_GHBR01010435.1
>CBLL1-201_Nvec_XM_032386180.1	16	588	Nvec_XM_032386180.1
>CBLL1-201_Plut_plut2.m8.29560.m1	286	663	Plut_plut2.m8.29560.m1
>CBLL1-201_Prus_8334_t	6	395	Prus_8334_t
>CBLL1-201_Pver_TRINITY_DN5763_c0_g1_i1	259	582	Pver_TRINITY_DN5763_c0_g1_i1
>DCP2-201_Adig_Acropora_digitifera_15392	4	651	Adig_Acropora_digitifera_15392
>DCP2-201_Amil_Acropora_millepora_10755	25	708	Amil_Acropora_millepora_10755
>DCP2-201_Apal_XM_021058776.2	170	856	Apal_XM_021058776.2
>DCP2-201_Apoc_chromosome_13.1043_1	58	753	Apoc_chromosome_13.1043_1
>DCP2-201_Aque_XM_011409385.2	44	739	Aque_XM_011409385.2
>DCP2-201_Cgig_G11411.5	49	741	Cgig_G11411.5
>DCP2-201_Emue_Em0009g1154a.t1	1	705	Emue_Em0009g1154a.t1
>DCP2-201_Gasp_gasp1.m3.26796.m1	94	609	Gasp_gasp1.m3.26796.m1
>DCP2-201_Gfas_gfas1.m1.5735.m1	148	870	Gfas_gfas1.m1.5735.m1
>DCP2-201_Hsal_ENA_GHBP01002178_GHBP01002178.1	98	505	Hsal_ENA_GHBP01002178_GHBP01002178.1
>DCP2-201_Kiwa_ENA_GBGI01007705_GBGI01007705.1	925	494	Kiwa_ENA_GBGI01007705_GBGI01007705.1
>DCP2-201_Mcap_adi2mcaRNA24820_R0	67	762	Mcap_adi2mcaRNA24820_R0
>DCP2-201_Msqu_ENA_GHBR01009124_GHBR01009124.1	2	316	Msqu_ENA_GHBR01009124_GHBR01009124.1
>DCP2-201_Nvec_XM_032364694.1	87	869	Nvec_XM_032364694.1
>DCP2-201_Pbac_AVPN01021648.1	2585	2181	Pbac_AVPN01021648.1
>DCP2-201_Plut_plut2.m8.233.m1	76	792	Plut_plut2.m8.233.m1
>DCP2-201_Prus_Prusg13900.t1	64	402	Prus_Prusg13900.t1
>DCP2-201_Pver_TRINITY_DN20126_c0_g1_i1	56	748	Pver_TRINITY_DN20126_c0_g1_i1
>DCP2-201_Spis_Stylophora_pistillata_7042	52	747	Spis_Stylophora_pistillata_7042
>DKC1-201_Adig_Acropora_digitifera_13758	136	1317	Adig_Acropora_digitifera_13758
>DKC1-201_Ahya_Acropora_hyacinthus_3841	151	1332	Ahya_Acropora_hyacinthus_3841
>DKC1-201_Amil_Acropora_millepora_11979	163	1344	Amil_Acropora_millepora_11979
>DKC1-201_Apal_XM_021048030.1	156	1313	Apal_XM_021048030.1
>DKC1-201_Apoc_chromosome_7.295_1	154	1335	Apoc_chromosome_7.295_1
>DKC1-201_Aque_XM_019995107.1	156	1292	Aque_XM_019995107.1
>DKC1-201_Cgig_G15487.5	49	1233	Cgig_G15487.5
>DKC1-201_Emue_Em0021g81a.t1	244	627	Emue_Em0021g81a.t1
>DKC1-201_Gasp_gasp1.m3.21791.m1	1	1128	Gasp_gasp1.m3.21791.m1
>DKC1-201_Gfas_gfas1.m1.3051.m1	169	1392	Gfas_gfas1.m1.3051.m1
>DKC1-201_Hsal_ENA_GHBP01001979_GHBP01001979.1	277	1179	Hsal_ENA_GHBP01001979_GHBP01001979.1
>DKC1-201_Kiwa_ENA_GBGI01005889_GBGI01005889.1	136	1281	Kiwa_ENA_GBGI01005889_GBGI01005889.1
>DKC1-201_Mcap_g59073	136	1311	Mcap_g59073
>DKC1-201_Msqu_ENA_GHBR01001211_GHBR01001211.1	306	1070	Msqu_ENA_GHBR01001211_GHBR01001211.1
>DKC1-201_Nvec_XM_001637210.2	229	1419	Nvec_XM_001637210.2
>DKC1-201_Pbac_AVPN01002512.1	4203	3922	Pbac_AVPN01002512.1
>DKC1-201_Pdam_Pocillopora_damicornis_3377	130	1311	Pdam_Pocillopora_damicornis_3377
>DKC1-201_Plut_plut2.m8.21581.m1	133	825	Plut_plut2.m8.21581.m1
>DKC1-201_Pver_TRINITY_DN1206_c0_g3_i1	151	1332	Pver_TRINITY_DN1206_c0_g3_i1
>DKC1-201_Spis_Stylophora_pistillata_18376	103	1284	Spis_Stylophora_pistillata_18376
>ELF3-203_Adig_Acropora_digitifera_5907	745	1011	Adig_Acropora_digitifera_5907
>ELF3-203_Ahya_Acropora_hyacinthus_2845	241	486	Ahya_Acropora_hyacinthus_2845
>ELF3-203_Amil_Acropora_millepora_10285	763	1023	Amil_Acropora_millepora_10285
>ELF3-203_Apal_XM_021056813.2	727	1038	Apal_XM_021056813.2
>ELF3-203_Apoc_chromosome_2.639_1	730	1005	Apoc_chromosome_2.639_1
>ELF3-203_Aque_XM_019999923.1	1509	1769	Aque_XM_019999923.1
>ELF3-203_Cgig_G5204.4	997	1308	Cgig_G5204.4
>ELF3-203_Emue_Em0003g292a.t1	721	966	Emue_Em0003g292a.t1
>ELF3-203_Gasp_gasp1.m3.11819.m1	1040	1342	Gasp_gasp1.m3.11819.m1
>ELF3-203_Gfas_gfas1.m1.2876.m1	3961	4221	Gfas_gfas1.m1.2876.m1
>ELF3-203_Hsal_ENA_GHBP01019912_GHBP01019912.1	94	330	Hsal_ENA_GHBP01019912_GHBP01019912.1
>ELF3-203_Kiwa_ENA_GBGI01002093_GBGI01002093.1	303	172	Kiwa_ENA_GBGI01002093_GBGI01002093.1
>ELF3-203_Mcap_g54369	877	1137	Mcap_g54369
>ELF3-203_Nvec_XM_032362936.1	1032	1313	Nvec_XM_032362936.1
>ELF3-203_Pbac_AVPN01000295.1	65831	66136	Pbac_AVPN01000295.1
>ELF3-203_Pdam_Pocillopora_damicornis_5047	754	1014	Pdam_Pocillopora_damicornis_5047
>ELF3-203_Plut_plut2.m8.18102.m1	1970	2230	Plut_plut2.m8.18102.m1
>ELF3-203_Prus_Prusg8201.t1	667	927	Prus_Prusg8201.t1
>ELF3-203_Pver_TRINITY_DN416_c1_g2_i1	1242	1502	Pver_TRINITY_DN416_c1_g2_i1
>ELF3-203_Spis_Stylophora_pistillata_12617	142	411	Spis_Stylophora_pistillata_12617
>FMR1-201_Adig_Acropora_digitifera_13096	1	1128	Adig_Acropora_digitifera_13096
>FMR1-201_Ahya_Acropora_hyacinthus_9034	55	468	Ahya_Acropora_hyacinthus_9034
>FMR1-201_Amil_Acropora_millepora_3549	10	993	Amil_Acropora_millepora_3549
>FMR1-201_Apal_XM_021057866.2	17	1171	Apal_XM_021057866.2
>FMR1-201_Apoc_chromosome_7.2524_1	91	1245	Apoc_chromosome_7.2524_1
>FMR1-201_Aque_XM_020002783.1	145	1290	Aque_XM_020002783.1
>FMR1-201_Cgig_G14022.11	1	1194	Cgig_G14022.11
>FMR1-201_Gasp_gasp1.m3.8143.m1	46	1032	Gasp_gasp1.m3.8143.m1
>FMR1-201_Gfas_gfas1.m1.16526.m1	17	1054	Gfas_gfas1.m1.16526.m1
>FMR1-201_Mcap_g52042	1	1155	Mcap_g52042
>FMR1-201_Nvec_XM_001636744.2	53	1207	Nvec_XM_001636744.2
>FMR1-201_Pdam_Pocillopora_damicornis_6613	10	183	Pdam_Pocillopora_damicornis_6613
>FMR1-201_Pver_TRINITY_DN4439_c0_g1_i1	13	1170	Pver_TRINITY_DN4439_c0_g1_i1
>HNRNPA2B1-201_Adig_Acropora_digitifera_12803	67	585	Adig_Acropora_digitifera_12803
>HNRNPA2B1-201_Ahya_Acropora_hyacinthus_7026	103	567	Ahya_Acropora_hyacinthus_7026
>HNRNPA2B1-201_Amil_Acropora_millepora_11658	55	600	Amil_Acropora_millepora_11658
>HNRNPA2B1-201_Apal_XM_021038878.2	64	639	Apal_XM_021038878.2
>HNRNPA2B1-201_Apoc_chromosome_13.1269_1	40	579	Apoc_chromosome_13.1269_1
>HNRNPA2B1-201_Aque_XM_011406724.1	43	564	Aque_XM_011406724.1
>HNRNPA2B1-201_Cgig_G5522.28	130	639	Cgig_G5522.28
>HNRNPA2B1-201_Emue_Em0015g1117a.t1	154	693	Emue_Em0015g1117a.t1
>HNRNPA2B1-201_Gasp_gasp1.m3.13360.m1	209	748	Gasp_gasp1.m3.13360.m1
>HNRNPA2B1-201_Gfas_gfas1.m1.14757.m1	263	811	Gfas_gfas1.m1.14757.m1
>HNRNPA2B1-201_Hsal_ENA_GHBP01001643_GHBP01001643.1	341	781	Hsal_ENA_GHBP01001643_GHBP01001643.1
>HNRNPA2B1-201_Kiwa_ENA_GBGI01014599_GBGI01014599.1	3266	2775	Kiwa_ENA_GBGI01014599_GBGI01014599.1
>HNRNPA2B1-201_Mcap_g23510	40	585	Mcap_g23510
>HNRNPA2B1-201_Msqu_ENA_GHBR01001030_GHBR01001030.1	153	662	Msqu_ENA_GHBR01001030_GHBR01001030.1
>HNRNPA2B1-201_Nvec_XM_032380965.1	237	755	Nvec_XM_032380965.1
>HNRNPA2B1-201_Pbac_AVPN01000180.1	50484	49990	Pbac_AVPN01000180.1
>HNRNPA2B1-201_Pdam_Pocillopora_damicornis_8855	106	645	Pdam_Pocillopora_damicornis_8855
>HNRNPA2B1-201_Plut_plut2.m8.6612.m1	209	733	Plut_plut2.m8.6612.m1
>HNRNPA2B1-201_Prus_10510_t	67	783	Prus_10510_t
>HNRNPA2B1-201_Pver_TRINITY_DN7151_c0_g3_i2	126	662	Pver_TRINITY_DN7151_c0_g3_i2
>HNRNPA2B1-201_Spis_Stylophora_pistillata_4575	40	576	Spis_Stylophora_pistillata_4575
>HNRNPC-201_Adig_Acropora_digitifera_10256	190	426	Adig_Acropora_digitifera_10256
>HNRNPC-201_Ahya_Acropora_hyacinthus_2831	184	420	Ahya_Acropora_hyacinthus_2831
>HNRNPC-201_Amil_Acropora_millepora_5936	82	336	Amil_Acropora_millepora_5936
>HNRNPC-201_Apal_XM_021042032.2	219	464	Apal_XM_021042032.2
>HNRNPC-201_Apoc_chromosome_14.7299_1	124	360	Apoc_chromosome_14.7299_1
>HNRNPC-201_Aque_XM_020008768.1	107	388	Aque_XM_020008768.1
>HNRNPC-201_Cgig_G22448.10	58	309	Cgig_G22448.10
>HNRNPC-201_Emue_Em0012g837a.t1	352	618	Emue_Em0012g837a.t1
>HNRNPC-201_Gasp_gasp1.m3.12458.m1	313	549	Gasp_gasp1.m3.12458.m1
>HNRNPC-201_Gfas_gfas1.m1.5165.m1	309	563	Gfas_gfas1.m1.5165.m1
>HNRNPC-201_Hsal_ENA_GHBP01009293_GHBP01009293.1	75	350	Hsal_ENA_GHBP01009293_GHBP01009293.1
>HNRNPC-201_Kiwa_ENA_GBGI01000589_GBGI01000589.1	63	326	Kiwa_ENA_GBGI01000589_GBGI01000589.1
>HNRNPC-201_Mcap_g27900	82	336	Mcap_g27900
>HNRNPC-201_Msqu_ENA_GHBR01007897_GHBR01007897.1	21	359	Msqu_ENA_GHBR01007897_GHBR01007897.1
>HNRNPC-201_Nvec_XM_032363621.1	472	753	Nvec_XM_032363621.1
>HNRNPC-201_Pdam_Pocillopora_damicornis_25281	64	270	Pdam_Pocillopora_damicornis_25281
>HNRNPC-201_Plut_plut2.m8.15257.m1	269	523	Plut_plut2.m8.15257.m1
>HNRNPC-201_Prus_Prusg7621.t1	97	351	Prus_Prusg7621.t1
>HNRNPC-201_Pver_TRINITY_DN7376_c0_g1_i23	288	524	Pver_TRINITY_DN7376_c0_g1_i23
>HNRNPC-201_Spis_Stylophora_pistillata_14349	22	231	Spis_Stylophora_pistillata_14349
>IGF2BP1-201_Adig_Acropora_digitifera_12106	7	1428	Adig_Acropora_digitifera_12106
>IGF2BP1-201_Ahya_Acropora_hyacinthus_3607	7	1428	Ahya_Acropora_hyacinthus_3607
>IGF2BP1-201_Amil_Acropora_millepora_5411	7	1428	Amil_Acropora_millepora_5411
>IGF2BP1-201_Apal_XM_021057928.2	264	1646	Apal_XM_021057928.2
>IGF2BP1-201_Apoc_chromosome_9.13_1	7	1488	Apoc_chromosome_9.13_1
>IGF2BP1-201_Aque_XM_020002051.1	254	1342	Aque_XM_020002051.1
>IGF2BP1-201_Cgig_G31955.1	136	1842	Cgig_G31955.1
>IGF2BP1-201_Emue_Em0004g143a.t1	1	873	Emue_Em0004g143a.t1
>IGF2BP1-201_Gasp_gasp1.m3.2172.m1	338	1270	Gasp_gasp1.m3.2172.m1
>IGF2BP1-201_Gfas_gfas1.m1.17465.m1	118	1452	Gfas_gfas1.m1.17465.m1
>IGF2BP1-201_Hsal_ENA_GHBP01002611_GHBP01002611.1	15	479	Hsal_ENA_GHBP01002611_GHBP01002611.1
>IGF2BP1-201_Kiwa_ENA_GBGI01000224_GBGI01000224.1	1461	742	Kiwa_ENA_GBGI01000224_GBGI01000224.1
>IGF2BP1-201_Mcap_g54392	28	1437	Mcap_g54392
>IGF2BP1-201_Msqu_ENA_GHBR01000431_GHBR01000431.1	264	728	Msqu_ENA_GHBR01000431_GHBR01000431.1
>IGF2BP1-201_Nvec_XM_032371872.1	124	1515	Nvec_XM_032371872.1
>IGF2BP1-201_Pbac_AVPN01009731.1	383	1558	Pbac_AVPN01009731.1
>IGF2BP1-201_Pdam_Pocillopora_damicornis_11734	172	714	Pdam_Pocillopora_damicornis_11734
>IGF2BP1-201_Plut_plut2.m8.996.m1	2438	3904	Plut_plut2.m8.996.m1
>IGF2BP1-201_Prus_13544_t	130	1497	Prus_13544_t
>IGF2BP1-201_Pver_TRINITY_DN8960_c0_g1_i2	390	1823	Pver_TRINITY_DN8960_c0_g1_i2
>IGF2BP1-201_Spis_Stylophora_pistillata_4210	4	1383	Spis_Stylophora_pistillata_4210
>IGF2BP2-204_Adig_Acropora_digitifera_12106	7	1395	Adig_Acropora_digitifera_12106
>IGF2BP2-204_Ahya_Acropora_hyacinthus_3607	7	1395	Ahya_Acropora_hyacinthus_3607
>IGF2BP2-204_Amil_Acropora_millepora_5411	7	1395	Amil_Acropora_millepora_5411
>IGF2BP2-204_Apal_XM_021057928.2	285	1607	Apal_XM_021057928.2
>IGF2BP2-204_Apoc_chromosome_9.13_1	1	549	Apoc_chromosome_9.13_1
>IGF2BP2-204_Aque_XM_020002051.1	251	1327	Aque_XM_020002051.1
>IGF2BP2-204_Cgig_G31955.1	136	1806	Cgig_G31955.1
>IGF2BP2-204_Emue_Em0004g143a.t1	1	873	Emue_Em0004g143a.t1
>IGF2BP2-204_Gasp_gasp1.m3.2172.m1	338	1270	Gasp_gasp1.m3.2172.m1
>IGF2BP2-204_Gfas_gfas1.m1.17465.m1	955	1419	Gfas_gfas1.m1.17465.m1
>IGF2BP2-204_Hsal_ENA_GHBP01002611_GHBP01002611.1	15	440	Hsal_ENA_GHBP01002611_GHBP01002611.1
>IGF2BP2-204_Kiwa_ENA_GBGI01000224_GBGI01000224.1	1461	1087	Kiwa_ENA_GBGI01000224_GBGI01000224.1
>IGF2BP2-204_Mcap_g54392	28	1404	Mcap_g54392
>IGF2BP2-204_Msqu_ENA_GHBR01000431_GHBR01000431.1	264	686	Msqu_ENA_GHBR01000431_GHBR01000431.1
>IGF2BP2-204_Nvec_XM_032371872.1	76	1479	Nvec_XM_032371872.1
>IGF2BP2-204_Pbac_AVPN01002807.1	10825	10313	Pbac_AVPN01002807.1
>IGF2BP2-204_Pdam_Pocillopora_damicornis_11734	172	648	Pdam_Pocillopora_damicornis_11734
>IGF2BP2-204_Plut_plut2.m8.996.m1	2438	3904	Plut_plut2.m8.996.m1
>IGF2BP2-204_Prus_13544_t	130	675	Prus_13544_t
>IGF2BP2-204_Pver_TRINITY_DN8960_c0_g1_i2	390	1790	Pver_TRINITY_DN8960_c0_g1_i2
>IGF2BP2-204_Spis_Stylophora_pistillata_4210	4	1350	Spis_Stylophora_pistillata_4210
>IGF2BP3-201_Adig_Acropora_digitifera_12677	154	1080	Adig_Acropora_digitifera_12677
>IGF2BP3-201_Ahya_Acropora_hyacinthus_3607	931	1416	Ahya_Acropora_hyacinthus_3607
>IGF2BP3-201_Amil_Acropora_millepora_13049	43	969	Amil_Acropora_millepora_13049
>IGF2BP3-201_Apal_XM_021057928.2	381	1628	Apal_XM_021057928.2
>IGF2BP3-201_Apoc_chromosome_9.13_1	967	1461	Apoc_chromosome_9.13_1
>IGF2BP3-201_Aque_XM_020002051.1	254	1342	Aque_XM_020002051.1
>IGF2BP3-201_Cgig_G31955.1	136	1827	Cgig_G31955.1
>IGF2BP3-201_Emue_Em0016g426a.t1	268	1347	Emue_Em0016g426a.t1
>IGF2BP3-201_Gasp_gasp1.m3.2172.m1	338	1270	Gasp_gasp1.m3.2172.m1
>IGF2BP3-201_Gfas_gfas1.m1.3119.m1	267	773	Gfas_gfas1.m1.3119.m1
>IGF2BP3-201_Hsal_ENA_GHBP01002611_GHBP01002611.1	15	479	Hsal_ENA_GHBP01002611_GHBP01002611.1
>IGF2BP3-201_Kiwa_ENA_GBGI01000224_GBGI01000224.1	1461	727	Kiwa_ENA_GBGI01000224_GBGI01000224.1
>IGF2BP3-201_Mcap_g54392	190	1413	Mcap_g54392
>IGF2BP3-201_Msqu_ENA_GHBR01000431_GHBR01000431.1	264	653	Msqu_ENA_GHBR01000431_GHBR01000431.1
>IGF2BP3-201_Nvec_XM_032371872.1	256	1503	Nvec_XM_032371872.1
>IGF2BP3-201_Pbac_AVPN01003084.1	8750	9664	Pbac_AVPN01003084.1
>IGF2BP3-201_Pdam_Pocillopora_damicornis_11734	148	714	Pdam_Pocillopora_damicornis_11734
>IGF2BP3-201_Plut_plut2.m8.10152.m1	313	1296	Plut_plut2.m8.10152.m1
>IGF2BP3-201_Prus_13544_t	1000	1485	Prus_13544_t
>IGF2BP3-201_Pver_TRINITY_DN8960_c0_g1_i2	588	1799	Pver_TRINITY_DN8960_c0_g1_i2
>IGF2BP3-201_Spis_Stylophora_pistillata_9133	196	729	Spis_Stylophora_pistillata_9133
>METTL1-202_Adig_Acropora_digitifera_7110	31	408	Adig_Acropora_digitifera_7110
>METTL1-202_Amil_Acropora_millepora_12038	13	732	Amil_Acropora_millepora_12038
>METTL1-202_Apal_XM_021041914.2	10	735	Apal_XM_021041914.2
>METTL1-202_Apoc_chromosome_14.1260_1	13	726	Apoc_chromosome_14.1260_1
>METTL1-202_Aque_XM_003384882.3	77	832	Aque_XM_003384882.3
>METTL1-202_Cgig_G35363.1	19	732	Cgig_G35363.1
>METTL1-202_Gasp_gasp1.m3.619.m1	18	743	Gasp_gasp1.m3.619.m1
>METTL1-202_Gfas_gfas1.m1.3290.m1	25	726	Gfas_gfas1.m1.3290.m1
>METTL1-202_Hsal_ENA_GHBP01009658_GHBP01009658.1	2	352	Hsal_ENA_GHBP01009658_GHBP01009658.1
>METTL1-202_Kiwa_ENA_GBGI01010711_GBGI01010711.1	501	1331	Kiwa_ENA_GBGI01010711_GBGI01010711.1
>METTL1-202_Mcap_adi2mcaRNA21388_R0	13	588	Mcap_adi2mcaRNA21388_R0
>METTL1-202_Msqu_ENA_GHBR01002460_GHBR01002460.1	59	424	Msqu_ENA_GHBR01002460_GHBR01002460.1
>METTL1-202_Nvec_XM_032377835.1	35	805	Nvec_XM_032377835.1
>METTL1-202_Pbac_AVPN01003602.1	3887	3477	Pbac_AVPN01003602.1
>METTL1-202_Pdam_Pocillopora_damicornis_8953	169	735	Pdam_Pocillopora_damicornis_8953
>METTL1-202_Plut_plut2.m8.2683.m1	392	868	Plut_plut2.m8.2683.m1
>METTL1-202_Pver_TRINITY_DN13710_c0_g2_i2	26	751	Pver_TRINITY_DN13710_c0_g2_i2
>METTL14-201_Adig_Acropora_digitifera_13685	142	1308	Adig_Acropora_digitifera_13685
>METTL14-201_Amil_Acropora_millepora_11757	70	1236	Amil_Acropora_millepora_11757
>METTL14-201_Apal_XM_021036790.1	138	1277	Apal_XM_021036790.1
>METTL14-201_Apoc_chromosome_14.1509_1	70	1257	Apoc_chromosome_14.1509_1
>METTL14-201_Aque_XM_003389640.3	389	1297	Aque_XM_003389640.3
>METTL14-201_Cgig_G1922.1	70	1161	Cgig_G1922.1
>METTL14-201_Emue_Em0017g936a.t1	367	1200	Emue_Em0017g936a.t1
>METTL14-201_Gasp_gasp1.m3.13028.m1	250	1434	Gasp_gasp1.m3.13028.m1
>METTL14-201_Gfas_gfas1.m1.77.m1	202	1374	Gfas_gfas1.m1.77.m1
>METTL14-201_Hsal_ENA_GHBP01010255_GHBP01010255.1	1	573	Hsal_ENA_GHBP01010255_GHBP01010255.1
>METTL14-201_Kiwa_ENA_GBGI01001246_GBGI01001246.1	280	1074	Kiwa_ENA_GBGI01001246_GBGI01001246.1
>METTL14-201_Mcap_g1930	70	1236	Mcap_g1930
>METTL14-201_Msqu_ENA_GHBR01007269_GHBR01007269.1	393	178	Msqu_ENA_GHBR01007269_GHBR01007269.1
>METTL14-201_Nvec_XM_032367748.1	141	1289	Nvec_XM_032367748.1
>METTL14-201_Pbac_AVPN01010744.1	971	1180	Pbac_AVPN01010744.1
>METTL14-201_Pdam_Pocillopora_damicornis_8920	403	927	Pdam_Pocillopora_damicornis_8920
>METTL14-201_Plut_plut2.m8.15383.m1	737	1906	Plut_plut2.m8.15383.m1
>METTL14-201_Prus_26718_t	70	1239	Prus_26718_t
>METTL14-201_Pver_TRINITY_DN70237_c0_g1_i1	157	1335	Pver_TRINITY_DN70237_c0_g1_i1
>METTL16-201_Adig_Acropora_digitifera_11132	4	1128	Adig_Acropora_digitifera_11132
>METTL16-201_Amil_Acropora_millepora_10612	1	1542	Amil_Acropora_millepora_10612
>METTL16-201_Apal_XM_021038945.2	128	1069	Apal_XM_021038945.2
>METTL16-201_Apoc_chromosome_4.1170_1	1	1602	Apoc_chromosome_4.1170_1
>METTL16-201_Aque_XM_003388863.2	97	1194	Aque_XM_003388863.2
>METTL16-201_Cgig_G22844.13	103	1677	Cgig_G22844.13
>METTL16-201_Emue_Em0015g749a.t1	1	1146	Emue_Em0015g749a.t1
>METTL16-201_Gasp_gasp1.m3.28366.m1	79	483	Gasp_gasp1.m3.28366.m1
>METTL16-201_Gfas_gfas1.m1.16743.m1	2	676	Gfas_gfas1.m1.16743.m1
>METTL16-201_Hsal_ENA_GHBP01002799_GHBP01002799.1	16	648	Hsal_ENA_GHBP01002799_GHBP01002799.1
>METTL16-201_Kiwa_ENA_GBGI01015691_GBGI01015691.1	897	70	Kiwa_ENA_GBGI01015691_GBGI01015691.1
>METTL16-201_Mcap_adi2mcaRNA14342_R1	1	333	Mcap_adi2mcaRNA14342_R1
>METTL16-201_Msqu_ENA_GHBR01007087_GHBR01007087.1	2	394	Msqu_ENA_GHBR01007087_GHBR01007087.1
>METTL16-201_Nvec_XM_001627868.2	114	1679	Nvec_XM_001627868.2
>METTL16-201_Pbac_AVPN01000320.1	13247	13732	Pbac_AVPN01000320.1
>METTL16-201_Plut_plut2.m8.13045.m1	55	1671	Plut_plut2.m8.13045.m1
>METTL16-201_Prus_30929_t	637	1194	Prus_30929_t
>METTL16-201_Pver_TRINITY_DN10046_c0_g4_i3	72	1616	Pver_TRINITY_DN10046_c0_g4_i3
>METTL16-201_Spis_Stylophora_pistillata_16183	46	528	Spis_Stylophora_pistillata_16183
>METTL2A-201_Adig_Acropora_digitifera_11688	25	1152	Adig_Acropora_digitifera_11688
>METTL2A-201_Ahya_Acropora_hyacinthus_4910	16	549	Ahya_Acropora_hyacinthus_4910
>METTL2A-201_Amil_Acropora_millepora_11596	37	1164	Amil_Acropora_millepora_11596
>METTL2A-201_Apal_XM_028663925.1	20	706	Apal_XM_028663925.1
>METTL2A-201_Apoc_chromosome_9.262_1	25	1191	Apoc_chromosome_9.262_1
>METTL2A-201_Aque_XM_003386066.3	385	969	Aque_XM_003386066.3
>METTL2A-201_Cgig_G6728.4	46	972	Cgig_G6728.4
>METTL2A-201_Emue_Em0004g307a.t1	19	921	Emue_Em0004g307a.t1
>METTL2A-201_Gasp_gasp1.m3.24938.m1	1	987	Gasp_gasp1.m3.24938.m1
>METTL2A-201_Gfas_gfas1.m1.23266.m1	129	1034	Gfas_gfas1.m1.23266.m1
>METTL2A-201_Hsal_ENA_GHBP01003785_GHBP01003785.1	301	606	Hsal_ENA_GHBP01003785_GHBP01003785.1
>METTL2A-201_Kiwa_ENA_GBGI01013951_GBGI01013951.1	1087	305	Kiwa_ENA_GBGI01013951_GBGI01013951.1
>METTL2A-201_Mcap_adi2mcaRNA10278_R0	25	1101	Mcap_adi2mcaRNA10278_R0
>METTL2A-201_Msqu_ENA_GHBR01001591_GHBR01001591.1	45	887	Msqu_ENA_GHBR01001591_GHBR01001591.1
>METTL2A-201_Nvec_XM_001641088.2	156	1109	Nvec_XM_001641088.2
>METTL2A-201_Pbac_AVPN01000316.1	59391	58534	Pbac_AVPN01000316.1
>METTL2A-201_Pdam_Pocillopora_damicornis_9384	1	306	Pdam_Pocillopora_damicornis_9384
>METTL2A-201_Plut_plut2.m8.2532.m1	238	855	Plut_plut2.m8.2532.m1
>METTL2A-201_Prus_18422_t	226	678	Prus_18422_t
>METTL2A-201_Pver_TRINITY_DN10559_c0_g1_i1	32	820	Pver_TRINITY_DN10559_c0_g1_i1
>METTL2A-201_Spis_Stylophora_pistillata_12966	7	1023	Spis_Stylophora_pistillata_12966
>METTL2B-201_Adig_Acropora_digitifera_11688	25	1152	Adig_Acropora_digitifera_11688
>METTL2B-201_Ahya_Acropora_hyacinthus_4910	16	549	Ahya_Acropora_hyacinthus_4910
>METTL2B-201_Amil_Acropora_millepora_11596	37	1164	Amil_Acropora_millepora_11596
>METTL2B-201_Apal_XM_028663925.1	20	706	Apal_XM_028663925.1
>METTL2B-201_Apoc_chromosome_9.262_1	25	1191	Apoc_chromosome_9.262_1
>METTL2B-201_Aque_XM_003386066.3	385	969	Aque_XM_003386066.3
>METTL2B-201_Cgig_G6728.4	61	972	Cgig_G6728.4
>METTL2B-201_Emue_Em0004g307a.t1	19	921	Emue_Em0004g307a.t1
>METTL2B-201_Gasp_gasp1.m3.24938.m1	1	987	Gasp_gasp1.m3.24938.m1
>METTL2B-201_Gfas_gfas1.m1.23266.m1	129	1034	Gfas_gfas1.m1.23266.m1
>METTL2B-201_Hsal_ENA_GHBP01003785_GHBP01003785.1	301	606	Hsal_ENA_GHBP01003785_GHBP01003785.1
>METTL2B-201_Kiwa_ENA_GBGI01013951_GBGI01013951.1	1087	305	Kiwa_ENA_GBGI01013951_GBGI01013951.1
>METTL2B-201_Mcap_adi2mcaRNA10278_R0	25	1101	Mcap_adi2mcaRNA10278_R0
>METTL2B-201_Msqu_ENA_GHBR01001591_GHBR01001591.1	36	887	Msqu_ENA_GHBR01001591_GHBR01001591.1
>METTL2B-201_Nvec_XM_001641088.2	156	1109	Nvec_XM_001641088.2
>METTL2B-201_Pbac_AVPN01000316.1	59391	58534	Pbac_AVPN01000316.1
>METTL2B-201_Pdam_Pocillopora_damicornis_9384	1	306	Pdam_Pocillopora_damicornis_9384
>METTL2B-201_Plut_plut2.m8.2532.m1	238	855	Plut_plut2.m8.2532.m1
>METTL2B-201_Prus_18422_t	226	678	Prus_18422_t
>METTL2B-201_Pver_TRINITY_DN10559_c0_g1_i1	32	820	Pver_TRINITY_DN10559_c0_g1_i1
>METTL2B-201_Spis_Stylophora_pistillata_12966	7	1023	Spis_Stylophora_pistillata_12966
>METTL3-201_Adig_Acropora_digitifera_13685	595	1209	Adig_Acropora_digitifera_13685
>METTL3-201_Amil_Acropora_millepora_10414	37	1680	Amil_Acropora_millepora_10414
>METTL3-201_Apal_XM_028658019.1	170	1795	Apal_XM_028658019.1
>METTL3-201_Apoc_chromosome_14.4759_1	49	1380	Apoc_chromosome_14.4759_1
>METTL3-201_Aque_XM_003383249.3	513	1547	Aque_XM_003383249.3
>METTL3-201_Cgig_G21246.3	7	1650	Cgig_G21246.3
>METTL3-201_Emue_Em0012g1098a.t1	370	1425	Emue_Em0012g1098a.t1
>METTL3-201_Gasp_gasp1.m3.29115.m1	19	1620	Gasp_gasp1.m3.29115.m1
>METTL3-201_Gfas_gfas1.m1.18757.m1	113	1627	Gfas_gfas1.m1.18757.m1
>METTL3-201_Hsal_ENA_GHBP01001817_GHBP01001817.1	491	955	Hsal_ENA_GHBP01001817_GHBP01001817.1
>METTL3-201_Kiwa_ENA_GBGI01005824_GBGI01005824.1	736	1854	Kiwa_ENA_GBGI01005824_GBGI01005824.1
>METTL3-201_Mcap_adi2mcaRNA30185_R0	40	1368	Mcap_adi2mcaRNA30185_R0
>METTL3-201_Msqu_ENA_GHBR01001319_GHBR01001319.1	83	595	Msqu_ENA_GHBR01001319_GHBR01001319.1
>METTL3-201_Nvec_XM_001637970.2	205	1818	Nvec_XM_001637970.2
>METTL3-201_Pbac_AVPN01014497.1	218	370	Pbac_AVPN01014497.1
>METTL3-201_Pdam_Pocillopora_damicornis_8920	4	927	Pdam_Pocillopora_damicornis_8920
>METTL3-201_Plut_plut2.m8.26358.m1	259	1347	Plut_plut2.m8.26358.m1
>METTL3-201_Prus_30659_t	132	515	Prus_30659_t
>METTL3-201_Pver_TRINITY_DN8881_c0_g1_i2	103	1023	Pver_TRINITY_DN8881_c0_g1_i2
>METTL4-203_Amil_Acropora_millepora_23605	1	285	Amil_Acropora_millepora_23605
>METTL4-203_Apal_XM_021036171.2	400	1176	Apal_XM_021036171.2
>METTL4-203_Apoc_chromosome_3.82_1	196	960	Apoc_chromosome_3.82_1
>METTL4-203_Aque_XM_003383767.3	365	1504	Aque_XM_003383767.3
>METTL4-203_Cgig_G2139.3	85	1293	Cgig_G2139.3
>METTL4-203_Emue_Em0011g503a.t1	1	957	Emue_Em0011g503a.t1
>METTL4-203_Gasp_gasp1.m3.3179.m1	153	1031	Gasp_gasp1.m3.3179.m1
>METTL4-203_Gfas_gfas1.m1.10457.m1	18	794	Gfas_gfas1.m1.10457.m1
>METTL4-203_Hsal_ENA_GHBP01006551_GHBP01006551.1	35	709	Hsal_ENA_GHBP01006551_GHBP01006551.1
>METTL4-203_Kiwa_ENA_GBGI01006600_GBGI01006600.1	465	1121	Kiwa_ENA_GBGI01006600_GBGI01006600.1
>METTL4-203_Mcap_g68728	49	714	Mcap_g68728
>METTL4-203_Msqu_ENA_GHBR01002691_GHBR01002691.1	200	703	Msqu_ENA_GHBR01002691_GHBR01002691.1
>METTL4-203_Nvec_XM_032386172.1	236	1339	Nvec_XM_032386172.1
>METTL4-203_Pbac_AVPN01021659.1	162	773	Pbac_AVPN01021659.1
>METTL4-203_Pdam_Pocillopora_damicornis_18626	10	438	Pdam_Pocillopora_damicornis_18626
>METTL4-203_Plut_plut2.m8.27588.m1	163	690	Plut_plut2.m8.27588.m1
>METTL4-203_Prus_35375_t	298	867	Prus_35375_t
>METTL4-203_Pver_TRINITY_DN57992_c0_g1_i1	336	950	Pver_TRINITY_DN57992_c0_g1_i1
>METTL4-203_Spis_Stylophora_pistillata_8604	181	930	Spis_Stylophora_pistillata_8604
>METTL5-201_Adig_Acropora_digitifera_10497	1	408	Adig_Acropora_digitifera_10497
>METTL5-201_Ahya_Acropora_hyacinthus_5652	1	453	Ahya_Acropora_hyacinthus_5652
>METTL5-201_Amil_Acropora_millepora_25778	1	615	Amil_Acropora_millepora_25778
>METTL5-201_Apal_XM_021046156.2	63	689	Apal_XM_021046156.2
>METTL5-201_Apoc_chromosome_11.1698_1	1	615	Apoc_chromosome_11.1698_1
>METTL5-201_Aque_XM_003390658.3	470	1108	Aque_XM_003390658.3
>METTL5-201_Cgig_G26906.5	7	654	Cgig_G26906.5
>METTL5-201_Emue_Em0001g1102a.t1	22	654	Emue_Em0001g1102a.t1
>METTL5-201_Gasp_gasp1.m3.2412.m1	43	660	Gasp_gasp1.m3.2412.m1
>METTL5-201_Gfas_gfas1.m1.3248.m1	715	966	Gfas_gfas1.m1.3248.m1
>METTL5-201_Hsal_ENA_GHBP01009181_GHBP01009181.1	586	248	Hsal_ENA_GHBP01009181_GHBP01009181.1
>METTL5-201_Mcap_g26838	1	615	Mcap_g26838
>METTL5-201_Msqu_ENA_GHBR01008147_GHBR01008147.1	52	363	Msqu_ENA_GHBR01008147_GHBR01008147.1
>METTL5-201_Nvec_XM_032384514.1	115	744	Nvec_XM_032384514.1
>METTL5-201_Pbac_AVPN01000029.1	93660	93391	Pbac_AVPN01000029.1
>METTL5-201_Plut_plut2.m8.5366.m1	63	467	Plut_plut2.m8.5366.m1
>METTL5-201_Prus_24173_t	1	615	Prus_24173_t
>METTL5-201_Pver_TRINITY_DN10202_c0_g1_i2	77	694	Pver_TRINITY_DN10202_c0_g1_i2
>METTL6-202_Adig_Acropora_digitifera_11688	586	1152	Adig_Acropora_digitifera_11688
>METTL6-202_Ahya_Acropora_hyacinthus_4910	19	546	Ahya_Acropora_hyacinthus_4910
>METTL6-202_Amil_Acropora_millepora_28362	19	828	Amil_Acropora_millepora_28362
>METTL6-202_Apal_XM_028663925.1	143	706	Apal_XM_028663925.1
>METTL6-202_Apoc_chromosome_9.192_1	22	801	Apoc_chromosome_9.192_1
>METTL6-202_Aque_XM_003386066.3	229	969	Aque_XM_003386066.3
>METTL6-202_Cgig_G18076.3	193	969	Cgig_G18076.3
>METTL6-202_Emue_Em0004g307a.t1	127	921	Emue_Em0004g307a.t1
>METTL6-202_Gasp_gasp1.m3.17431.m1	60	836	Gasp_gasp1.m3.17431.m1
>METTL6-202_Gfas_gfas1.m1.15595.m1	25	834	Gfas_gfas1.m1.15595.m1
>METTL6-202_Hsal_ENA_GHBP01003785_GHBP01003785.1	148	606	Hsal_ENA_GHBP01003785_GHBP01003785.1
>METTL6-202_Kiwa_ENA_GBGI01005968_GBGI01005968.1	764	45	Kiwa_ENA_GBGI01005968_GBGI01005968.1
>METTL6-202_Mcap_g62793	22	798	Mcap_g62793
>METTL6-202_Msqu_ENA_GHBR01001591_GHBR01001591.1	138	896	Msqu_ENA_GHBR01001591_GHBR01001591.1
>METTL6-202_Nvec_XM_001641088.2	294	1106	Nvec_XM_001641088.2
>METTL6-202_Pbac_AVPN01000316.1	59277	58540	Pbac_AVPN01000316.1
>METTL6-202_Pdam_Pocillopora_damicornis_9384	1	306	Pdam_Pocillopora_damicornis_9384
>METTL6-202_Plut_plut2.m8.2532.m1	67	852	Plut_plut2.m8.2532.m1
>METTL6-202_Prus_18422_t	28	675	Prus_18422_t
>METTL6-202_Pver_TRINITY_DN10559_c0_g1_i1	29	823	Pver_TRINITY_DN10559_c0_g1_i1
>METTL6-202_Spis_Stylophora_pistillata_12966	154	1023	Spis_Stylophora_pistillata_12966
>METTL8-217_Adig_Acropora_digitifera_11688	34	1152	Adig_Acropora_digitifera_11688
>METTL8-217_Ahya_Acropora_hyacinthus_4910	16	549	Ahya_Acropora_hyacinthus_4910
>METTL8-217_Amil_Acropora_millepora_11596	46	1164	Amil_Acropora_millepora_11596
>METTL8-217_Apal_XM_028663925.1	35	706	Apal_XM_028663925.1
>METTL8-217_Apoc_chromosome_9.262_1	34	1191	Apoc_chromosome_9.262_1
>METTL8-217_Aque_XM_003386066.3	376	990	Aque_XM_003386066.3
>METTL8-217_Cgig_G6728.4	28	972	Cgig_G6728.4
>METTL8-217_Emue_Em0004g93a.t1	166	738	Emue_Em0004g93a.t1
>METTL8-217_Gasp_gasp1.m3.24938.m1	1	993	Gasp_gasp1.m3.24938.m1
>METTL8-217_Gfas_gfas1.m1.23266.m1	129	1037	Gfas_gfas1.m1.23266.m1
>METTL8-217_Hsal_ENA_GHBP01017625_GHBP01017625.1	344	24	Hsal_ENA_GHBP01017625_GHBP01017625.1
>METTL8-217_Kiwa_ENA_GBGI01013950_GBGI01013950.1	903	322	Kiwa_ENA_GBGI01013950_GBGI01013950.1
>METTL8-217_Mcap_adi2mcaRNA10278_R0	34	1101	Mcap_adi2mcaRNA10278_R0
>METTL8-217_Msqu_ENA_GHBR01001591_GHBR01001591.1	315	896	Msqu_ENA_GHBR01001591_GHBR01001591.1
>METTL8-217_Nvec_XM_001641088.2	159	1160	Nvec_XM_001641088.2
>METTL8-217_Pbac_AVPN01000316.1	59109	58537	Pbac_AVPN01000316.1
>METTL8-217_Pdam_Pocillopora_damicornis_9384	1	306	Pdam_Pocillopora_damicornis_9384
>METTL8-217_Plut_plut2.m8.2532.m1	292	855	Plut_plut2.m8.2532.m1
>METTL8-217_Prus_18422_t	226	678	Prus_18422_t
>METTL8-217_Pver_TRINITY_DN10559_c0_g1_i1	257	820	Pver_TRINITY_DN10559_c0_g1_i1
>METTL8-217_Spis_Stylophora_pistillata_12966	16	1023	Spis_Stylophora_pistillata_12966
>NOP2-201_Adig_Acropora_digitifera_13875	415	1251	Adig_Acropora_digitifera_13875
>NOP2-201_Ahya_Acropora_hyacinthus_3749	67	903	Ahya_Acropora_hyacinthus_3749
>NOP2-201_Amil_Acropora_millepora_5714	556	1713	Amil_Acropora_millepora_5714
>NOP2-201_Apal_XM_021061294.1	730	1884	Apal_XM_021061294.1
>NOP2-201_Apoc_chromosome_10.1534_1	547	1767	Apoc_chromosome_10.1534_1
>NOP2-201_Aque_XM_019998745.1	530	1654	Aque_XM_019998745.1
>NOP2-201_Cgig_G23265.5	676	1941	Cgig_G23265.5
>NOP2-201_Emue_Em0002g747a.t1	547	1671	Emue_Em0002g747a.t1
>NOP2-201_Gasp_gasp1.m3.12291.m1	118	1275	Gasp_gasp1.m3.12291.m1
>NOP2-201_Gfas_gfas1.m1.16077.m1	765	1949	Gfas_gfas1.m1.16077.m1
>NOP2-201_Hsal_ENA_GHBP01003245_GHBP01003245.1	28	981	Hsal_ENA_GHBP01003245_GHBP01003245.1
>NOP2-201_Kiwa_ENA_GBGI01017113_GBGI01017113.1	1411	335	Kiwa_ENA_GBGI01017113_GBGI01017113.1
>NOP2-201_Mcap_g49977	556	1788	Mcap_g49977
>NOP2-201_Msqu_ENA_GHBR01000697_GHBR01000697.1	6	956	Msqu_ENA_GHBR01000697_GHBR01000697.1
>NOP2-201_Nvec_XM_001632908.2	758	1888	Nvec_XM_001632908.2
>NOP2-201_Pbac_AVPN01000360.1	54538	53750	Pbac_AVPN01000360.1
>NOP2-201_Pdam_Pocillopora_damicornis_4528	1	690	Pdam_Pocillopora_damicornis_4528
>NOP2-201_Plut_plut2.m8.27337.m1	655	1863	Plut_plut2.m8.27337.m1
>NOP2-201_Prus_6592_t	583	1728	Prus_6592_t
>NOP2-201_Pver_TRINITY_DN9430_c0_g1_i4	438	1310	Pver_TRINITY_DN9430_c0_g1_i4
>NOP2-201_Spis_Stylophora_pistillata_6140	52	1152	Spis_Stylophora_pistillata_6140
>NSUN2-201_Adig_Acropora_digitifera_13875	61	1257	Adig_Acropora_digitifera_13875
>NSUN2-201_Ahya_Acropora_hyacinthus_3749	1	909	Ahya_Acropora_hyacinthus_3749
>NSUN2-201_Amil_Acropora_millepora_5714	811	1746	Amil_Acropora_millepora_5714
>NSUN2-201_Apal_XM_028661089.1	185	2107	Apal_XM_028661089.1
>NSUN2-201_Apoc_chromosome_10.1534_2	400	1302	Apoc_chromosome_10.1534_2
>NSUN2-201_Aque_XM_020001024.1	207	2093	Aque_XM_020001024.1
>NSUN2-201_Cgig_G22214.5	52	2214	Cgig_G22214.5
>NSUN2-201_Emue_Em0018g185a.t1	1	2001	Emue_Em0018g185a.t1
>NSUN2-201_Gasp_gasp1.m3.12291.m1	373	1410	Gasp_gasp1.m3.12291.m1
>NSUN2-201_Gfas_gfas1.m1.16077.m1	1020	1922	Gfas_gfas1.m1.16077.m1
>NSUN2-201_Hsal_ENA_GHBP01000259_GHBP01000259.1	96	1181	Hsal_ENA_GHBP01000259_GHBP01000259.1
>NSUN2-201_Kiwa_ENA_GBGI01017716_GBGI01017716.1	267	1568	Kiwa_ENA_GBGI01017716_GBGI01017716.1
>NSUN2-201_Mcap_adi2mcaRNA1472_R0	88	1284	Mcap_adi2mcaRNA1472_R0
>NSUN2-201_Msqu_ENA_GHBR01000124_GHBR01000124.1	74	1303	Msqu_ENA_GHBR01000124_GHBR01000124.1
>NSUN2-201_Nvec_XM_032380056.1	164	2278	Nvec_XM_032380056.1
>NSUN2-201_Pbac_AVPN01000360.1	54904	52952	Pbac_AVPN01000360.1
>NSUN2-201_Pdam_Pocillopora_damicornis_4528	1	738	Pdam_Pocillopora_damicornis_4528
>NSUN2-201_Plut_plut2.m8.13348.m1	215	2467	Plut_plut2.m8.13348.m1
>NSUN2-201_Prus_6592_t	775	1677	Prus_6592_t
>NSUN2-201_Pver_TRINITY_DN9430_c0_g1_i4	99	1280	Pver_TRINITY_DN9430_c0_g1_i4
>NSUN2-201_Spis_Stylophora_pistillata_6140	214	1161	Spis_Stylophora_pistillata_6140
>NSUN3-201_Adig_Acropora_digitifera_16315	325	906	Adig_Acropora_digitifera_16315
>NSUN3-201_Ahya_Acropora_hyacinthus_3749	64	615	Ahya_Acropora_hyacinthus_3749
>NSUN3-201_Amil_Acropora_millepora_9878	121	1086	Amil_Acropora_millepora_9878
>NSUN3-201_Apal_XM_028661089.1	308	916	Apal_XM_028661089.1
>NSUN3-201_Apoc_chromosome_10.2914_1	115	1083	Apoc_chromosome_10.2914_1
>NSUN3-201_Aque_XM_020001024.1	333	1178	Aque_XM_020001024.1
>NSUN3-201_Cgig_G17901.1	661	1434	Cgig_G17901.1
>NSUN3-201_Emue_Em0018g185a.t1	103	813	Emue_Em0018g185a.t1
>NSUN3-201_Gasp_gasp1.m3.5815.m1	31	975	Gasp_gasp1.m3.5815.m1
>NSUN3-201_Gfas_gfas1.m1.16262.m1	88	1056	Gfas_gfas1.m1.16262.m1
>NSUN3-201_Hsal_ENA_GHBP01000259_GHBP01000259.1	138	947	Hsal_ENA_GHBP01000259_GHBP01000259.1
>NSUN3-201_Kiwa_ENA_GBGI01017118_GBGI01017118.1	1025	537	Kiwa_ENA_GBGI01017118_GBGI01017118.1
>NSUN3-201_Mcap_g26274	118	1086	Mcap_g26274
>NSUN3-201_Msqu_ENA_GHBR01000124_GHBR01000124.1	116	919	Msqu_ENA_GHBR01000124_GHBR01000124.1
>NSUN3-201_Nvec_XM_001634083.2	239	1222	Nvec_XM_001634083.2
>NSUN3-201_Pbac_AVPN01000360.1	54532	53978	Pbac_AVPN01000360.1
>NSUN3-201_Pdam_Pocillopora_damicornis_4528	19	501	Pdam_Pocillopora_damicornis_4528
>NSUN3-201_Plut_plut2.m8.20220.m1	259	1227	Plut_plut2.m8.20220.m1
>NSUN3-201_Prus_5624_t	1147	2118	Prus_5624_t
>NSUN3-201_Pver_TRINITY_DN18714_c0_g1_i1	117	1088	Pver_TRINITY_DN18714_c0_g1_i1
>NSUN3-201_Spis_Stylophora_pistillata_2320	31	921	Spis_Stylophora_pistillata_2320
>NSUN4-204_Adig_Acropora_digitifera_13875	436	993	Adig_Acropora_digitifera_13875
>NSUN4-204_Ahya_Acropora_hyacinthus_3749	88	645	Ahya_Acropora_hyacinthus_3749
>NSUN4-204_Amil_Acropora_millepora_9878	67	1089	Amil_Acropora_millepora_9878
>NSUN4-204_Apal_XM_021061294.1	1204	1704	Apal_XM_021061294.1
>NSUN4-204_Apoc_chromosome_10.2914_1	46	1086	Apoc_chromosome_10.2914_1
>NSUN4-204_Aque_XM_003390587.2	58	597	Aque_XM_003390587.2
>NSUN4-204_Cgig_G17901.1	688	1437	Cgig_G17901.1
>NSUN4-204_Emue_Em0018g185a.t1	277	876	Emue_Em0018g185a.t1
>NSUN4-204_Gasp_gasp1.m3.5815.m1	28	978	Gasp_gasp1.m3.5815.m1
>NSUN4-204_Gfas_gfas1.m1.16262.m1	88	1059	Gfas_gfas1.m1.16262.m1
>NSUN4-204_Hsal_ENA_GHBP01000259_GHBP01000259.1	411	971	Hsal_ENA_GHBP01000259_GHBP01000259.1
>NSUN4-204_Kiwa_ENA_GBGI01017115_GBGI01017115.1	1026	523	Kiwa_ENA_GBGI01017115_GBGI01017115.1
>NSUN4-204_Mcap_g26274	37	1089	Mcap_g26274
>NSUN4-204_Msqu_ENA_GHBR01000697_GHBR01000697.1	285	953	Msqu_ENA_GHBR01000697_GHBR01000697.1
>NSUN4-204_Nvec_XM_001634083.2	239	1210	Nvec_XM_001634083.2
>NSUN4-204_Pbac_AVPN01000360.1	54535	53951	Pbac_AVPN01000360.1
>NSUN4-204_Pdam_Pocillopora_damicornis_4528	4	498	Pdam_Pocillopora_damicornis_4528
>NSUN4-204_Plut_plut2.m8.20220.m1	205	1233	Plut_plut2.m8.20220.m1
>NSUN4-204_Prus_5624_t	1144	2124	Prus_5624_t
>NSUN4-204_Pver_TRINITY_DN18714_c0_g1_i1	48	1091	Pver_TRINITY_DN18714_c0_g1_i1
>NSUN4-204_Spis_Stylophora_pistillata_2320	13	927	Spis_Stylophora_pistillata_2320
>NSUN5-204_Adig_Acropora_digitifera_14935	523	1527	Adig_Acropora_digitifera_14935
>NSUN5-204_Ahya_Acropora_hyacinthus_3749	67	891	Ahya_Acropora_hyacinthus_3749
>NSUN5-204_Amil_Acropora_millepora_9056	25	1227	Amil_Acropora_millepora_9056
>NSUN5-204_Apal_XM_021051550.2	52	1266	Apal_XM_021051550.2
>NSUN5-204_Apoc_chromosome_2.768_1	55	1287	Apoc_chromosome_2.768_1
>NSUN5-204_Aque_XM_019995162.1	74	1273	Aque_XM_019995162.1
>NSUN5-204_Cgig_G32219.2	70	1320	Cgig_G32219.2
>NSUN5-204_Emue_Em0002g747a.t1	820	1653	Emue_Em0002g747a.t1
>NSUN5-204_Gasp_gasp1.m3.17493.m1	208	1224	Gasp_gasp1.m3.17493.m1
>NSUN5-204_Gfas_gfas1.m1.23223.m1	736	1800	Gfas_gfas1.m1.23223.m1
>NSUN5-204_Hsal_ENA_GHBP01000259_GHBP01000259.1	171	1169	Hsal_ENA_GHBP01000259_GHBP01000259.1
>NSUN5-204_Kiwa_ENA_GBGI01019077_GBGI01019077.1	2003	912	Kiwa_ENA_GBGI01019077_GBGI01019077.1
>NSUN5-204_Mcap_g62752	76	1326	Mcap_g62752
>NSUN5-204_Msqu_ENA_GHBR01000124_GHBR01000124.1	155	1144	Msqu_ENA_GHBR01000124_GHBR01000124.1
>NSUN5-204_Nvec_XM_032387436.1	90	1310	Nvec_XM_032387436.1
>NSUN5-204_Pbac_AVPN01002863.1	3212	2367	Pbac_AVPN01002863.1
>NSUN5-204_Pdam_Pocillopora_damicornis_25073	19	663	Pdam_Pocillopora_damicornis_25073
>NSUN5-204_Plut_plut2.m8.11886.m1	52	1296	Plut_plut2.m8.11886.m1
>NSUN5-204_Prus_38297_t	52	936	Prus_38297_t
>NSUN5-204_Pver_TRINITY_DN17108_c0_g1_i5	444	1718	Pver_TRINITY_DN17108_c0_g1_i5
>NSUN5-204_Spis_Stylophora_pistillata_9032	46	1278	Spis_Stylophora_pistillata_9032
>NSUN6-201_Adig_Acropora_digitifera_16315	16	1023	Adig_Acropora_digitifera_16315
>NSUN6-201_Ahya_Acropora_hyacinthus_3749	115	621	Ahya_Acropora_hyacinthus_3749
>NSUN6-201_Amil_Acropora_millepora_18922	82	1335	Amil_Acropora_millepora_18922
>NSUN6-201_Apal_XM_021041524.2	70	1407	Apal_XM_021041524.2
>NSUN6-201_Apoc_chromosome_10.7_1	22	1386	Apoc_chromosome_10.7_1
>NSUN6-201_Aque_XM_011411503.2	183	1460	Aque_XM_011411503.2
>NSUN6-201_Cgig_G9319.1	13	1365	Cgig_G9319.1
>NSUN6-201_Emue_Em0004g996a.t1	49	1416	Emue_Em0004g996a.t1
>NSUN6-201_Gasp_gasp1.m3.30746.m1	29	1402	Gasp_gasp1.m3.30746.m1
>NSUN6-201_Gfas_gfas1.m1.2264.m1	71	1294	Gfas_gfas1.m1.2264.m1
>NSUN6-201_Hsal_ENA_GHBP01003245_GHBP01003245.1	397	978	Hsal_ENA_GHBP01003245_GHBP01003245.1
>NSUN6-201_Kiwa_ENA_GBGI01009499_GBGI01009499.1	162	1325	Kiwa_ENA_GBGI01009499_GBGI01009499.1
>NSUN6-201_Mcap_g10184	46	1398	Mcap_g10184
>NSUN6-201_Msqu_ENA_GHBR01000697_GHBR01000697.1	249	842	Msqu_ENA_GHBR01000697_GHBR01000697.1
>NSUN6-201_Nvec_XM_032378274.1	62	1420	Nvec_XM_032378274.1
>NSUN6-201_Pbac_AVPN01000150.1	87586	88824	Pbac_AVPN01000150.1
>NSUN6-201_Pdam_Pocillopora_damicornis_4528	1	690	Pdam_Pocillopora_damicornis_4528
>NSUN6-201_Plut_plut2.m8.9613.m1	37	1419	Plut_plut2.m8.9613.m1
>NSUN6-201_Prus_21894_t	307	870	Prus_21894_t
>NSUN6-201_Pver_TRINITY_DN4358_c0_g1_i2	1169	2290	Pver_TRINITY_DN4358_c0_g1_i2
>NSUN6-201_Spis_Stylophora_pistillata_11674	1	984	Spis_Stylophora_pistillata_11674
>PCIF1-201_Cgig_G22722.1	265	2094	Cgig_G22722.1
>PCIF1-201_Pbac_AVPN01016229.1	158	652	Pbac_AVPN01016229.1
>PRRC2A-202_Adig_Acropora_digitifera_12458	1	714	Adig_Acropora_digitifera_12458
>PRRC2A-202_Amil_Acropora_millepora_363	1	714	Amil_Acropora_millepora_363
>PRRC2A-202_Apal_XM_021060880.2	300	1019	Apal_XM_021060880.2
>PRRC2A-202_Apoc_chromosome_13.2694_1	1	402	Apoc_chromosome_13.2694_1
>PRRC2A-202_Emue_Em0016g984a.t1	1	192	Emue_Em0016g984a.t1
>PRRC2A-202_Gfas_gfas1.m1.2604.m1	324	1016	Gfas_gfas1.m1.2604.m1
>PRRC2A-202_Mcap_g37598	1	711	Mcap_g37598
>PRRC2A-202_Nvec_XM_001636259.2	322	1080	Nvec_XM_001636259.2
>PRRC2A-202_Pbac_AVPN01001605.1	3838	4083	Pbac_AVPN01001605.1
>PRRC2A-202_Plut_plut2.m8.32834.m1	335	703	Plut_plut2.m8.32834.m1
>PRRC2A-202_Pver_TRINITY_DN4669_c0_g1_i1	303	887	Pver_TRINITY_DN4669_c0_g1_i1
>PRRC2A-202_Spis_Stylophora_pistillata_14056	1	387	Spis_Stylophora_pistillata_14056
>PUS1-202_Adig_Acropora_digitifera_14571	199	1185	Adig_Acropora_digitifera_14571
>PUS1-202_Amil_Acropora_millepora_17584	163	1149	Amil_Acropora_millepora_17584
>PUS1-202_Apal_XM_028662857.1	510	1217	Apal_XM_028662857.1
>PUS1-202_Apoc_chromosome_12.357_1	19	1065	Apoc_chromosome_12.357_1
>PUS1-202_Aque_XM_019994135.1	91	1119	Aque_XM_019994135.1
>PUS1-202_Cgig_G21755.1	1714	2619	Cgig_G21755.1
>PUS1-202_Emue_Em0003g345a.t1	1	783	Emue_Em0003g345a.t1
>PUS1-202_Gasp_gasp1.m3.30218.m1	284	1198	Gasp_gasp1.m3.30218.m1
>PUS1-202_Gfas_gfas1.m1.17592.m1	411	1136	Gfas_gfas1.m1.17592.m1
>PUS1-202_Hsal_ENA_GHBP01000900_GHBP01000900.1	346	1353	Hsal_ENA_GHBP01000900_GHBP01000900.1
>PUS1-202_Kiwa_ENA_GBGI01008431_GBGI01008431.1	654	136	Kiwa_ENA_GBGI01008431_GBGI01008431.1
>PUS1-202_Mcap_g18627	136	1146	Mcap_g18627
>PUS1-202_Msqu_ENA_GHBR01000790_GHBR01000790.1	538	1131	Msqu_ENA_GHBR01000790_GHBR01000790.1
>PUS1-202_Nvec_XM_032365984.1	398	1408	Nvec_XM_032365984.1
>PUS1-202_Pbac_AVPN01001802.1	1295	183	Pbac_AVPN01001802.1
>PUS1-202_Pdam_Pocillopora_damicornis_7001	1	654	Pdam_Pocillopora_damicornis_7001
>PUS1-202_Plut_plut2.m8.3425.m1	484	1326	Plut_plut2.m8.3425.m1
>PUS1-202_Prus_Prusg20755.t1	238	363	Prus_Prusg20755.t1
>PUS1-202_Pver_TRINITY_DN14137_c0_g3_i1	438	1295	Pver_TRINITY_DN14137_c0_g3_i1
>PUS1-202_Spis_Stylophora_pistillata_838	214	1131	Spis_Stylophora_pistillata_838
>PUS10-201_Adig_Acropora_digitifera_16180	163	642	Adig_Acropora_digitifera_16180
>PUS10-201_Amil_Acropora_millepora_3401	139	1458	Amil_Acropora_millepora_3401
>PUS10-201_Apal_XM_021053610.2	342	1631	Apal_XM_021053610.2
>PUS10-201_Apoc_chromosome_11.2866_1	82	1137	Apoc_chromosome_11.2866_1
>PUS10-201_Aque_XM_003389743.3	207	1436	Aque_XM_003389743.3
>PUS10-201_Cgig_G13660.8	43	1479	Cgig_G13660.8
>PUS10-201_Emue_Em0009g106a.t1	178	1461	Emue_Em0009g106a.t1
>PUS10-201_Gasp_gasp1.m3.4922.m1	369	1619	Gasp_gasp1.m3.4922.m1
>PUS10-201_Gfas_gfas1.m1.482.m1	375	1655	Gfas_gfas1.m1.482.m1
>PUS10-201_Hsal_ENA_GHBP01000850_GHBP01000850.1	418	1206	Hsal_ENA_GHBP01000850_GHBP01000850.1
>PUS10-201_Kiwa_ENA_GBGI01017901_GBGI01017901.1	1628	1056	Kiwa_ENA_GBGI01017901_GBGI01017901.1
>PUS10-201_Mcap_g35044	172	1452	Mcap_g35044
>PUS10-201_Msqu_ENA_GHBR01007163_GHBR01007163.1	2	352	Msqu_ENA_GHBR01007163_GHBR01007163.1
>PUS10-201_Nvec_XM_032372308.1	347	1639	Nvec_XM_032372308.1
>PUS10-201_Pbac_AVPN01008668.1	1913	1656	Pbac_AVPN01008668.1
>PUS10-201_Plut_plut2.m8.15546.m1	145	831	Plut_plut2.m8.15546.m1
>PUS10-201_Pver_TRINITY_DN6623_c0_g1_i5	156	1451	Pver_TRINITY_DN6623_c0_g1_i5
>PUS10-201_Spis_Stylophora_pistillata_7539	16	1308	Spis_Stylophora_pistillata_7539
>PUS3-201_Adig_Acropora_digitifera_15139	130	1431	Adig_Acropora_digitifera_15139
>PUS3-201_Amil_Acropora_millepora_15518	1	1128	Amil_Acropora_millepora_15518
>PUS3-201_Apal_XM_021062088.2	359	1507	Apal_XM_021062088.2
>PUS3-201_Apoc_chromosome_6.2953_1	61	1401	Apoc_chromosome_6.2953_1
>PUS3-201_Aque_XM_019998544.1	249	1388	Aque_XM_019998544.1
>PUS3-201_Cgig_G21755.1	1645	2874	Cgig_G21755.1
>PUS3-201_Emue_Em0008g1166a.t1	76	1008	Emue_Em0008g1166a.t1
>PUS3-201_Gasp_gasp1.m3.30218.m1	242	1453	Gasp_gasp1.m3.30218.m1
>PUS3-201_Gfas_gfas1.m1.17592.m1	195	1532	Gfas_gfas1.m1.17592.m1
>PUS3-201_Hsal_ENA_GHBP01000900_GHBP01000900.1	403	1143	Hsal_ENA_GHBP01000900_GHBP01000900.1
>PUS3-201_Kiwa_ENA_GBGI01009526_GBGI01009526.1	908	60	Kiwa_ENA_GBGI01009526_GBGI01009526.1
>PUS3-201_Mcap_g17145	133	1389	Mcap_g17145
>PUS3-201_Msqu_ENA_GHBR01001652_GHBR01001652.1	236	715	Msqu_ENA_GHBR01001652_GHBR01001652.1
>PUS3-201_Nvec_XM_001628038.2	234	1382	Nvec_XM_001628038.2
>PUS3-201_Pbac_AVPN01001397.1	12702	13535	Pbac_AVPN01001397.1
>PUS3-201_Plut_plut2.m8.3425.m1	406	1692	Plut_plut2.m8.3425.m1
>PUS3-201_Prus_32879_t	1	687	Prus_32879_t
>PUS3-201_Pver_TRINITY_DN14137_c0_g3_i1	366	1571	Pver_TRINITY_DN14137_c0_g3_i1
>PUS3-201_Spis_Stylophora_pistillata_838	184	1434	Spis_Stylophora_pistillata_838
>PUS7-202_Adig_Acropora_digitifera_9427	343	2061	Adig_Acropora_digitifera_9427
>PUS7-202_Amil_Acropora_millepora_2900	337	2055	Amil_Acropora_millepora_2900
>PUS7-202_Apal_XM_021046589.2	261	1973	Apal_XM_021046589.2
>PUS7-202_Apoc_chromosome_10.1919_1	301	2016	Apoc_chromosome_10.1919_1
>PUS7-202_Aque_XM_003384927.3	305	1972	Aque_XM_003384927.3
>PUS7-202_Cgig_G30274.6	271	2031	Cgig_G30274.6
>PUS7-202_Emue_Em0001g2658a.t1	175	1851	Emue_Em0001g2658a.t1
>PUS7-202_Gasp_gasp1.m3.2611.m1	310	2025	Gasp_gasp1.m3.2611.m1
>PUS7-202_Gfas_gfas1.m1.14981.m1	209	1936	Gfas_gfas1.m1.14981.m1
>PUS7-202_Hsal_ENA_GHBP01000186_GHBP01000186.1	475	1605	Hsal_ENA_GHBP01000186_GHBP01000186.1
>PUS7-202_Kiwa_ENA_GBGI01019518_GBGI01019518.1	1036	14	Kiwa_ENA_GBGI01019518_GBGI01019518.1
>PUS7-202_Mcap_g44405	298	2013	Mcap_g44405
>PUS7-202_Msqu_ENA_GHBR01000956_GHBR01000956.1	130	1143	Msqu_ENA_GHBR01000956_GHBR01000956.1
>PUS7-202_Nvec_XM_032369811.1	350	2068	Nvec_XM_032369811.1
>PUS7-202_Pbac_AVPN01000053.1	115980	114337	Pbac_AVPN01000053.1
>PUS7-202_Pdam_Pocillopora_damicornis_3462	37	777	Pdam_Pocillopora_damicornis_3462
>PUS7-202_Plut_plut2.m8.24634.m1	311	2029	Plut_plut2.m8.24634.m1
>PUS7-202_Prus_36676_t	481	2088	Prus_36676_t
>PUS7-202_Pver_TRINITY_DN57037_c0_g1_i1	218	1513	Pver_TRINITY_DN57037_c0_g1_i1
>PUS7-202_Spis_Stylophora_pistillata_704	502	2337	Spis_Stylophora_pistillata_704
>PUS7L-201_Adig_Acropora_digitifera_9427	526	2025	Adig_Acropora_digitifera_9427
>PUS7L-201_Amil_Acropora_millepora_2900	520	2019	Amil_Acropora_millepora_2900
>PUS7L-201_Apal_XM_028657983.1	356	2032	Apal_XM_028657983.1
>PUS7L-201_Apoc_chromosome_7.2329_1	1	2082	Apoc_chromosome_7.2329_1
>PUS7L-201_Aque_XM_003384927.3	587	1942	Aque_XM_003384927.3
>PUS7L-201_Cgig_G30274.5	121	1569	Cgig_G30274.5
>PUS7L-201_Emue_Em0001g2658a.t1	361	1818	Emue_Em0001g2658a.t1
>PUS7L-201_Gasp_gasp1.m3.15935.m1	12	2258	Gasp_gasp1.m3.15935.m1
>PUS7L-201_Gfas_gfas1.m1.23518.m1	46	2034	Gfas_gfas1.m1.23518.m1
>PUS7L-201_Hsal_ENA_GHBP01000186_GHBP01000186.1	652	1608	Hsal_ENA_GHBP01000186_GHBP01000186.1
>PUS7L-201_Kiwa_ENA_GBGI01019518_GBGI01019518.1	1033	62	Kiwa_ENA_GBGI01019518_GBGI01019518.1
>PUS7L-201_Mcap_g3776	4	2250	Mcap_g3776
>PUS7L-201_Msqu_ENA_GHBR01000956_GHBR01000956.1	193	1134	Msqu_ENA_GHBR01000956_GHBR01000956.1
>PUS7L-201_Nvec_XM_032369811.1	326	2041	Nvec_XM_032369811.1
>PUS7L-201_Pbac_AVPN01000053.1	115761	114322	Pbac_AVPN01000053.1
>PUS7L-201_Pdam_Pocillopora_damicornis_3462	7	747	Pdam_Pocillopora_damicornis_3462
>PUS7L-201_Plut_plut2.m8.24634.m1	365	2002	Plut_plut2.m8.24634.m1
>PUS7L-201_Prus_36676_t	247	2091	Prus_36676_t
>PUS7L-201_Pver_TRINITY_DN6560_c0_g1_i3	63	1652	Pver_TRINITY_DN6560_c0_g1_i3
>PUS7L-201_Spis_Stylophora_pistillata_704	28	2340	Spis_Stylophora_pistillata_704
>PUSL1-201_Adig_Acropora_digitifera_14571	220	885	Adig_Acropora_digitifera_14571
>PUSL1-201_Amil_Acropora_millepora_17584	184	849	Amil_Acropora_millepora_17584
>PUSL1-201_Apal_XM_021062088.2	419	1240	Apal_XM_021062088.2
>PUSL1-201_Apoc_chromosome_6.2953_1	292	933	Apoc_chromosome_6.2953_1
>PUSL1-201_Aque_XM_019994135.1	226	942	Aque_XM_019994135.1
>PUSL1-201_Cgig_G22515.2	190	960	Cgig_G22515.2
>PUSL1-201_Emue_Em0008g1166a.t1	139	630	Emue_Em0008g1166a.t1
>PUSL1-201_Msqu_ENA_GHBR01001652_GHBR01001652.1	260	559	Msqu_ENA_GHBR01001652_GHBR01001652.1
>PUSL1-201_Pbac_AVPN01001397.1	12744	13379	Pbac_AVPN01001397.1
>PUSL1-201_Plut_plut2.m8.3425.m1	511	1206	Plut_plut2.m8.3425.m1
>PUSL1-201_Pver_TRINITY_DN53675_c0_g1_i1	350	1138	Pver_TRINITY_DN53675_c0_g1_i1
>PUSL1-201_Spis_Stylophora_pistillata_838	307	948	Spis_Stylophora_pistillata_838
>RBM15-201_Adig_Acropora_digitifera_1643	1885	2601	Adig_Acropora_digitifera_1643
>RBM15-201_Ahya_Acropora_hyacinthus_3671	331	840	Ahya_Acropora_hyacinthus_3671
>RBM15-201_Amil_Acropora_millepora_3425	1930	2646	Amil_Acropora_millepora_3425
>RBM15-201_Apal_XM_021054383.2	1917	2585	Apal_XM_021054383.2
>RBM15-201_Apoc_chromosome_6.1321_1	1921	2580	Apoc_chromosome_6.1321_1
>RBM15-201_Aque_XM_003387783.3	2529	3182	Aque_XM_003387783.3
>RBM15-201_Cgig_G29412.4	718	1230	Cgig_G29412.4
>RBM15-201_Emue_Em0014g36a.t1	955	1590	Emue_Em0014g36a.t1
>RBM15-201_Gasp_gasp1.m3.11888.m1	1636	2388	Gasp_gasp1.m3.11888.m1
>RBM15-201_Gfas_gfas1.m1.8062.m1	1690	2403	Gfas_gfas1.m1.8062.m1
>RBM15-201_Hsal_ENA_GHBP01000185_GHBP01000185.1	737	1252	Hsal_ENA_GHBP01000185_GHBP01000185.1
>RBM15-201_Kiwa_ENA_GBGI01019275_GBGI01019275.1	1741	2217	Kiwa_ENA_GBGI01019275_GBGI01019275.1
>RBM15-201_Mcap_g45734	1819	2571	Mcap_g45734
>RBM15-201_Msqu_ENA_GHBR01000397_GHBR01000397.1	133	648	Msqu_ENA_GHBR01000397_GHBR01000397.1
>RBM15-201_Nvec_XM_032367232.1	1927	2610	Nvec_XM_032367232.1
>RBM15-201_Pbac_AVPN01000578.1	9615	10100	Pbac_AVPN01000578.1
>RBM15-201_Pdam_Pocillopora_damicornis_5327	4	366	Pdam_Pocillopora_damicornis_5327
>RBM15-201_Plut_plut2.m8.5892.m1	1624	2355	Plut_plut2.m8.5892.m1
>RBM15-201_Prus_Prusg4676.t1	1843	2574	Prus_Prusg4676.t1
>RBM15-201_Pver_TRINITY_DN49138_c0_g1_i1	1926	2657	Pver_TRINITY_DN49138_c0_g1_i1
>RBM15-201_Spis_Stylophora_pistillata_12579	1870	2577	Spis_Stylophora_pistillata_12579
>RBM15B-201_Adig_Acropora_digitifera_1643	736	1311	Adig_Acropora_digitifera_1643
>RBM15B-201_Ahya_Acropora_hyacinthus_3671	352	870	Ahya_Acropora_hyacinthus_3671
>RBM15B-201_Amil_Acropora_millepora_3425	781	1356	Amil_Acropora_millepora_3425
>RBM15B-201_Apal_XM_021054383.2	1938	2591	Apal_XM_021054383.2
>RBM15B-201_Apoc_chromosome_6.1321_1	2023	2571	Apoc_chromosome_6.1321_1
>RBM15B-201_Aque_XM_003387783.3	2598	3179	Aque_XM_003387783.3
>RBM15B-201_Cgig_G29412.4	727	1218	Cgig_G29412.4
>RBM15B-201_Emue_Em0014g36a.t1	1093	1596	Emue_Em0014g36a.t1
>RBM15B-201_Gasp_gasp1.m3.11888.m1	1747	2379	Gasp_gasp1.m3.11888.m1
>RBM15B-201_Gfas_gfas1.m1.8062.m1	1846	2394	Gfas_gfas1.m1.8062.m1
>RBM15B-201_Hsal_ENA_GHBP01000185_GHBP01000185.1	737	1273	Hsal_ENA_GHBP01000185_GHBP01000185.1
>RBM15B-201_Kiwa_ENA_GBGI01019275_GBGI01019275.1	1741	2214	Kiwa_ENA_GBGI01019275_GBGI01019275.1
>RBM15B-201_Mcap_g45734	1933	2562	Mcap_g45734
>RBM15B-201_Msqu_ENA_GHBR01000397_GHBR01000397.1	133	669	Msqu_ENA_GHBR01000397_GHBR01000397.1
>RBM15B-201_Nvec_XM_032367232.1	2008	2616	Nvec_XM_032367232.1
>RBM15B-201_Pbac_AVPN01005948.1	796	1302	Pbac_AVPN01005948.1
>RBM15B-201_Pdam_Pocillopora_damicornis_1912	337	801	Pdam_Pocillopora_damicornis_1912
>RBM15B-201_Plut_plut2.m8.5892.m1	700	1338	Plut_plut2.m8.5892.m1
>RBM15B-201_Prus_Prusg4676.t1	700	1338	Prus_Prusg4676.t1
>RBM15B-201_Pver_TRINITY_DN49138_c0_g1_i1	2091	2633	Pver_TRINITY_DN49138_c0_g1_i1
>RBM15B-201_Spis_Stylophora_pistillata_12579	1936	2568	Spis_Stylophora_pistillata_12579
>RBMX-201_Adig_Acropora_digitifera_7237	214	432	Adig_Acropora_digitifera_7237
>RBMX-201_Ahya_Acropora_hyacinthus_6528	25	249	Ahya_Acropora_hyacinthus_6528
>RBMX-201_Amil_Acropora_millepora_11658	364	600	Amil_Acropora_millepora_11658
>RBMX-201_Apal_XM_021038878.2	103	393	Apal_XM_021038878.2
>RBMX-201_Apoc_chromosome_13.1269_1	346	576	Apoc_chromosome_13.1269_1
>RBMX-201_Aque_XM_011404880.2	168	419	Aque_XM_011404880.2
>RBMX-201_Cgig_G16197.7	10	276	Cgig_G16197.7
>RBMX-201_Emue_Em0005g1599a.t1	34	297	Emue_Em0005g1599a.t1
>RBMX-201_Gasp_gasp1.m3.13360.m1	515	745	Gasp_gasp1.m3.13360.m1
>RBMX-201_Gfas_gfas1.m1.6675.m1	563	802	Gfas_gfas1.m1.6675.m1
>RBMX-201_Hsal_ENA_GHBP01001643_GHBP01001643.1	338	601	Hsal_ENA_GHBP01001643_GHBP01001643.1
>RBMX-201_Kiwa_ENA_GBGI01001748_GBGI01001748.1	398	625	Kiwa_ENA_GBGI01001748_GBGI01001748.1
>RBMX-201_Mcap_g23510	349	585	Mcap_g23510
>RBMX-201_Msqu_ENA_GHBR01006155_GHBR01006155.1	41	292	Msqu_ENA_GHBR01006155_GHBR01006155.1
>RBMX-201_Nvec_XM_032380963.1	492	716	Nvec_XM_032380963.1
>RBMX-201_Pbac_AVPN01000796.1	7308	7556	Pbac_AVPN01000796.1
>RBMX-201_Pdam_Pocillopora_damicornis_15638	112	354	Pdam_Pocillopora_damicornis_15638
>RBMX-201_Plut_plut2.m8.15368.m1	112	342	Plut_plut2.m8.15368.m1
>RBMX-201_Prus_14610_t	25	276	Prus_14610_t
>RBMX-201_Pver_TRINITY_DN7151_c0_g3_i2	111	353	Pver_TRINITY_DN7151_c0_g3_i2
>RBMX-201_Spis_Stylophora_pistillata_13908	1	264	Spis_Stylophora_pistillata_13908
>RPUSD1-201_Adig_Acropora_digitifera_9479	562	930	Adig_Acropora_digitifera_9479
>RPUSD1-201_Amil_Acropora_millepora_10062	562	930	Amil_Acropora_millepora_10062
>RPUSD1-201_Apal_XM_021037635.2	430	951	Apal_XM_021037635.2
>RPUSD1-201_Apoc_chromosome_14.5038_1	568	936	Apoc_chromosome_14.5038_1
>RPUSD1-201_Aque_XM_019999842.1	384	917	Aque_XM_019999842.1
>RPUSD1-201_Cgig_G23196.3	559	1086	Cgig_G23196.3
>RPUSD1-201_Emue_Em0009g1299a.t1	31	510	Emue_Em0009g1299a.t1
>RPUSD1-201_Hsal_ENA_GHBP01006324_GHBP01006324.1	29	313	Hsal_ENA_GHBP01006324_GHBP01006324.1
>RPUSD1-201_Kiwa_ENA_GBGI01013904_GBGI01013904.1	294	818	Kiwa_ENA_GBGI01013904_GBGI01013904.1
>RPUSD1-201_Nvec_XM_032364603.1	242	643	Nvec_XM_032364603.1
>RPUSD1-201_Pbac_AVPN01007616.1	994	1281	Pbac_AVPN01007616.1
>RPUSD1-201_Pdam_Pocillopora_damicornis_14378	40	465	Pdam_Pocillopora_damicornis_14378
>RPUSD1-201_Pver_TRINITY_DN46411_c0_g1_i1	726	1409	Pver_TRINITY_DN46411_c0_g1_i1
>RPUSD2-201_Adig_Acropora_digitifera_9479	46	1287	Adig_Acropora_digitifera_9479
>RPUSD2-201_Ahya_Acropora_hyacinthus_7021	4	600	Ahya_Acropora_hyacinthus_7021
>RPUSD2-201_Amil_Acropora_millepora_10062	46	1287	Amil_Acropora_millepora_10062
>RPUSD2-201_Apal_XM_021037635.2	151	1560	Apal_XM_021037635.2
>RPUSD2-201_Apoc_chromosome_14.5038_1	127	1362	Apoc_chromosome_14.5038_1
>RPUSD2-201_Aque_XM_019999842.1	126	1274	Aque_XM_019999842.1
>RPUSD2-201_Cgig_G23196.1	481	1893	Cgig_G23196.1
>RPUSD2-201_Emue_Em0009g1299a.t1	22	708	Emue_Em0009g1299a.t1
>RPUSD2-201_Gasp_gasp1.m3.24302.m1	190	876	Gasp_gasp1.m3.24302.m1
>RPUSD2-201_Gfas_gfas1.m1.18505.m1	1	1089	Gfas_gfas1.m1.18505.m1
>RPUSD2-201_Hsal_ENA_GHBP01006324_GHBP01006324.1	2	373	Hsal_ENA_GHBP01006324_GHBP01006324.1
>RPUSD2-201_Kiwa_ENA_GBGI01013901_GBGI01013901.1	80	1198	Kiwa_ENA_GBGI01013901_GBGI01013901.1
>RPUSD2-201_Mcap_g21674	73	648	Mcap_g21674
>RPUSD2-201_Msqu_ENA_GHBR01003842_GHBR01003842.1	1	432	Msqu_ENA_GHBR01003842_GHBR01003842.1
>RPUSD2-201_Nvec_XM_032364358.1	382	1794	Nvec_XM_032364358.1
>RPUSD2-201_Pbac_AVPN01007616.1	991	1779	Pbac_AVPN01007616.1
>RPUSD2-201_Pdam_Pocillopora_damicornis_5481	1	759	Pdam_Pocillopora_damicornis_5481
>RPUSD2-201_Plut_plut2.m8.26827.m1	186	761	Plut_plut2.m8.26827.m1
>RPUSD2-201_Prus_2320_t	187	357	Prus_2320_t
>RPUSD2-201_Pver_TRINITY_DN2928_c0_g1_i7	55	1386	Pver_TRINITY_DN2928_c0_g1_i7
>RPUSD2-201_Spis_Stylophora_pistillata_5461	76	633	Spis_Stylophora_pistillata_5461
>RPUSD3-201_Adig_Acropora_digitifera_5191	124	666	Adig_Acropora_digitifera_5191
>RPUSD3-201_Amil_Acropora_millepora_22909	1	486	Amil_Acropora_millepora_22909
>RPUSD3-201_Apal_XM_021061040.2	55	642	Apal_XM_021061040.2
>RPUSD3-201_Apoc_chromosome_4.48_1	55	642	Apoc_chromosome_4.48_1
>RPUSD3-201_Aque_XM_019999411.1	135	905	Aque_XM_019999411.1
>RPUSD3-201_Cgig_G22512.1	1741	2373	Cgig_G22512.1
>RPUSD3-201_Emue_Em0015g1266a.t1	13	786	Emue_Em0015g1266a.t1
>RPUSD3-201_Gasp_gasp1.m3.13695.m1	67	630	Gasp_gasp1.m3.13695.m1
>RPUSD3-201_Gfas_gfas1.m1.7495.m1	234	770	Gfas_gfas1.m1.7495.m1
>RPUSD3-201_Mcap_g21674	46	633	Mcap_g21674
>RPUSD3-201_Nvec_XM_032364603.1	71	715	Nvec_XM_032364603.1
>RPUSD3-201_Plut_plut2.m8.26827.m1	159	746	Plut_plut2.m8.26827.m1
>RPUSD3-201_Prus_31542_t	133	558	Prus_31542_t
>RPUSD3-201_Pver_TRINITY_DN8497_c0_g1_i3	1002	1595	Pver_TRINITY_DN8497_c0_g1_i3
>RPUSD3-201_Spis_Stylophora_pistillata_5461	46	639	Spis_Stylophora_pistillata_5461
>RPUSD4-201_Adig_Acropora_digitifera_5191	82	900	Adig_Acropora_digitifera_5191
>RPUSD4-201_Ahya_Acropora_hyacinthus_7021	16	525	Ahya_Acropora_hyacinthus_7021
>RPUSD4-201_Amil_Acropora_millepora_22909	1	720	Amil_Acropora_millepora_22909
>RPUSD4-201_Apal_XM_021061040.2	28	897	Apal_XM_021061040.2
>RPUSD4-201_Apoc_chromosome_4.48_1	64	882	Apoc_chromosome_4.48_1
>RPUSD4-201_Aque_XM_019999411.1	135	908	Aque_XM_019999411.1
>RPUSD4-201_Cgig_G22512.1	1810	2595	Cgig_G22512.1
>RPUSD4-201_Emue_Em0015g1266a.t1	4	804	Emue_Em0015g1266a.t1
>RPUSD4-201_Gasp_gasp1.m3.13695.m1	76	621	Gasp_gasp1.m3.13695.m1
>RPUSD4-201_Gfas_gfas1.m1.7495.m1	192	1010	Gfas_gfas1.m1.7495.m1
>RPUSD4-201_Kiwa_ENA_GBGI01013907_GBGI01013907.1	31	660	Kiwa_ENA_GBGI01013907_GBGI01013907.1
>RPUSD4-201_Mcap_g21674	55	873	Mcap_g21674
>RPUSD4-201_Msqu_ENA_GHBR01001203_GHBR01001203.1	267	581	Msqu_ENA_GHBR01001203_GHBR01001203.1
>RPUSD4-201_Nvec_XM_032364603.1	41	928	Nvec_XM_032364603.1
>RPUSD4-201_Pdam_Pocillopora_damicornis_14378	28	465	Pdam_Pocillopora_damicornis_14378
>RPUSD4-201_Plut_plut2.m8.26827.m1	168	986	Plut_plut2.m8.26827.m1
>RPUSD4-201_Prus_31542_t	85	798	Prus_31542_t
>RPUSD4-201_Pver_TRINITY_DN8497_c0_g1_i3	1011	1898	Pver_TRINITY_DN8497_c0_g1_i3
>RPUSD4-201_Spis_Stylophora_pistillata_5461	55	942	Spis_Stylophora_pistillata_5461
>TRDMT1-203_Adig_Acropora_digitifera_12510	3307	3957	Adig_Acropora_digitifera_12510
>TRDMT1-203_Amil_Acropora_millepora_1477	4	993	Amil_Acropora_millepora_1477
>TRDMT1-203_Apal_XM_021061117.2	37	1245	Apal_XM_021061117.2
>TRDMT1-203_Apoc_chromosome_14.1182.1.5f15dfd1_1	31	1371	Apoc_chromosome_14.1182.1.5f15dfd1_1
>TRDMT1-203_Aque_XM_003389290.3	88	1104	Aque_XM_003389290.3
>TRDMT1-203_Cgig_G5538.3	1	552	Cgig_G5538.3
>TRDMT1-203_Emue_Em0014g133a.t1	40	1347	Emue_Em0014g133a.t1
>TRDMT1-203_Gasp_gasp1.m3.18490.m1	64	930	Gasp_gasp1.m3.18490.m1
>TRDMT1-203_Gfas_gfas1.m1.60.m1	10	1266	Gfas_gfas1.m1.60.m1
>TRDMT1-203_Mcap_g16611	10	1278	Mcap_g16611
>TRDMT1-203_Nvec_XM_032371936.1	118	1563	Nvec_XM_032371936.1
>TRDMT1-203_Pbac_AVPN01002955.1	1748	708	Pbac_AVPN01002955.1
>TRDMT1-203_Pdam_Pocillopora_damicornis_10439	61	483	Pdam_Pocillopora_damicornis_10439
>TRDMT1-203_Plut_plut2.m8.2663.m1	26	1042	Plut_plut2.m8.2663.m1
>TRDMT1-203_Prus_26793_t	1	285	Prus_26793_t
>TRDMT1-203_Pver_TRINITY_DN10752_c0_g1_i6	18	938	Pver_TRINITY_DN10752_c0_g1_i6
>TRDMT1-203_Spis_Stylophora_pistillata_13157	1	807	Spis_Stylophora_pistillata_13157
>TRMT1-202_Adig_Acropora_digitifera_5647	103	894	Adig_Acropora_digitifera_5647
>TRMT1-202_Amil_Acropora_millepora_11716	58	1104	Amil_Acropora_millepora_11716
>TRMT1-202_Apal_XM_021049319.2	204	1808	Apal_XM_021049319.2
>TRMT1-202_Apoc_chromosome_12.1140_1	34	1710	Apoc_chromosome_12.1140_1
>TRMT1-202_Aque_XM_019996938.1	181	1701	Aque_XM_019996938.1
>TRMT1-202_Cgig_G12985.2	19	1572	Cgig_G12985.2
>TRMT1-202_Emue_Em0020g599a.t1	1	738	Emue_Em0020g599a.t1
>TRMT1-202_Gasp_gasp1.m3.13605.m1	72	1745	Gasp_gasp1.m3.13605.m1
>TRMT1-202_Gfas_gfas1.m1.18609.m1	19	1662	Gfas_gfas1.m1.18609.m1
>TRMT1-202_Hsal_ENA_GHBP01014932_GHBP01014932.1	2	460	Hsal_ENA_GHBP01014932_GHBP01014932.1
>TRMT1-202_Kiwa_ENA_GBGI01004883_GBGI01004883.1	600	1598	Kiwa_ENA_GBGI01004883_GBGI01004883.1
>TRMT1-202_Mcap_g49847	43	1704	Mcap_g49847
>TRMT1-202_Msqu_ENA_GHBR01000121_GHBR01000121.1	279	1760	Msqu_ENA_GHBR01000121_GHBR01000121.1
>TRMT1-202_Nvec_XM_001640819.2	163	1773	Nvec_XM_001640819.2
>TRMT1-202_Pbac_AVPN01000126.1	106	1470	Pbac_AVPN01000126.1
>TRMT1-202_Pdam_Pocillopora_damicornis_4231	4	816	Pdam_Pocillopora_damicornis_4231
>TRMT1-202_Plut_plut2.m8.7399.m1	118	1659	Plut_plut2.m8.7399.m1
>TRMT1-202_Prus_7642_t	292	969	Prus_7642_t
>TRMT1-202_Pver_TRINITY_DN7500_c0_g1_i6	2054	2611	Pver_TRINITY_DN7500_c0_g1_i6
>TRMT1-202_Spis_Stylophora_pistillata_5047	4	720	Spis_Stylophora_pistillata_5047
>TRMT10A-202_Amil_Acropora_millepora_14011	1246	1803	Amil_Acropora_millepora_14011
>TRMT10A-202_Apal_XM_021049742.2	1046	1606	Apal_XM_021049742.2
>TRMT10A-202_Apoc_chromosome_6.857_1	268	840	Apoc_chromosome_6.857_1
>TRMT10A-202_Aque_XM_003382675.3	263	820	Aque_XM_003382675.3
>TRMT10A-202_Cgig_G2111.6	262	783	Cgig_G2111.6
>TRMT10A-202_Emue_Em0068g4a.t1	367	897	Emue_Em0068g4a.t1
>TRMT10A-202_Gasp_gasp1.m3.7223.m1	250	780	Gasp_gasp1.m3.7223.m1
>TRMT10A-202_Gfas_gfas1.m1.1546.m1	1420	1896	Gfas_gfas1.m1.1546.m1
>TRMT10A-202_Kiwa_ENA_GBGI01004230_GBGI01004230.1	398	931	Kiwa_ENA_GBGI01004230_GBGI01004230.1
>TRMT10A-202_Mcap_g60937	1099	1656	Mcap_g60937
>TRMT10A-202_Msqu_ENA_GHBR01004199_GHBR01004199.1	303	539	Msqu_ENA_GHBR01004199_GHBR01004199.1
>TRMT10A-202_Nvec_XM_001629905.2	564	1142	Nvec_XM_001629905.2
>TRMT10A-202_Pbac_AVPN01002836.1	6755	6216	Pbac_AVPN01002836.1
>TRMT10A-202_Pdam_Pocillopora_damicornis_3383	319	894	Pdam_Pocillopora_damicornis_3383
>TRMT10A-202_Plut_plut2.m8.8537.m1	262	792	Plut_plut2.m8.8537.m1
>TRMT10A-202_Prus_31195_t	1159	1716	Prus_31195_t
>TRMT10A-202_Pver_TRINITY_DN7973_c0_g1_i3	1945	2520	Pver_TRINITY_DN7973_c0_g1_i3
>TRMT10A-202_Spis_Stylophora_pistillata_15962	289	819	Spis_Stylophora_pistillata_15962
>TRMT10C-201_Amil_Acropora_millepora_14011	1225	1794	Amil_Acropora_millepora_14011
>TRMT10C-201_Apal_XM_021049742.2	1028	1603	Apal_XM_021049742.2
>TRMT10C-201_Apoc_chromosome_6.857_1	280	849	Apoc_chromosome_6.857_1
>TRMT10C-201_Aque_XM_011406191.2	427	1065	Aque_XM_011406191.2
>TRMT10C-201_Cgig_G24226.7	397	954	Cgig_G24226.7
>TRMT10C-201_Emue_Em0068g4a.t1	379	897	Emue_Em0068g4a.t1
>TRMT10C-201_Gasp_gasp1.m3.7223.m1	262	780	Gasp_gasp1.m3.7223.m1
>TRMT10C-201_Gfas_gfas1.m1.18593.m1	328	846	Gfas_gfas1.m1.18593.m1
>TRMT10C-201_Kiwa_ENA_GBGI01004231_GBGI01004231.1	358	927	Kiwa_ENA_GBGI01004231_GBGI01004231.1
>TRMT10C-201_Mcap_g60937	997	1647	Mcap_g60937
>TRMT10C-201_Msqu_ENA_GHBR01004199_GHBR01004199.1	312	497	Msqu_ENA_GHBR01004199_GHBR01004199.1
>TRMT10C-201_Nvec_XM_001638395.2	733	1308	Nvec_XM_001638395.2
>TRMT10C-201_Pbac_AVPN01000502.1	15100	14567	Pbac_AVPN01000502.1
>TRMT10C-201_Pdam_Pocillopora_damicornis_3383	313	885	Pdam_Pocillopora_damicornis_3383
>TRMT10C-201_Plut_plut2.m8.8537.m1	274	792	Plut_plut2.m8.8537.m1
>TRMT10C-201_Prus_31195_t	1153	1707	Prus_31195_t
>TRMT10C-201_Pver_TRINITY_DN7973_c0_g1_i3	1939	2511	Pver_TRINITY_DN7973_c0_g1_i3
>TRMT10C-201_Spis_Stylophora_pistillata_15962	301	852	Spis_Stylophora_pistillata_15962
>TRMT112-206_Amil_Acropora_millepora_26065	22	375	Amil_Acropora_millepora_26065
>TRMT112-206_Apal_XM_021055277.2	111	350	Apal_XM_021055277.2
>TRMT112-206_Apoc_chromosome_1.931_1	157	483	Apoc_chromosome_1.931_1
>TRMT112-206_Aque_XM_003386091.3	43	411	Aque_XM_003386091.3
>TRMT112-206_Cgig_G28062.2	1	372	Cgig_G28062.2
>TRMT112-206_Gasp_gasp1.m3.16437.m1	46	414	Gasp_gasp1.m3.16437.m1
>TRMT112-206_Gfas_gfas1.m1.3770.m1	51	419	Gfas_gfas1.m1.3770.m1
>TRMT112-206_Hsal_ENA_GHBP01025162_GHBP01025162.1	223	345	Hsal_ENA_GHBP01025162_GHBP01025162.1
>TRMT112-206_Mcap_g29212	1	369	Mcap_g29212
>TRMT112-206_Msqu_ENA_GHBR01006327_GHBR01006327.1	68	418	Msqu_ENA_GHBR01006327_GHBR01006327.1
>TRMT112-206_Nvec_XM_001641527.2	107	475	Nvec_XM_001641527.2
>TRMT112-206_Pbac_AVPN01002284.1	14332	14039	Pbac_AVPN01002284.1
>TRMT112-206_Pdam_Pocillopora_damicornis_7698	1	369	Pdam_Pocillopora_damicornis_7698
>TRMT112-206_Plut_plut2.m8.10359.m1	56	424	Plut_plut2.m8.10359.m1
>TRMT112-206_Pver_TRINITY_DN24680_c0_g1_i2	105	509	Pver_TRINITY_DN24680_c0_g1_i2
>TRMT61A-202_Adig_Acropora_digitifera_2625	4	705	Adig_Acropora_digitifera_2625
>TRMT61A-202_Amil_Acropora_millepora_20459	1	729	Amil_Acropora_millepora_20459
>TRMT61A-202_Apal_XM_021049483.2	34	1008	Apal_XM_021049483.2
>TRMT61A-202_Apoc_chromosome_9.2374_1	7	735	Apoc_chromosome_9.2374_1
>TRMT61A-202_Aque_XM_003389072.2	73	960	Aque_XM_003389072.2
>TRMT61A-202_Cgig_G11276.2	1	726	Cgig_G11276.2
>TRMT61A-202_Emue_Em0015g1159a.t1	1	954	Emue_Em0015g1159a.t1
>TRMT61A-202_Gasp_gasp1.m3.4687.m1	16	678	Gasp_gasp1.m3.4687.m1
>TRMT61A-202_Gfas_gfas1.m1.14372.m1	87	830	Gfas_gfas1.m1.14372.m1
>TRMT61A-202_Hsal_ENA_GHBP01004414_GHBP01004414.1	13	552	Hsal_ENA_GHBP01004414_GHBP01004414.1
>TRMT61A-202_Kiwa_ENA_GBGI01008120_GBGI01008120.1	7	1056	Kiwa_ENA_GBGI01008120_GBGI01008120.1
>TRMT61A-202_Mcap_g46217	1	729	Mcap_g46217
>TRMT61A-202_Msqu_ENA_GHBR01002399_GHBR01002399.1	2	439	Msqu_ENA_GHBR01002399_GHBR01002399.1
>TRMT61A-202_Nvec_XM_032366306.1	82	822	Nvec_XM_032366306.1
>TRMT61A-202_Pbac_AVPN01000563.1	27609	26716	Pbac_AVPN01000563.1
>TRMT61A-202_Pdam_Pocillopora_damicornis_11247	1	381	Pdam_Pocillopora_damicornis_11247
>TRMT61A-202_Plut_plut2.m8.11232.m1	106	939	Plut_plut2.m8.11232.m1
>TRMT61A-202_Prus_7367_t	1	705	Prus_7367_t
>TRMT61A-202_Pver_TRINITY_DN5733_c0_g1_i2	47	775	Pver_TRINITY_DN5733_c0_g1_i2
>TRMT61B-201_Apal_XM_021038648.2	139	1035	Apal_XM_021038648.2
>TRMT61B-201_Aque_XM_003385036.2	279	1274	Aque_XM_003385036.2
>TRMT61B-201_Emue_Em0019g300a.t1	85	966	Emue_Em0019g300a.t1
>TRUB1-201_Adig_Acropora_digitifera_13758	325	885	Adig_Acropora_digitifera_13758
>TRUB1-201_Ahya_Acropora_hyacinthus_3841	340	900	Ahya_Acropora_hyacinthus_3841
>TRUB1-201_Amil_Acropora_millepora_11979	352	912	Amil_Acropora_millepora_11979
>TRUB1-201_Apal_XM_021048030.1	321	878	Apal_XM_021048030.1
>TRUB1-201_Apoc_chromosome_7.295.1.5f15e5ce_1	343	900	Apoc_chromosome_7.295.1.5f15e5ce_1
>TRUB1-201_Aque_XM_003382624.3	55	759	Aque_XM_003382624.3
>TRUB1-201_Cgig_G15487.8	256	810	Cgig_G15487.8
>TRUB1-201_Emue_Em0021g685a.t1	10	693	Emue_Em0021g685a.t1
>TRUB1-201_Gfas_gfas1.m1.3051.m1	358	819	Gfas_gfas1.m1.3051.m1
>TRUB1-201_Hsal_ENA_GHBP01001979_GHBP01001979.1	442	945	Hsal_ENA_GHBP01001979_GHBP01001979.1
>TRUB1-201_Kiwa_ENA_GBGI01005889_GBGI01005889.1	298	921	Kiwa_ENA_GBGI01005889_GBGI01005889.1
>TRUB1-201_Mcap_g59073	325	948	Mcap_g59073
>TRUB1-201_Msqu_ENA_GHBR01001211_GHBR01001211.1	309	866	Msqu_ENA_GHBR01001211_GHBR01001211.1
>TRUB1-201_Nvec_XM_001637210.2	427	984	Nvec_XM_001637210.2
>TRUB1-201_Pdam_Pocillopora_damicornis_3377	319	876	Pdam_Pocillopora_damicornis_3377
>TRUB1-201_Plut_plut2.m8.21581.m1	322	810	Plut_plut2.m8.21581.m1
>TRUB1-201_Pver_TRINITY_DN1206_c0_g3_i1	340	897	Pver_TRINITY_DN1206_c0_g3_i1
>TRUB1-201_Spis_Stylophora_pistillata_18376	292	849	Spis_Stylophora_pistillata_18376
>TRUB2-201_Aque_XM_003382624.3	49	765	Aque_XM_003382624.3
>TRUB2-201_Cgig_G30216.1	490	1233	Cgig_G30216.1
>TRUB2-201_Emue_Em0021g685a.t1	91	711	Emue_Em0021g685a.t1
>VIRMA-201_Adig_Acropora_digitifera_15868	961	5166	Adig_Acropora_digitifera_15868
>VIRMA-201_Amil_Acropora_millepora_711	967	5172	Amil_Acropora_millepora_711
>VIRMA-201_Apal_XM_028657349.1	2499	4790	Apal_XM_028657349.1
>VIRMA-201_Apoc_chromosome_14.6873_1	988	5289	Apoc_chromosome_14.6873_1
>VIRMA-201_Aque_XM_011411550.2	708	4961	Aque_XM_011411550.2
>VIRMA-201_Cgig_G23355.1	1288	5625	Cgig_G23355.1
>VIRMA-201_Emue_Em0018g1055a.t1	175	3435	Emue_Em0018g1055a.t1
>VIRMA-201_Gasp_gasp1.m3.20128.m1	16	2346	Gasp_gasp1.m3.20128.m1
>VIRMA-201_Gfas_gfas1.m1.6744.m1	999	5207	Gfas_gfas1.m1.6744.m1
>VIRMA-201_Hsal_ENA_GHBP01002372_GHBP01002372.1	298	573	Hsal_ENA_GHBP01002372_GHBP01002372.1
>VIRMA-201_Mcap_g68021	973	5424	Mcap_g68021
>VIRMA-201_Nvec_XM_032383365.1	1235	4585	Nvec_XM_032383365.1
>VIRMA-201_Pdam_Pocillopora_damicornis_3407	22	789	Pdam_Pocillopora_damicornis_3407
>VIRMA-201_Plut_plut2.m8.17969.m1	984	5258	Plut_plut2.m8.17969.m1
>VIRMA-201_Prus_2917_t	1	2298	Prus_2917_t
>VIRMA-201_Pver_TRINITY_DN31409_c0_g1_i2	999	3425	Pver_TRINITY_DN31409_c0_g1_i2
>VIRMA-201_Spis_Stylophora_pistillata_16547	13	3645	Spis_Stylophora_pistillata_16547
>WTAP-202_Adig_Acropora_digitifera_12844	58	741	Adig_Acropora_digitifera_12844
>WTAP-202_Ahya_Acropora_hyacinthus_8158	58	435	Ahya_Acropora_hyacinthus_8158
>WTAP-202_Amil_Acropora_millepora_19265	58	741	Amil_Acropora_millepora_19265
>WTAP-202_Apal_XM_021056532.2	147	830	Apal_XM_021056532.2
>WTAP-202_Apoc_chromosome_10.2287_1	58	741	Apoc_chromosome_10.2287_1
>WTAP-202_Aque_XM_020007307.1	148	816	Aque_XM_020007307.1
>WTAP-202_Cgig_G17753.8	19	684	Cgig_G17753.8
>WTAP-202_Emue_Em0023g936a.t1	73	741	Emue_Em0023g936a.t1
>WTAP-202_Gasp_gasp1.m3.6680.m1	5	610	Gasp_gasp1.m3.6680.m1
>WTAP-202_Gfas_gfas1.m1.18532.m1	135	818	Gfas_gfas1.m1.18532.m1
>WTAP-202_Hsal_ENA_GHBP01004671_GHBP01004671.1	208	798	Hsal_ENA_GHBP01004671_GHBP01004671.1
>WTAP-202_Kiwa_ENA_GBGI01001265_GBGI01001265.1	481	125	Kiwa_ENA_GBGI01001265_GBGI01001265.1
>WTAP-202_Mcap_g33652	55	741	Mcap_g33652
>WTAP-202_Msqu_ENA_GHBR01001972_GHBR01001972.1	267	551	Msqu_ENA_GHBR01001972_GHBR01001972.1
>WTAP-202_Nvec_XM_032363544.1	153	848	Nvec_XM_032363544.1
>WTAP-202_Pbac_AVPN01002302.1	13544	13362	Pbac_AVPN01002302.1
>WTAP-202_Pdam_Pocillopora_damicornis_25398	151	816	Pdam_Pocillopora_damicornis_25398
>WTAP-202_Plut_plut2.m8.24563.m1	129	974	Plut_plut2.m8.24563.m1
>WTAP-202_Prus_Prusg17571.t1	61	306	Prus_Prusg17571.t1
>WTAP-202_Pver_TRINITY_DN25818_c0_g4_i2	679	1098	Pver_TRINITY_DN25818_c0_g4_i2
>WTAP-202_Spis_Stylophora_pistillata_5966	34	741	Spis_Stylophora_pistillata_5966
>YBX1-201_Adig_Acropora_digitifera_14632	1	240	Adig_Acropora_digitifera_14632
>YBX1-201_Ahya_Acropora_hyacinthus_4041	145	414	Ahya_Acropora_hyacinthus_4041
>YBX1-201_Amil_Acropora_millepora_20471	172	441	Amil_Acropora_millepora_20471
>YBX1-201_Apal_XM_021047666.2	151	414	Apal_XM_021047666.2
>YBX1-201_Apoc_chromosome_10.32_1	46	312	Apoc_chromosome_10.32_1
>YBX1-201_Aque_XM_003386648.3	190	459	Aque_XM_003386648.3
>YBX1-201_Cgig_G23411.7	43	315	Cgig_G23411.7
>YBX1-201_Emue_Em0008g370a.t1	46	315	Emue_Em0008g370a.t1
>YBX1-201_Gasp_gasp1.m3.5795.m1	49	318	Gasp_gasp1.m3.5795.m1
>YBX1-201_Gfas_gfas1.m1.2255.m1	223	489	Gfas_gfas1.m1.2255.m1
>YBX1-201_Hsal_ENA_GHBP01018437_GHBP01018437.1	254	412	Hsal_ENA_GHBP01018437_GHBP01018437.1
>YBX1-201_Kiwa_ENA_GBGI01007211_GBGI01007211.1	327	142	Kiwa_ENA_GBGI01007211_GBGI01007211.1
>YBX1-201_Mcap_g43034	46	312	Mcap_g43034
>YBX1-201_Msqu_ENA_GHBR01009106_GHBR01009106.1	3	128	Msqu_ENA_GHBR01009106_GHBR01009106.1
>YBX1-201_Nvec_XM_001633482.2	156	422	Nvec_XM_001633482.2
>YBX1-201_Pbac_AVPN01017121.1	399	202	Pbac_AVPN01017121.1
>YBX1-201_Pdam_Pocillopora_damicornis_25415	145	411	Pdam_Pocillopora_damicornis_25415
>YBX1-201_Plut_plut2.m8.22518.m1	201	398	Plut_plut2.m8.22518.m1
>YBX1-201_Pver_TRINITY_DN15468_c0_g1_i2	156	422	Pver_TRINITY_DN15468_c0_g1_i2
>YTHDC1-201_Adig_Acropora_digitifera_16534	1102	1542	Adig_Acropora_digitifera_16534
>YTHDC1-201_Ahya_Acropora_hyacinthus_5018	16	456	Ahya_Acropora_hyacinthus_5018
>YTHDC1-201_Amil_Acropora_millepora_7138	1621	2307	Amil_Acropora_millepora_7138
>YTHDC1-201_Apal_XM_021040922.2	1860	2609	Apal_XM_021040922.2
>YTHDC1-201_Apoc_chromosome_3.1303_1	1654	2115	Apoc_chromosome_3.1303_1
>YTHDC1-201_Aque_XM_019994760.1	537	962	Aque_XM_019994760.1
>YTHDC1-201_Cgig_G1971.6	256	1278	Cgig_G1971.6
>YTHDC1-201_Emue_Em0011g985a.t1	643	1152	Emue_Em0011g985a.t1
>YTHDC1-201_Gasp_gasp1.m3.2802.m1	1218	1676	Gasp_gasp1.m3.2802.m1
>YTHDC1-201_Gfas_gfas1.m1.5974.m1	1250	1690	Gfas_gfas1.m1.5974.m1
>YTHDC1-201_Hsal_ENA_GHBP01003660_GHBP01003660.1	2	403	Hsal_ENA_GHBP01003660_GHBP01003660.1
>YTHDC1-201_Kiwa_ENA_GBGI01006638_GBGI01006638.1	420	869	Kiwa_ENA_GBGI01006638_GBGI01006638.1
>YTHDC1-201_Mcap_g66204	1384	2250	Mcap_g66204
>YTHDC1-201_Msqu_ENA_GHBR01002804_GHBR01002804.1	461	769	Msqu_ENA_GHBR01002804_GHBR01002804.1
>YTHDC1-201_Nvec_XM_001631508.2	1999	2703	Nvec_XM_001631508.2
>YTHDC1-201_Pbac_AVPN01007056.1	2887	2402	Pbac_AVPN01007056.1
>YTHDC1-201_Pdam_Pocillopora_damicornis_25336	40	549	Pdam_Pocillopora_damicornis_25336
>YTHDC1-201_Plut_plut2.m8.15095.m1	1740	2429	Plut_plut2.m8.15095.m1
>YTHDC1-201_Prus_Prusg1931.t1	850	1308	Prus_Prusg1931.t1
>YTHDC1-201_Pver_TRINITY_DN1190_c0_g3_i1	1219	1659	Pver_TRINITY_DN1190_c0_g3_i1
>YTHDC1-201_Spis_Stylophora_pistillata_11653	652	1155	Spis_Stylophora_pistillata_11653
>YTHDC2-201_Adig_Acropora_digitifera_13752	1513	3180	Adig_Acropora_digitifera_13752
>YTHDC2-201_Ahya_Acropora_hyacinthus_1038	1	456	Ahya_Acropora_hyacinthus_1038
>YTHDC2-201_Amil_Acropora_millepora_2447	1624	3861	Amil_Acropora_millepora_2447
>YTHDC2-201_Apal_XM_021058694.2	1053	3185	Apal_XM_021058694.2
>YTHDC2-201_Apoc_chromosome_13.394.2.5f16892b_1	2	1531	Apoc_chromosome_13.394.2.5f16892b_1
>YTHDC2-201_Aque_XM_019993153.1	1337	2923	Aque_XM_019993153.1
>YTHDC2-201_Cgig_G11422.1	151	2979	Cgig_G11422.1
>YTHDC2-201_Emue_Em0060g11a.t1	808	2046	Emue_Em0060g11a.t1
>YTHDC2-201_Gasp_gasp1.m3.13245.m1	1714	3849	Gasp_gasp1.m3.13245.m1
>YTHDC2-201_Gfas_gfas1.m1.8567.m1	1722	3881	Gfas_gfas1.m1.8567.m1
>YTHDC2-201_Hsal_ENA_GHBP01000206_GHBP01000206.1	709	1971	Hsal_ENA_GHBP01000206_GHBP01000206.1
>YTHDC2-201_Kiwa_ENA_GBGI01006537_GBGI01006537.1	1519	227	Kiwa_ENA_GBGI01006537_GBGI01006537.1
>YTHDC2-201_Mcap_g560	1681	3840	Mcap_g560
>YTHDC2-201_Msqu_ENA_GHBR01000995_GHBR01000995.1	200	1090	Msqu_ENA_GHBR01000995_GHBR01000995.1
>YTHDC2-201_Nvec_XM_032381385.1	1725	3926	Nvec_XM_032381385.1
>YTHDC2-201_Pbac_AVPN01000162.1	5902	7092	Pbac_AVPN01000162.1
>YTHDC2-201_Pdam_Pocillopora_damicornis_17190	37	1035	Pdam_Pocillopora_damicornis_17190
>YTHDC2-201_Plut_plut2.m8.19091.m1	1921	3447	Plut_plut2.m8.19091.m1
>YTHDC2-201_Prus_3546_t	1906	3423	Prus_3546_t
>YTHDC2-201_Pver_TRINITY_DN19527_c0_g1_i2	1604	3889	Pver_TRINITY_DN19527_c0_g1_i2
>YTHDC2-201_Spis_Stylophora_pistillata_298	1699	3840	Spis_Stylophora_pistillata_298
>YTHDF1-202_Adig_Acropora_digitifera_16534	979	1563	Adig_Acropora_digitifera_16534
>YTHDF1-202_Ahya_Acropora_hyacinthus_5018	1	477	Ahya_Acropora_hyacinthus_5018
>YTHDF1-202_Amil_Acropora_millepora_10441	733	1317	Amil_Acropora_millepora_10441
>YTHDF1-202_Apal_XM_021040922.2	1728	2315	Apal_XM_021040922.2
>YTHDF1-202_Apoc_chromosome_8.2577_1	982	1566	Apoc_chromosome_8.2577_1
>YTHDF1-202_Aque_XM_003386776.2	1048	1569	Aque_XM_003386776.2
>YTHDF1-202_Cgig_G34777.1	874	1398	Cgig_G34777.1
>YTHDF1-202_Emue_Em0005g1165a.t1	922	1440	Emue_Em0005g1165a.t1
>YTHDF1-202_Gasp_gasp1.m3.2802.m1	1110	1697	Gasp_gasp1.m3.2802.m1
>YTHDF1-202_Gfas_gfas1.m1.5974.m1	1127	1711	Gfas_gfas1.m1.5974.m1
>YTHDF1-202_Hsal_ENA_GHBP01003660_GHBP01003660.1	32	403	Hsal_ENA_GHBP01003660_GHBP01003660.1
>YTHDF1-202_Kiwa_ENA_GBGI01006638_GBGI01006638.1	450	860	Kiwa_ENA_GBGI01006638_GBGI01006638.1
>YTHDF1-202_Mcap_g57667	976	1566	Mcap_g57667
>YTHDF1-202_Msqu_ENA_GHBR01002804_GHBR01002804.1	425	763	Msqu_ENA_GHBR01002804_GHBR01002804.1
>YTHDF1-202_Nvec_XM_032381197.1	1075	1674	Nvec_XM_032381197.1
>YTHDF1-202_Pbac_AVPN01007056.1	2893	2381	Pbac_AVPN01007056.1
>YTHDF1-202_Pdam_Pocillopora_damicornis_7502	214	801	Pdam_Pocillopora_damicornis_7502
>YTHDF1-202_Plut_plut2.m8.24206.m1	97	636	Plut_plut2.m8.24206.m1
>YTHDF1-202_Prus_10782_t	994	1578	Prus_10782_t
>YTHDF1-202_Pver_TRINITY_DN1190_c0_g3_i1	1096	1680	Pver_TRINITY_DN1190_c0_g3_i1
>YTHDF1-202_Spis_Stylophora_pistillata_6389	964	1566	Spis_Stylophora_pistillata_6389
>YTHDF2-201_Adig_Acropora_digitifera_16534	1021	1584	Adig_Acropora_digitifera_16534
>YTHDF2-201_Ahya_Acropora_hyacinthus_5018	1	498	Ahya_Acropora_hyacinthus_5018
>YTHDF2-201_Amil_Acropora_millepora_10441	775	1338	Amil_Acropora_millepora_10441
>YTHDF2-201_Apal_XM_021036342.2	1076	1657	Apal_XM_021036342.2
>YTHDF2-201_Apoc_chromosome_8.2577_1	1027	1587	Apoc_chromosome_8.2577_1
>YTHDF2-201_Aque_XM_003386776.2	988	1596	Aque_XM_003386776.2
>YTHDF2-201_Cgig_G34777.1	826	1419	Cgig_G34777.1
>YTHDF2-201_Emue_Em0005g1165a.t1	889	1482	Emue_Em0005g1165a.t1
>YTHDF2-201_Gasp_gasp1.m3.2802.m1	1155	1718	Gasp_gasp1.m3.2802.m1
>YTHDF2-201_Gfas_gfas1.m1.5974.m1	1169	1732	Gfas_gfas1.m1.5974.m1
>YTHDF2-201_Hsal_ENA_GHBP01003660_GHBP01003660.1	32	403	Hsal_ENA_GHBP01003660_GHBP01003660.1
>YTHDF2-201_Kiwa_ENA_GBGI01006638_GBGI01006638.1	411	860	Kiwa_ENA_GBGI01006638_GBGI01006638.1
>YTHDF2-201_Mcap_g57667	1024	1587	Mcap_g57667
>YTHDF2-201_Msqu_ENA_GHBR01002804_GHBR01002804.1	425	763	Msqu_ENA_GHBR01002804_GHBR01002804.1
>YTHDF2-201_Nvec_XM_032381197.1	1096	1695	Nvec_XM_032381197.1
>YTHDF2-201_Pbac_AVPN01007056.1	2893	2348	Pbac_AVPN01007056.1
>YTHDF2-201_Pdam_Pocillopora_damicornis_7502	265	822	Pdam_Pocillopora_damicornis_7502
>YTHDF2-201_Plut_plut2.m8.15095.m1	1707	2126	Plut_plut2.m8.15095.m1
>YTHDF2-201_Prus_Prusg1931.t1	787	1350	Prus_Prusg1931.t1
>YTHDF2-201_Pver_TRINITY_DN1190_c0_g3_i1	1144	1701	Pver_TRINITY_DN1190_c0_g3_i1
>YTHDF2-201_Spis_Stylophora_pistillata_6389	1030	1587	Spis_Stylophora_pistillata_6389
>YTHDF3-205_Adig_Acropora_digitifera_16534	1045	1563	Adig_Acropora_digitifera_16534
>YTHDF3-205_Ahya_Acropora_hyacinthus_5018	1	477	Ahya_Acropora_hyacinthus_5018
>YTHDF3-205_Amil_Acropora_millepora_10441	799	1317	Amil_Acropora_millepora_10441
>YTHDF3-205_Apal_XM_021036342.2	1118	1636	Apal_XM_021036342.2
>YTHDF3-205_Apoc_chromosome_8.2577_1	1051	1566	Apoc_chromosome_8.2577_1
>YTHDF3-205_Aque_XM_003386776.2	1051	1569	Aque_XM_003386776.2
>YTHDF3-205_Cgig_G34777.1	883	1398	Cgig_G34777.1
>YTHDF3-205_Emue_Em0005g1165a.t1	925	1440	Emue_Em0005g1165a.t1
>YTHDF3-205_Gasp_gasp1.m3.2802.m1	1179	1697	Gasp_gasp1.m3.2802.m1
>YTHDF3-205_Gfas_gfas1.m1.5974.m1	1193	1711	Gfas_gfas1.m1.5974.m1
>YTHDF3-205_Hsal_ENA_GHBP01003660_GHBP01003660.1	32	403	Hsal_ENA_GHBP01003660_GHBP01003660.1
>YTHDF3-205_Kiwa_ENA_GBGI01006638_GBGI01006638.1	411	902	Kiwa_ENA_GBGI01006638_GBGI01006638.1
>YTHDF3-205_Mcap_g57667	1048	1566	Mcap_g57667
>YTHDF3-205_Msqu_ENA_GHBR01002804_GHBR01002804.1	425	763	Msqu_ENA_GHBR01002804_GHBR01002804.1
>YTHDF3-205_Nvec_XM_032381197.1	1159	1674	Nvec_XM_032381197.1
>YTHDF3-205_Pbac_AVPN01007056.1	2890	2381	Pbac_AVPN01007056.1
>YTHDF3-205_Pdam_Pocillopora_damicornis_7502	283	801	Pdam_Pocillopora_damicornis_7502
>YTHDF3-205_Plut_plut2.m8.24206.m1	97	636	Plut_plut2.m8.24206.m1
>YTHDF3-205_Prus_10782_t	961	1578	Prus_10782_t
>YTHDF3-205_Pver_TRINITY_DN1190_c0_g3_i1	1162	1680	Pver_TRINITY_DN1190_c0_g3_i1
>YTHDF3-205_Spis_Stylophora_pistillata_6389	1048	1566	Spis_Stylophora_pistillata_6389
>ZC3H13-201_Adig_Acropora_digitifera_13692	10	741	Adig_Acropora_digitifera_13692
>ZC3H13-201_Amil_Acropora_millepora_2292	10	741	Amil_Acropora_millepora_2292
>ZC3H13-201_Apal_XM_021050445.2	3686	4426	Apal_XM_021050445.2
>ZC3H13-201_Apoc_chromosome_7.695_1	4354	4941	Apoc_chromosome_7.695_1
>ZC3H13-201_Cgig_G14058.9	1	528	Cgig_G14058.9
>ZC3H13-201_Gasp_gasp1.m3.9156.m1	4514	5101	Gasp_gasp1.m3.9156.m1
>ZC3H13-201_Gfas_gfas1.m1.23323.m1	4447	5034	Gfas_gfas1.m1.23323.m1
>ZC3H13-201_Mcap_g20726	4083	4661	Mcap_g20726
>ZC3H13-201_Nvec_XM_032387301.1	4126	4677	Nvec_XM_032387301.1
>ZC3H13-201_Pdam_Pocillopora_damicornis_3722	874	1461	Pdam_Pocillopora_damicornis_3722
>ZC3H13-201_Plut_plut2.m8.1888.m1	4491	5090	Plut_plut2.m8.1888.m1
>ZC3H13-201_Prus_30443_t	1022	1522	Prus_30443_t
>ZC3H13-201_Pver_TRINITY_DN3854_c0_g1_i1	4464	5051	Pver_TRINITY_DN3854_c0_g1_i1
>ZC3H13-201_Spis_Stylophora_pistillata_6003	4399	4986	Spis_Stylophora_pistillata_6003
>ZCCHC4-201_Adig_Acropora_digitifera_12932	43	1017	Adig_Acropora_digitifera_12932
>ZCCHC4-201_Ahya_Acropora_hyacinthus_11011	4	321	Ahya_Acropora_hyacinthus_11011
>ZCCHC4-201_Amil_Acropora_millepora_13276	19	1401	Amil_Acropora_millepora_13276
>ZCCHC4-201_Apal_XM_021037733.2	255	1643	Apal_XM_021037733.2
>ZCCHC4-201_Apoc_chromosome_12.1109_1	88	1368	Apoc_chromosome_12.1109_1
>ZCCHC4-201_Aque_XM_011410606.2	107	1372	Aque_XM_011410606.2
>ZCCHC4-201_Cgig_G11712.1	106	1413	Cgig_G11712.1
>ZCCHC4-201_Emue_Em0013g846a.t1	106	804	Emue_Em0013g846a.t1
>ZCCHC4-201_Gasp_gasp1.m3.17183.m1	4	378	Gasp_gasp1.m3.17183.m1
>ZCCHC4-201_Gfas_gfas1.m1.15688.m1	166	1395	Gfas_gfas1.m1.15688.m1
>ZCCHC4-201_Mcap_g64321	94	1383	Mcap_g64321
>ZCCHC4-201_Nvec_XM_032373902.1	186	1478	Nvec_XM_032373902.1
>ZCCHC4-201_Pbac_AVPN01000045.1	107441	106518	Pbac_AVPN01000045.1
>ZCCHC4-201_Pdam_Pocillopora_damicornis_7198	40	951	Pdam_Pocillopora_damicornis_7198
>ZCCHC4-201_Plut_plut2.m8.7380.m1	153	1526	Plut_plut2.m8.7380.m1
>ZCCHC4-201_Prus_22076_t	88	1083	Prus_22076_t
>ZCCHC4-201_Pver_TRINITY_DN506_c0_g1_i6	1529	2191	Pver_TRINITY_DN506_c0_g1_i6
>ZCCHC4-201_Spis_Stylophora_pistillata_8970	88	1485	Spis_Stylophora_pistillata_8970
