>ARID1A-201_Adig_Acropora_digitifera_12494	988	1983	Adig_Acropora_digitifera_12494
>ARID1A-201_Amil_Acropora_millepora_1016	4765	5760	Amil_Acropora_millepora_1016
>ARID1A-201_Apal_XM_021058593.2	4303	5307	Apal_XM_021058593.2
>ARID1A-201_Apoc_chromosome_10.3063_1	4219	5256	Apoc_chromosome_10.3063_1
>ARID1A-201_Aque_XM_020002305.1	3485	4495	Aque_XM_020002305.1
>ARID1A-201_Cgig_G17994.9	5524	6567	Cgig_G17994.9
>ARID1A-201_Emue_Em0023g660a.t1	13	528	Emue_Em0023g660a.t1
>ARID1A-201_Gasp_gasp1.m3.10755.m1	5107	6144	Gasp_gasp1.m3.10755.m1
>ARID1A-201_Gfas_gfas1.m1.2467.m1	4554	5567	Gfas_gfas1.m1.2467.m1
>ARID1A-201_Mcap_g28916	4747	5769	Mcap_g28916
>ARID1A-201_Nvec_XM_032369810.1	5049	6074	Nvec_XM_032369810.1
>ARID1A-201_Pbac_AVPN01000802.1	28439	29461	Pbac_AVPN01000802.1
>ARID1A-201_Pdam_Pocillopora_damicornis_5542	1	486	Pdam_Pocillopora_damicornis_5542
>ARID1A-201_Plut_plut2.m8.22560.m1	4950	5963	Plut_plut2.m8.22560.m1
>ARID1A-201_Prus_18306_t	2475	3488	Prus_18306_t
>ARID1A-201_Pver_TRINITY_DN4276_c0_g2_i1	5021	6058	Pver_TRINITY_DN4276_c0_g2_i1
>ARID1A-201_Spis_Stylophora_pistillata_20207	4825	5862	Spis_Stylophora_pistillata_20207
>ARID1B-220_Adig_Acropora_digitifera_12494	913	1983	Adig_Acropora_digitifera_12494
>ARID1B-220_Ahya_Acropora_hyacinthus_10679	43	219	Ahya_Acropora_hyacinthus_10679
>ARID1B-220_Amil_Acropora_millepora_1016	4672	5760	Amil_Acropora_millepora_1016
>ARID1B-220_Apal_XM_021058593.2	4156	5307	Apal_XM_021058593.2
>ARID1B-220_Apoc_chromosome_10.3063_1	4090	5256	Apoc_chromosome_10.3063_1
>ARID1B-220_Aque_XM_020002305.1	3485	4510	Aque_XM_020002305.1
>ARID1B-220_Cgig_G17994.9	5524	6567	Cgig_G17994.9
>ARID1B-220_Emue_Em0023g660a.t1	13	531	Emue_Em0023g660a.t1
>ARID1B-220_Gasp_gasp1.m3.10755.m1	5107	6144	Gasp_gasp1.m3.10755.m1
>ARID1B-220_Gfas_gfas1.m1.2467.m1	4554	5567	Gfas_gfas1.m1.2467.m1
>ARID1B-220_Hsal_ENA_GHBP01017304_GHBP01017304.1	148	372	Hsal_ENA_GHBP01017304_GHBP01017304.1
>ARID1B-220_Mcap_g28916	4525	5769	Mcap_g28916
>ARID1B-220_Nvec_XM_032369810.1	5010	6074	Nvec_XM_032369810.1
>ARID1B-220_Pbac_AVPN01000802.1	28439	29467	Pbac_AVPN01000802.1
>ARID1B-220_Pdam_Pocillopora_damicornis_5542	1	486	Pdam_Pocillopora_damicornis_5542
>ARID1B-220_Plut_plut2.m8.22560.m1	4758	5963	Plut_plut2.m8.22560.m1
>ARID1B-220_Prus_18306_t	2283	3488	Prus_18306_t
>ARID1B-220_Pver_TRINITY_DN4276_c0_g2_i1	5003	6058	Pver_TRINITY_DN4276_c0_g2_i1
>ARID1B-220_Spis_Stylophora_pistillata_20207	4807	5862	Spis_Stylophora_pistillata_20207
>BARD1-201_Adig_Acropora_digitifera_9042	1024	1479	Adig_Acropora_digitifera_9042
>BARD1-201_Ahya_Acropora_hyacinthus_4033	202	543	Ahya_Acropora_hyacinthus_4033
>BARD1-201_Amil_Acropora_millepora_10408	1276	2421	Amil_Acropora_millepora_10408
>BARD1-201_Apal_XM_021050365.2	986	2170	Apal_XM_021050365.2
>BARD1-201_Apoc_chromosome_9.2704_1	1282	2442	Apoc_chromosome_9.2704_1
>BARD1-201_Aque_XM_019995636.1	497	1582	Aque_XM_019995636.1
>BARD1-201_Cgig_G31994.3	823	1917	Cgig_G31994.3
>BARD1-201_Emue_Em0004g1003a.t1	466	1551	Emue_Em0004g1003a.t1
>BARD1-201_Gasp_gasp1.m3.13048.m1	1316	2122	Gasp_gasp1.m3.13048.m1
>BARD1-201_Gfas_gfas1.m1.11847.m1	1368	1784	Gfas_gfas1.m1.11847.m1
>BARD1-201_Hsal_ENA_GHBP01003472_GHBP01003472.1	471	827	Hsal_ENA_GHBP01003472_GHBP01003472.1
>BARD1-201_Kiwa_ENA_GBGI01005250_GBGI01005250.1	907	542	Kiwa_ENA_GBGI01005250_GBGI01005250.1
>BARD1-201_Mcap_g13592	1168	2331	Mcap_g13592
>BARD1-201_Msqu_ENA_GHBR01000338_GHBR01000338.1	839	1222	Msqu_ENA_GHBR01000338_GHBR01000338.1
>BARD1-201_Nvec_XM_001640862.2	1218	2342	Nvec_XM_001640862.2
>BARD1-201_Pbac_AVPN01002331.1	4389	5390	Pbac_AVPN01002331.1
>BARD1-201_Pdam_Pocillopora_damicornis_20082	265	633	Pdam_Pocillopora_damicornis_20082
>BARD1-201_Plut_plut2.m8.26784.m1	1243	2280	Plut_plut2.m8.26784.m1
>BARD1-201_Prus_10504_t	2008	2481	Prus_10504_t
>BARD1-201_Pver_TRINITY_DN24979_c0_g3_i1	1387	2535	Pver_TRINITY_DN24979_c0_g3_i1
>BARD1-201_Spis_Stylophora_pistillata_10629	502	1650	Spis_Stylophora_pistillata_10629
>BRCA1-203_Adig_Acropora_digitifera_9047	517	1200	Adig_Acropora_digitifera_9047
>BRCA1-203_Ahya_Acropora_hyacinthus_1152	55	303	Ahya_Acropora_hyacinthus_1152
>BRCA1-203_Amil_Acropora_millepora_23703	544	1071	Amil_Acropora_millepora_23703
>BRCA1-203_Apal_XM_021051254.2	101	349	Apal_XM_021051254.2
>BRCA1-203_Apoc_chromosome_9.2029_1	982	1629	Apoc_chromosome_9.2029_1
>BRCA1-203_Aque_XM_019997816.1	75	347	Aque_XM_019997816.1
>BRCA1-203_Cgig_G1516.1	487	831	Cgig_G1516.1
>BRCA1-203_Emue_Em0004g40a.t1	3226	3918	Emue_Em0004g40a.t1
>BRCA1-203_Gasp_gasp1.m3.13540.m1	4990	5637	Gasp_gasp1.m3.13540.m1
>BRCA1-203_Gfas_gfas1.m1.5488.m1	5882	6367	Gfas_gfas1.m1.5488.m1
>BRCA1-203_Hsal_ENA_GHBP01017691_GHBP01017691.1	125	421	Hsal_ENA_GHBP01017691_GHBP01017691.1
>BRCA1-203_Mcap_g25981	820	1464	Mcap_g25981
>BRCA1-203_Msqu_ENA_GHBR01000955_GHBR01000955.1	571	1065	Msqu_ENA_GHBR01000955_GHBR01000955.1
>BRCA1-203_Nvec_XM_032366983.1	5189	5854	Nvec_XM_032366983.1
>BRCA1-203_Pbac_AVPN01018528.1	3105	3302	Pbac_AVPN01018528.1
>BRCA1-203_Pdam_Pocillopora_damicornis_16103	4	306	Pdam_Pocillopora_damicornis_16103
>BRCA1-203_Plut_plut2.m8.19116.m1	5757	6470	Plut_plut2.m8.19116.m1
>BRCA1-203_Pver_TRINITY_DN10534_c0_g1_i2	5730	6257	Pver_TRINITY_DN10534_c0_g1_i2
>BRCA1-203_Spis_Stylophora_pistillata_21713	862	1389	Spis_Stylophora_pistillata_21713
>CUL4A-202_Adig_Acropora_digitifera_11456	67	2307	Adig_Acropora_digitifera_11456
>CUL4A-202_Ahya_Acropora_hyacinthus_6984	31	621	Ahya_Acropora_hyacinthus_6984
>CUL4A-202_Amil_Acropora_millepora_5365	61	2259	Amil_Acropora_millepora_5365
>CUL4A-202_Apal_XM_028663868.1	468	2759	Apal_XM_028663868.1
>CUL4A-202_Apoc_chromosome_7.219_1	61	1998	Apoc_chromosome_7.219_1
>CUL4A-202_Aque_XM_019995454.1	168	2414	Aque_XM_019995454.1
>CUL4A-202_Cgig_G15879.9	67	2283	Cgig_G15879.9
>CUL4A-202_Emue_Em0021g570a.t1	40	2262	Emue_Em0021g570a.t1
>CUL4A-202_Gasp_gasp1.m3.12106.m1	127	2235	Gasp_gasp1.m3.12106.m1
>CUL4A-202_Gfas_gfas1.m1.17860.m1	474	2459	Gfas_gfas1.m1.17860.m1
>CUL4A-202_Hsal_ENA_GHBP01000613_GHBP01000613.1	33	1523	Hsal_ENA_GHBP01000613_GHBP01000613.1
>CUL4A-202_Kiwa_ENA_GBGI01001573_GBGI01001573.1	944	2494	Kiwa_ENA_GBGI01001573_GBGI01001573.1
>CUL4A-202_Mcap_g32272	61	2259	Mcap_g32272
>CUL4A-202_Msqu_ENA_GHBR01000205_GHBR01000205.1	136	1653	Msqu_ENA_GHBR01000205_GHBR01000205.1
>CUL4A-202_Nvec_XM_001627280.2	302	2500	Nvec_XM_001627280.2
>CUL4A-202_Pbac_AVPN01007134.1	2331	1978	Pbac_AVPN01007134.1
>CUL4A-202_Pdam_Pocillopora_damicornis_1015	4	930	Pdam_Pocillopora_damicornis_1015
>CUL4A-202_Plut_plut2.m8.8602.m1	294	2564	Plut_plut2.m8.8602.m1
>CUL4A-202_Prus_29822_t	313	2148	Prus_29822_t
>CUL4A-202_Pver_TRINITY_DN3315_c0_g2_i2	270	2564	Pver_TRINITY_DN3315_c0_g2_i2
>CUL4A-202_Spis_Stylophora_pistillata_8897	61	2214	Spis_Stylophora_pistillata_8897
>DDB1-201_Adig_Acropora_digitifera_10620	10	3591	Adig_Acropora_digitifera_10620
>DDB1-201_Amil_Acropora_millepora_4395	10	3591	Amil_Acropora_millepora_4395
>DDB1-201_Apal_XM_021050839.2	1	1980	Apal_XM_021050839.2
>DDB1-201_Apoc_chromosome_5.2235.1.5f15e669_1	1	3477	Apoc_chromosome_5.2235.1.5f15e669_1
>DDB1-201_Aque_XM_003389267.3	114	3539	Aque_XM_003389267.3
>DDB1-201_Cgig_G5868.6	1	3417	Cgig_G5868.6
>DDB1-201_Emue_Em0033g21a.t1	1	1746	Emue_Em0033g21a.t1
>DDB1-201_Gasp_gasp1.m3.15107.m1	31	3549	Gasp_gasp1.m3.15107.m1
>DDB1-201_Gfas_gfas1.m1.17362.m1	10	2934	Gfas_gfas1.m1.17362.m1
>DDB1-201_Hsal_ENA_GHBP01000309_GHBP01000309.1	8	1840	Hsal_ENA_GHBP01000309_GHBP01000309.1
>DDB1-201_Kiwa_ENA_GBGI01013667_GBGI01013667.1	37	3615	Kiwa_ENA_GBGI01013667_GBGI01013667.1
>DDB1-201_Mcap_g67240	43	3624	Mcap_g67240
>DDB1-201_Msqu_ENA_GHBR01000194_GHBR01000194.1	17	1363	Msqu_ENA_GHBR01000194_GHBR01000194.1
>DDB1-201_Nvec_XM_032366709.1	182	3586	Nvec_XM_032366709.1
>DDB1-201_Pbac_AVPN01000414.1	37586	35505	Pbac_AVPN01000414.1
>DDB1-201_Pdam_Pocillopora_damicornis_16919	58	1017	Pdam_Pocillopora_damicornis_16919
>DDB1-201_Plut_plut2.m8.801.m1	97	3678	Plut_plut2.m8.801.m1
>DDB1-201_Prus_12780_t	2422	3567	Prus_12780_t
>DDB1-201_Pver_TRINITY_DN6060_c0_g1_i1	150	3722	Pver_TRINITY_DN6060_c0_g1_i1
>DDB1-201_Spis_Stylophora_pistillata_18782	10	3582	Spis_Stylophora_pistillata_18782
>DTX3L-201_Adig_Acropora_digitifera_1512	304	840	Adig_Acropora_digitifera_1512
>DTX3L-201_Amil_Acropora_millepora_4707	2137	2700	Amil_Acropora_millepora_4707
>DTX3L-201_Apal_XM_021039951.1	1782	2435	Apal_XM_021039951.1
>DTX3L-201_Apoc_chromosome_14.7215_1	2212	2778	Apoc_chromosome_14.7215_1
>DTX3L-201_Aque_XM_020006094.1	66	686	Aque_XM_020006094.1
>DTX3L-201_Cgig_G35270.1	2350	2937	Cgig_G35270.1
>DTX3L-201_Emue_Em0012g1063a.t1	4891	5502	Emue_Em0012g1063a.t1
>DTX3L-201_Gasp_gasp1.m3.16021.m1	247	825	Gasp_gasp1.m3.16021.m1
>DTX3L-201_Gfas_gfas1.m1.11694.m1	2257	2814	Gfas_gfas1.m1.11694.m1
>DTX3L-201_Mcap_g25343	1978	2583	Mcap_g25343
>DTX3L-201_Nvec_XM_001633573.2	2360	3172	Nvec_XM_001633573.2
>DTX3L-201_Pbac_AVPN01000061.1	79461	80042	Pbac_AVPN01000061.1
>DTX3L-201_Pdam_Pocillopora_damicornis_5002	97	672	Pdam_Pocillopora_damicornis_5002
>DTX3L-201_Plut_plut2.m8.32892.m1	760	1317	Plut_plut2.m8.32892.m1
>DTX3L-201_Prus_3172_t	3	686	Prus_3172_t
>DTX3L-201_Pver_TRINITY_DN30165_c0_g1_i2	2217	2795	Pver_TRINITY_DN30165_c0_g1_i2
>DTX3L-201_Spis_Stylophora_pistillata_8295	1951	2517	Spis_Stylophora_pistillata_8295
>HUWE1-202_Adig_Acropora_digitifera_3462	367	2859	Adig_Acropora_digitifera_3462
>HUWE1-202_Ahya_Acropora_hyacinthus_5062	55	783	Ahya_Acropora_hyacinthus_5062
>HUWE1-202_Amil_Acropora_millepora_176	1	5112	Amil_Acropora_millepora_176
>HUWE1-202_Apal_XM_028659878.1	335	6910	Apal_XM_028659878.1
>HUWE1-202_Apoc_chromosome_2.1925_1	1933	7248	Apoc_chromosome_2.1925_1
>HUWE1-202_Aque_XM_020000165.1	110	5635	Aque_XM_020000165.1
>HUWE1-202_Cgig_G30272.2	1	6783	Cgig_G30272.2
>HUWE1-202_Emue_Em0001g2389a.t1	10246	11820	Emue_Em0001g2389a.t1
>HUWE1-202_Gasp_gasp1.m3.26736.m1	4481	6037	Gasp_gasp1.m3.26736.m1
>HUWE1-202_Gfas_gfas1.m1.23244.m1	2518	4839	Gfas_gfas1.m1.23244.m1
>HUWE1-202_Hsal_ENA_GHBP01001096_GHBP01001096.1	438	1412	Hsal_ENA_GHBP01001096_GHBP01001096.1
>HUWE1-202_Kiwa_ENA_GBGI01002479_GBGI01002479.1	1439	2575	Kiwa_ENA_GBGI01002479_GBGI01002479.1
>HUWE1-202_Mcap_g20860	1	4311	Mcap_g20860
>HUWE1-202_Msqu_ENA_GHBR01001173_GHBR01001173.1	82	1080	Msqu_ENA_GHBR01001173_GHBR01001173.1
>HUWE1-202_Nvec_XM_032386194.1	388	7287	Nvec_XM_032386194.1
>HUWE1-202_Pbac_AVPN01003797.1	440	1276	Pbac_AVPN01003797.1
>HUWE1-202_Pdam_Pocillopora_damicornis_12078	16	1074	Pdam_Pocillopora_damicornis_12078
>HUWE1-202_Plut_plut2.m8.32831.m1	2086	7269	Plut_plut2.m8.32831.m1
>HUWE1-202_Prus_32165_t	2662	5655	Prus_32165_t
>HUWE1-202_Pver_TRINITY_DN2799_c0_g2_i1	2018	7303	Pver_TRINITY_DN2799_c0_g2_i1
>HUWE1-202_Spis_Stylophora_pistillata_3366	1708	4341	Spis_Stylophora_pistillata_3366
>RAG1-201_Ahya_Acropora_hyacinthus_7184	22	306	Ahya_Acropora_hyacinthus_7184
>RAG1-201_Apal_XM_021055876.2	28	642	Apal_XM_021055876.2
>RAG1-201_Apoc_chromosome_10.1007_1	31	759	Apoc_chromosome_10.1007_1
>RAG1-201_Aque_XM_011410132.1	13	309	Aque_XM_011410132.1
>RAG1-201_Cgig_G6779.2	91	408	Cgig_G6779.2
>RAG1-201_Emue_Em0016g8a.t1	2233	3093	Emue_Em0016g8a.t1
>RAG1-201_Gasp_gasp1.m3.24596.m1	28	1467	Gasp_gasp1.m3.24596.m1
>RAG1-201_Gfas_gfas1.m1.6640.m1	58	360	Gfas_gfas1.m1.6640.m1
>RAG1-201_Mcap_g68022	22	444	Mcap_g68022
>RAG1-201_Nvec_XM_032378693.1	1167	1904	Nvec_XM_032378693.1
>RAG1-201_Pdam_Pocillopora_damicornis_3750	22	549	Pdam_Pocillopora_damicornis_3750
>RAG1-201_Plut_plut2.m8.4356.m1	241	546	Plut_plut2.m8.4356.m1
>RAG1-201_Prus_9207_t	16	309	Prus_9207_t
>RAG1-201_Spis_Stylophora_pistillata_16224	22	549	Spis_Stylophora_pistillata_16224
>RNF168-201_Adig_Acropora_digitifera_6077	13	366	Adig_Acropora_digitifera_6077
>RNF168-201_Ahya_Acropora_hyacinthus_4180	508	636	Ahya_Acropora_hyacinthus_4180
>RNF168-201_Amil_Acropora_millepora_22989	13	366	Amil_Acropora_millepora_22989
>RNF168-201_Apal_XM_021046744.2	160	501	Apal_XM_021046744.2
>RNF168-201_Apoc_chromosome_5.2_1	1	291	Apoc_chromosome_5.2_1
>RNF168-201_Aque_XM_019993546.1	2131	2391	Aque_XM_019993546.1
>RNF168-201_Cgig_G25087.2	1363	1665	Cgig_G25087.2
>RNF168-201_Emue_Em0022g443a.t1	919	1206	Emue_Em0022g443a.t1
>RNF168-201_Gasp_gasp1.m3.6443.m1	69	353	Gasp_gasp1.m3.6443.m1
>RNF168-201_Gfas_gfas1.m1.8655.m1	337	672	Gfas_gfas1.m1.8655.m1
>RNF168-201_Mcap_g23833	76	456	Mcap_g23833
>RNF168-201_Nvec_XM_032382108.1	153	485	Nvec_XM_032382108.1
>RNF168-201_Pbac_AVPN01000238.1	8310	8471	Pbac_AVPN01000238.1
>RNF168-201_Pdam_Pocillopora_damicornis_13041	100	453	Pdam_Pocillopora_damicornis_13041
>RNF168-201_Plut_plut2.m8.19311.m1	121	456	Plut_plut2.m8.19311.m1
>RNF168-201_Prus_Prusg9622.t1	1339	1590	Prus_Prusg9622.t1
>RNF168-201_Pver_TRINITY_DN63042_c0_g1_i1	99	452	Pver_TRINITY_DN63042_c0_g1_i1
>RNF168-201_Spis_Stylophora_pistillata_10268	124	474	Spis_Stylophora_pistillata_10268
>RNF20-202_Adig_Acropora_digitifera_7867	25	1452	Adig_Acropora_digitifera_7867
>RNF20-202_Ahya_Acropora_hyacinthus_8087	1	498	Ahya_Acropora_hyacinthus_8087
>RNF20-202_Amil_Acropora_millepora_6310	25	1452	Amil_Acropora_millepora_6310
>RNF20-202_Apal_XM_021052685.2	1896	2903	Apal_XM_021052685.2
>RNF20-202_Apoc_chromosome_4.2320_1	1621	2628	Apoc_chromosome_4.2320_1
>RNF20-202_Aque_XM_003382695.3	1727	2689	Aque_XM_003382695.3
>RNF20-202_Cgig_G22064.3	169	1179	Cgig_G22064.3
>RNF20-202_Emue_Em0020g1096a.t1	1855	2682	Emue_Em0020g1096a.t1
>RNF20-202_Gasp_gasp1.m3.8729.m1	76	1512	Gasp_gasp1.m3.8729.m1
>RNF20-202_Gfas_gfas1.m1.254.m1	2323	3330	Gfas_gfas1.m1.254.m1
>RNF20-202_Hsal_ENA_GHBP01000610_GHBP01000610.1	1119	1607	Hsal_ENA_GHBP01000610_GHBP01000610.1
>RNF20-202_Kiwa_ENA_GBGI01005681_GBGI01005681.1	462	214	Kiwa_ENA_GBGI01005681_GBGI01005681.1
>RNF20-202_Mcap_g67792	7	1542	Mcap_g67792
>RNF20-202_Msqu_ENA_GHBR01001183_GHBR01001183.1	106	903	Msqu_ENA_GHBR01001183_GHBR01001183.1
>RNF20-202_Nvec_XM_032371771.1	835	1905	Nvec_XM_032371771.1
>RNF20-202_Pbac_AVPN01000766.1	1314	820	Pbac_AVPN01000766.1
>RNF20-202_Pdam_Pocillopora_damicornis_18291	451	1458	Pdam_Pocillopora_damicornis_18291
>RNF20-202_Plut_plut2.m8.53.m1	94	1551	Plut_plut2.m8.53.m1
>RNF20-202_Prus_34304_t	1876	2883	Prus_34304_t
>RNF20-202_Pver_TRINITY_DN3185_c0_g1_i2	138	1568	Pver_TRINITY_DN3185_c0_g1_i2
>RNF20-202_Spis_Stylophora_pistillata_7722	10	1587	Spis_Stylophora_pistillata_7722
>RNF40-201_Adig_Acropora_digitifera_7867	4	1470	Adig_Acropora_digitifera_7867
>RNF40-201_Ahya_Acropora_hyacinthus_8087	1	498	Ahya_Acropora_hyacinthus_8087
>RNF40-201_Amil_Acropora_millepora_6310	4	1470	Amil_Acropora_millepora_6310
>RNF40-201_Apal_XM_021052685.2	1845	2903	Apal_XM_021052685.2
>RNF40-201_Apoc_chromosome_4.2320_1	1	1422	Apoc_chromosome_4.2320_1
>RNF40-201_Aque_XM_003382695.3	1694	2689	Aque_XM_003382695.3
>RNF40-201_Cgig_G22064.2	853	3000	Cgig_G22064.2
>RNF40-201_Emue_Em0020g1096a.t1	1834	2682	Emue_Em0020g1096a.t1
>RNF40-201_Gasp_gasp1.m3.8729.m1	76	1560	Gasp_gasp1.m3.8729.m1
>RNF40-201_Gfas_gfas1.m1.254.m1	628	2100	Gfas_gfas1.m1.254.m1
>RNF40-201_Hsal_ENA_GHBP01000610_GHBP01000610.1	972	1607	Hsal_ENA_GHBP01000610_GHBP01000610.1
>RNF40-201_Kiwa_ENA_GBGI01005681_GBGI01005681.1	1089	214	Kiwa_ENA_GBGI01005681_GBGI01005681.1
>RNF40-201_Mcap_g67792	7	1485	Mcap_g67792
>RNF40-201_Msqu_ENA_GHBR01001183_GHBR01001183.1	106	903	Msqu_ENA_GHBR01001183_GHBR01001183.1
>RNF40-201_Nvec_XM_032371771.1	43	1905	Nvec_XM_032371771.1
>RNF40-201_Pbac_AVPN01000766.1	5232	4987	Pbac_AVPN01000766.1
>RNF40-201_Pdam_Pocillopora_damicornis_18291	412	1458	Pdam_Pocillopora_damicornis_18291
>RNF40-201_Plut_plut2.m8.53.m1	1708	2718	Plut_plut2.m8.53.m1
>RNF40-201_Prus_34304_t	1837	2883	Prus_34304_t
>RNF40-201_Pver_TRINITY_DN3185_c0_g1_i2	120	2741	Pver_TRINITY_DN3185_c0_g1_i2
>RNF40-201_Spis_Stylophora_pistillata_7722	4	1470	Spis_Stylophora_pistillata_7722
>RNF8-202_Adig_Acropora_digitifera_13317	103	357	Adig_Acropora_digitifera_13317
>RNF8-202_Ahya_Acropora_hyacinthus_4181	76	330	Ahya_Acropora_hyacinthus_4181
>RNF8-202_Amil_Acropora_millepora_9514	76	330	Amil_Acropora_millepora_9514
>RNF8-202_Apal_XM_021036662.2	30	350	Apal_XM_021036662.2
>RNF8-202_Apoc_chromosome_11.2243_1	1111	1365	Apoc_chromosome_11.2243_1
>RNF8-202_Aque_XM_019996455.1	118	333	Aque_XM_019996455.1
>RNF8-202_Cgig_G11572.3	1132	1407	Cgig_G11572.3
>RNF8-202_Emue_Em0022g443a.t1	949	1218	Emue_Em0022g443a.t1
>RNF8-202_Gasp_gasp1.m3.12901.m1	898	1152	Gasp_gasp1.m3.12901.m1
>RNF8-202_Gfas_gfas1.m1.19321.m1	173	433	Gfas_gfas1.m1.19321.m1
>RNF8-202_Hsal_ENA_GHBP01024340_GHBP01024340.1	183	353	Hsal_ENA_GHBP01024340_GHBP01024340.1
>RNF8-202_Kiwa_ENA_GBGI01021763_GBGI01021763.1	1553	1708	Kiwa_ENA_GBGI01021763_GBGI01021763.1
>RNF8-202_Mcap_g25303	76	330	Mcap_g25303
>RNF8-202_Msqu_ENA_GHBR01004488_GHBR01004488.1	385	218	Msqu_ENA_GHBR01004488_GHBR01004488.1
>RNF8-202_Nvec_XM_032361821.1	1026	1307	Nvec_XM_032361821.1
>RNF8-202_Pbac_AVPN01003810.1	1554	1411	Pbac_AVPN01003810.1
>RNF8-202_Pdam_Pocillopora_damicornis_6923	646	900	Pdam_Pocillopora_damicornis_6923
>RNF8-202_Plut_plut2.m8.20251.m1	73	384	Plut_plut2.m8.20251.m1
>RNF8-202_Prus_Prusg12574.t1	802	1068	Prus_Prusg12574.t1
>RNF8-202_Pver_TRINITY_DN2927_c0_g1_i1	55	336	Pver_TRINITY_DN2927_c0_g1_i1
>RNF8-202_Spis_Stylophora_pistillata_4785	1093	1347	Spis_Stylophora_pistillata_4785
>TOM1-209_Adig_Acropora_digitifera_16444	19	921	Adig_Acropora_digitifera_16444
>TOM1-209_Ahya_Acropora_hyacinthus_6342	19	432	Ahya_Acropora_hyacinthus_6342
>TOM1-209_Amil_Acropora_millepora_10264	16	912	Amil_Acropora_millepora_10264
>TOM1-209_Apal_XM_021043498.2	35	1618	Apal_XM_021043498.2
>TOM1-209_Apoc_chromosome_5.1023.1.5f15e3f9_1	16	1536	Apoc_chromosome_5.1023.1.5f15e3f9_1
>TOM1-209_Aque_XM_019997865.1	35	1561	Aque_XM_019997865.1
>TOM1-209_Cgig_G3151.4	13	1560	Cgig_G3151.4
>TOM1-209_Emue_Em0020g1053a.t1	1	1503	Emue_Em0020g1053a.t1
>TOM1-209_Gasp_gasp1.m3.24195.m1	1	921	Gasp_gasp1.m3.24195.m1
>TOM1-209_Gfas_gfas1.m1.4780.m1	42	1421	Gfas_gfas1.m1.4780.m1
>TOM1-209_Mcap_g54981	1	903	Mcap_g54981
>TOM1-209_Nvec_XM_032384128.1	44	1591	Nvec_XM_032384128.1
>TOM1-209_Pbac_AVPN01000070.1	56885	57400	Pbac_AVPN01000070.1
>TOM1-209_Pdam_Pocillopora_damicornis_8354	367	747	Pdam_Pocillopora_damicornis_8354
>TOM1-209_Plut_plut2.m8.16990.m1	64	1104	Plut_plut2.m8.16990.m1
>TOM1-209_Prus_7702_t	1	816	Prus_7702_t
>TOM1-209_Pver_TRINITY_DN24496_c0_g1_i1	13	1587	Pver_TRINITY_DN24496_c0_g1_i1
>TOM1-209_Spis_Stylophora_pistillata_12243	4	900	Spis_Stylophora_pistillata_12243
>TRIM37-201_Adig_Acropora_digitifera_5035	1	1347	Adig_Acropora_digitifera_5035
>TRIM37-201_Amil_Acropora_millepora_4847	1	1341	Amil_Acropora_millepora_4847
>TRIM37-201_Apal_XM_021057242.2	100	1440	Apal_XM_021057242.2
>TRIM37-201_Apoc_chromosome_4.1219_1	67	1299	Apoc_chromosome_4.1219_1
>TRIM37-201_Aque_XM_019998427.1	7	1176	Aque_XM_019998427.1
>TRIM37-201_Cgig_G23108.3	34	1710	Cgig_G23108.3
>TRIM37-201_Emue_Em0015g1217a.t1	25	1323	Emue_Em0015g1217a.t1
>TRIM37-201_Gasp_gasp1.m3.14105.m1	1	756	Gasp_gasp1.m3.14105.m1
>TRIM37-201_Gfas_gfas1.m1.19290.m1	116	1498	Gfas_gfas1.m1.19290.m1
>TRIM37-201_Mcap_g60806	154	1485	Mcap_g60806
>TRIM37-201_Nvec_XM_001636152.2	113	1471	Nvec_XM_001636152.2
>TRIM37-201_Pbac_AVPN01000083.1	33541	34083	Pbac_AVPN01000083.1
>TRIM37-201_Plut_plut2.m8.6529.m1	139	1491	Plut_plut2.m8.6529.m1
>TRIM37-201_Prus_23648_t	166	1467	Prus_23648_t
>TRIM37-201_Pver_TRINITY_DN12817_c0_g1_i2	110	1477	Pver_TRINITY_DN12817_c0_g1_i2
>TRIM37-201_Spis_Stylophora_pistillata_19451	133	1194	Spis_Stylophora_pistillata_19451
>UBA1-201_Adig_Acropora_digitifera_12168	28	3180	Adig_Acropora_digitifera_12168
>UBA1-201_Ahya_Acropora_hyacinthus_5437	1	771	Ahya_Acropora_hyacinthus_5437
>UBA1-201_Amil_Acropora_millepora_5889	1	3045	Amil_Acropora_millepora_5889
>UBA1-201_Apal_XM_021056062.2	201	3356	Apal_XM_021056062.2
>UBA1-201_Apoc_chromosome_6.15_1	28	3177	Apoc_chromosome_6.15_1
>UBA1-201_Aque_XM_019995080.1	260	3373	Aque_XM_019995080.1
>UBA1-201_Cgig_G29533.7	19	3147	Cgig_G29533.7
>UBA1-201_Emue_Em0014g12a.t1	100	3141	Emue_Em0014g12a.t1
>UBA1-201_Gasp_gasp1.m3.16500.m1	1	2997	Gasp_gasp1.m3.16500.m1
>UBA1-201_Gfas_gfas1.m1.10067.m1	322	3273	Gfas_gfas1.m1.10067.m1
>UBA1-201_Hsal_ENA_GHBP01000353_GHBP01000353.1	243	1895	Hsal_ENA_GHBP01000353_GHBP01000353.1
>UBA1-201_Kiwa_ENA_GBGI01003065_GBGI01003065.1	277	3402	Kiwa_ENA_GBGI01003065_GBGI01003065.1
>UBA1-201_Mcap_g53744	7	3075	Mcap_g53744
>UBA1-201_Msqu_ENA_GHBR01000100_GHBR01000100.1	6	1931	Msqu_ENA_GHBR01000100_GHBR01000100.1
>UBA1-201_Nvec_XM_032372874.1	222	3389	Nvec_XM_032372874.1
>UBA1-201_Pbac_AVPN01007589.1	1532	2299	Pbac_AVPN01007589.1
>UBA1-201_Pdam_Pocillopora_damicornis_15420	1	1437	Pdam_Pocillopora_damicornis_15420
>UBA1-201_Plut_plut2.m8.18367.m1	196	3378	Plut_plut2.m8.18367.m1
>UBA1-201_Prus_5661_t	160	1629	Prus_5661_t
>UBA1-201_Pver_TRINITY_DN4099_c0_g1_i1	211	3453	Pver_TRINITY_DN4099_c0_g1_i1
>UBA1-201_Spis_Stylophora_pistillata_14183	40	2571	Spis_Stylophora_pistillata_14183
>UBA2-201_Adig_Acropora_digitifera_13612	100	1890	Adig_Acropora_digitifera_13612
>UBA2-201_Ahya_Acropora_hyacinthus_446	1	369	Ahya_Acropora_hyacinthus_446
>UBA2-201_Amil_Acropora_millepora_6246	91	1881	Amil_Acropora_millepora_6246
>UBA2-201_Apal_XM_021061184.2	145	1911	Apal_XM_021061184.2
>UBA2-201_Apoc_chromosome_14.5804_1	112	1791	Apoc_chromosome_14.5804_1
>UBA2-201_Aque_XM_011404480.2	90	1592	Aque_XM_011404480.2
>UBA2-201_Cgig_G21122.6	91	1845	Cgig_G21122.6
>UBA2-201_Emue_Em0508g10a.t1	10	1209	Emue_Em0508g10a.t1
>UBA2-201_Gasp_gasp1.m3.28358.m1	189	1976	Gasp_gasp1.m3.28358.m1
>UBA2-201_Gfas_gfas1.m1.8222.m1	132	1748	Gfas_gfas1.m1.8222.m1
>UBA2-201_Hsal_ENA_GHBP01003928_GHBP01003928.1	73	903	Hsal_ENA_GHBP01003928_GHBP01003928.1
>UBA2-201_Kiwa_ENA_GBGI01004377_GBGI01004377.1	64	1539	Kiwa_ENA_GBGI01004377_GBGI01004377.1
>UBA2-201_Mcap_g53744	1339	2367	Mcap_g53744
>UBA2-201_Msqu_ENA_GHBR01000332_GHBR01000332.1	5	1294	Msqu_ENA_GHBR01000332_GHBR01000332.1
>UBA2-201_Nvec_XM_032363232.1	139	1902	Nvec_XM_032363232.1
>UBA2-201_Pbac_AVPN01002086.1	11497	12561	Pbac_AVPN01002086.1
>UBA2-201_Pdam_Pocillopora_damicornis_4111	163	1182	Pdam_Pocillopora_damicornis_4111
>UBA2-201_Plut_plut2.m8.24507.m1	119	1900	Plut_plut2.m8.24507.m1
>UBA2-201_Prus_5661_t	907	1446	Prus_5661_t
>UBA2-201_Pver_TRINITY_DN8439_c0_g1_i1	122	1153	Pver_TRINITY_DN8439_c0_g1_i1
>UBA2-201_Spis_Stylophora_pistillata_15947	1	492	Spis_Stylophora_pistillata_15947
>UBA3-202_Adig_Acropora_digitifera_7369	112	1371	Adig_Acropora_digitifera_7369
>UBA3-202_Ahya_Acropora_hyacinthus_7428	1	378	Ahya_Acropora_hyacinthus_7428
>UBA3-202_Amil_Acropora_millepora_17553	88	1296	Amil_Acropora_millepora_17553
>UBA3-202_Apal_XM_021056430.2	7	969	Apal_XM_021056430.2
>UBA3-202_Apoc_chromosome_14.7283_1	55	1356	Apoc_chromosome_14.7283_1
>UBA3-202_Aque_XM_011405582.2	139	1422	Aque_XM_011405582.2
>UBA3-202_Cgig_G31265.14	4	1296	Cgig_G31265.14
>UBA3-202_Emue_Em0012g466a.t1	205	951	Emue_Em0012g466a.t1
>UBA3-202_Gasp_gasp1.m3.12490.m1	22	1326	Gasp_gasp1.m3.12490.m1
>UBA3-202_Gfas_gfas1.m1.5301.m1	123	1337	Gfas_gfas1.m1.5301.m1
>UBA3-202_Hsal_ENA_GHBP01003928_GHBP01003928.1	40	459	Hsal_ENA_GHBP01003928_GHBP01003928.1
>UBA3-202_Kiwa_ENA_GBGI01010575_GBGI01010575.1	28	1296	Kiwa_ENA_GBGI01010575_GBGI01010575.1
>UBA3-202_Mcap_g5209	64	1359	Mcap_g5209
>UBA3-202_Msqu_ENA_GHBR01000100_GHBR01000100.1	450	1052	Msqu_ENA_GHBR01000100_GHBR01000100.1
>UBA3-202_Nvec_XM_001633634.2	150	1454	Nvec_XM_001633634.2
>UBA3-202_Pbac_AVPN01001746.1	10507	9722	Pbac_AVPN01001746.1
>UBA3-202_Pdam_Pocillopora_damicornis_1383	1	1092	Pdam_Pocillopora_damicornis_1383
>UBA3-202_Plut_plut2.m8.5834.m1	67	969	Plut_plut2.m8.5834.m1
>UBA3-202_Prus_1351_t	55	903	Prus_1351_t
>UBA3-202_Pver_TRINITY_DN2620_c0_g2_i2	1037	1813	Pver_TRINITY_DN2620_c0_g2_i2
>UBA3-202_Spis_Stylophora_pistillata_15559	1399	1971	Spis_Stylophora_pistillata_15559
>UBA5-202_Adig_Acropora_digitifera_5485	79	1209	Adig_Acropora_digitifera_5485
>UBA5-202_Ahya_Acropora_hyacinthus_678	4	354	Ahya_Acropora_hyacinthus_678
>UBA5-202_Amil_Acropora_millepora_17128	100	1230	Amil_Acropora_millepora_17128
>UBA5-202_Apal_XM_028662073.1	122	1327	Apal_XM_028662073.1
>UBA5-202_Apoc_chromosome_1.373_1	1	1206	Apoc_chromosome_1.373_1
>UBA5-202_Aque_XM_019993403.1	59	964	Aque_XM_019993403.1
>UBA5-202_Cgig_G25344.7	10	1185	Cgig_G25344.7
>UBA5-202_Emue_Em0012g285a.t1	1	1185	Emue_Em0012g285a.t1
>UBA5-202_Gasp_gasp1.m3.2867.m1	107	1321	Gasp_gasp1.m3.2867.m1
>UBA5-202_Gfas_gfas1.m1.15887.m1	1066	2070	Gfas_gfas1.m1.15887.m1
>UBA5-202_Hsal_ENA_GHBP01003374_GHBP01003374.1	49	918	Hsal_ENA_GHBP01003374_GHBP01003374.1
>UBA5-202_Kiwa_ENA_GBGI01004376_GBGI01004376.1	16	465	Kiwa_ENA_GBGI01004376_GBGI01004376.1
>UBA5-202_Mcap_g32231	1	1212	Mcap_g32231
>UBA5-202_Msqu_ENA_GHBR01001583_GHBR01001583.1	2	586	Msqu_ENA_GHBR01001583_GHBR01001583.1
>UBA5-202_Nvec_XM_032377603.1	148	1359	Nvec_XM_032377603.1
>UBA5-202_Pbac_AVPN01001728.1	18303	18764	Pbac_AVPN01001728.1
>UBA5-202_Pdam_Pocillopora_damicornis_15889	10	492	Pdam_Pocillopora_damicornis_15889
>UBA5-202_Plut_plut2.m8.3060.m1	406	1542	Plut_plut2.m8.3060.m1
>UBA5-202_Prus_25661_t	1	1074	Prus_25661_t
>UBA5-202_Pver_TRINITY_DN7429_c0_g1_i1	107	1318	Pver_TRINITY_DN7429_c0_g1_i1
>UBA5-202_Spis_Stylophora_pistillata_13885	493	873	Spis_Stylophora_pistillata_13885
>UBA6-201_Adig_Acropora_digitifera_12168	79	3177	Adig_Acropora_digitifera_12168
>UBA6-201_Ahya_Acropora_hyacinthus_5437	1	765	Ahya_Acropora_hyacinthus_5437
>UBA6-201_Amil_Acropora_millepora_5889	4	3051	Amil_Acropora_millepora_5889
>UBA6-201_Apal_XM_021060381.2	65	3118	Apal_XM_021060381.2
>UBA6-201_Apoc_chromosome_6.15_1	142	3174	Apoc_chromosome_6.15_1
>UBA6-201_Aque_XM_019995080.1	335	3370	Aque_XM_019995080.1
>UBA6-201_Cgig_G10152.4	1	2958	Cgig_G10152.4
>UBA6-201_Emue_Em0014g12a.t1	100	3138	Emue_Em0014g12a.t1
>UBA6-201_Gasp_gasp1.m3.16500.m1	1	2994	Gasp_gasp1.m3.16500.m1
>UBA6-201_Gfas_gfas1.m1.10067.m1	349	3279	Gfas_gfas1.m1.10067.m1
>UBA6-201_Hsal_ENA_GHBP01000353_GHBP01000353.1	276	1892	Hsal_ENA_GHBP01000353_GHBP01000353.1
>UBA6-201_Kiwa_ENA_GBGI01003065_GBGI01003065.1	298	3411	Kiwa_ENA_GBGI01003065_GBGI01003065.1
>UBA6-201_Mcap_g53744	46	3072	Mcap_g53744
>UBA6-201_Msqu_ENA_GHBR01000100_GHBR01000100.1	6	1934	Msqu_ENA_GHBR01000100_GHBR01000100.1
>UBA6-201_Nvec_XM_032379499.1	162	3206	Nvec_XM_032379499.1
>UBA6-201_Pbac_AVPN01001746.1	10429	9848	Pbac_AVPN01001746.1
>UBA6-201_Pdam_Pocillopora_damicornis_15420	4	1434	Pdam_Pocillopora_damicornis_15420
>UBA6-201_Plut_plut2.m8.18367.m1	223	3375	Plut_plut2.m8.18367.m1
>UBA6-201_Prus_5661_t	163	1638	Prus_5661_t
>UBA6-201_Pver_TRINITY_DN4099_c0_g1_i1	319	3450	Pver_TRINITY_DN4099_c0_g1_i1
>UBA6-201_Spis_Stylophora_pistillata_14183	106	2571	Spis_Stylophora_pistillata_14183
>UBA7-201_Adig_Acropora_digitifera_12168	157	3171	Adig_Acropora_digitifera_12168
>UBA7-201_Ahya_Acropora_hyacinthus_5437	1	756	Ahya_Acropora_hyacinthus_5437
>UBA7-201_Amil_Acropora_millepora_5889	28	3045	Amil_Acropora_millepora_5889
>UBA7-201_Apal_XM_021056062.2	339	3353	Apal_XM_021056062.2
>UBA7-201_Apoc_chromosome_6.15_1	148	3174	Apoc_chromosome_6.15_1
>UBA7-201_Aque_XM_020002728.1	166	3069	Aque_XM_020002728.1
>UBA7-201_Cgig_G29533.3	124	3147	Cgig_G29533.3
>UBA7-201_Emue_Em0014g12a.t1	103	3132	Emue_Em0014g12a.t1
>UBA7-201_Gasp_gasp1.m3.16500.m1	1	2994	Gasp_gasp1.m3.16500.m1
>UBA7-201_Gfas_gfas1.m1.10067.m1	373	3273	Gfas_gfas1.m1.10067.m1
>UBA7-201_Hsal_ENA_GHBP01000353_GHBP01000353.1	279	1895	Hsal_ENA_GHBP01000353_GHBP01000353.1
>UBA7-201_Kiwa_ENA_GBGI01003065_GBGI01003065.1	316	3399	Kiwa_ENA_GBGI01003065_GBGI01003065.1
>UBA7-201_Mcap_g53744	52	3066	Mcap_g53744
>UBA7-201_Msqu_ENA_GHBR01000100_GHBR01000100.1	6	1328	Msqu_ENA_GHBR01000100_GHBR01000100.1
>UBA7-201_Nvec_XM_032379499.1	168	3203	Nvec_XM_032379499.1
>UBA7-201_Pbac_AVPN01009984.1	1241	1807	Pbac_AVPN01009984.1
>UBA7-201_Pdam_Pocillopora_damicornis_15420	4	1434	Pdam_Pocillopora_damicornis_15420
>UBA7-201_Plut_plut2.m8.18367.m1	325	3375	Plut_plut2.m8.18367.m1
>UBA7-201_Prus_5661_t	160	1593	Prus_5661_t
>UBA7-201_Pver_TRINITY_DN4099_c0_g1_i1	307	2526	Pver_TRINITY_DN4099_c0_g1_i1
>UBA7-201_Spis_Stylophora_pistillata_14183	145	2361	Spis_Stylophora_pistillata_14183
>UBE2A-202_Adig_Acropora_digitifera_2535	1	486	Adig_Acropora_digitifera_2535
>UBE2A-202_Ahya_Acropora_hyacinthus_6695	25	516	Ahya_Acropora_hyacinthus_6695
>UBE2A-202_Amil_Acropora_millepora_8808	55	540	Amil_Acropora_millepora_8808
>UBE2A-202_Apal_XM_021050267.2	109	594	Apal_XM_021050267.2
>UBE2A-202_Apoc_chromosome_1.415_1	1	486	Apoc_chromosome_1.415_1
>UBE2A-202_Aque_XM_003389674.3	46	519	Aque_XM_003389674.3
>UBE2A-202_Cgig_G26470.6	1	447	Cgig_G26470.6
>UBE2A-202_Emue_Em0021g879a.t1	1	486	Emue_Em0021g879a.t1
>UBE2A-202_Gasp_gasp1.m3.15067.m1	114	599	Gasp_gasp1.m3.15067.m1
>UBE2A-202_Gfas_gfas1.m1.2073.m1	91	537	Gfas_gfas1.m1.2073.m1
>UBE2A-202_Hsal_ENA_GHBP01004399_GHBP01004399.1	238	732	Hsal_ENA_GHBP01004399_GHBP01004399.1
>UBE2A-202_Kiwa_ENA_GBGI01001584_GBGI01001584.1	75	581	Kiwa_ENA_GBGI01001584_GBGI01001584.1
>UBE2A-202_Mcap_g31917	1	486	Mcap_g31917
>UBE2A-202_Msqu_ENA_GHBR01003091_GHBR01003091.1	160	645	Msqu_ENA_GHBR01003091_GHBR01003091.1
>UBE2A-202_Nvec_XR_004290999.1	125	610	Nvec_XR_004290999.1
>UBE2A-202_Pbac_AVPN01000502.1	4282	3839	Pbac_AVPN01000502.1
>UBE2A-202_Pdam_Pocillopora_damicornis_2080	25	486	Pdam_Pocillopora_damicornis_2080
>UBE2A-202_Plut_plut2.m8.5532.m1	80	526	Plut_plut2.m8.5532.m1
>UBE2A-202_Prus_28438_t	1	507	Prus_28438_t
>UBE2A-202_Pver_TRINITY_DN27707_c0_g1_i1	77	526	Pver_TRINITY_DN27707_c0_g1_i1
>UBE2A-202_Spis_Stylophora_pistillata_12258	25	516	Spis_Stylophora_pistillata_12258
>UBE2D1-201_Adig_Acropora_digitifera_12725	1	441	Adig_Acropora_digitifera_12725
>UBE2D1-201_Ahya_Acropora_hyacinthus_4955	10	453	Ahya_Acropora_hyacinthus_4955
>UBE2D1-201_Amil_Acropora_millepora_20286	1	441	Amil_Acropora_millepora_20286
>UBE2D1-201_Apal_XM_021037089.2	125	565	Apal_XM_021037089.2
>UBE2D1-201_Apoc_chromosome_12.2494_1	1	441	Apoc_chromosome_12.2494_1
>UBE2D1-201_Aque_XM_003384405.3	107	547	Aque_XM_003384405.3
>UBE2D1-201_Cgig_G474.13	1	441	Cgig_G474.13
>UBE2D1-201_Emue_Em0010g1016a.t1	1	441	Emue_Em0010g1016a.t1
>UBE2D1-201_Gasp_gasp1.m3.18410.m1	345	779	Gasp_gasp1.m3.18410.m1
>UBE2D1-201_Gfas_gfas1.m1.1506.m1	146	571	Gfas_gfas1.m1.1506.m1
>UBE2D1-201_Hsal_ENA_GHBP01010781_GHBP01010781.1	38	469	Hsal_ENA_GHBP01010781_GHBP01010781.1
>UBE2D1-201_Kiwa_ENA_GBGI01021772_GBGI01021772.1	693	220	Kiwa_ENA_GBGI01021772_GBGI01021772.1
>UBE2D1-201_Mcap_g1833	1	441	Mcap_g1833
>UBE2D1-201_Msqu_ENA_GHBR01001891_GHBR01001891.1	260	667	Msqu_ENA_GHBR01001891_GHBR01001891.1
>UBE2D1-201_Nvec_XM_032385388.1	134	574	Nvec_XM_032385388.1
>UBE2D1-201_Pbac_AVPN01000081.1	1032	1490	Pbac_AVPN01000081.1
>UBE2D1-201_Pdam_Pocillopora_damicornis_81	1	441	Pdam_Pocillopora_damicornis_81
>UBE2D1-201_Plut_plut2.m8.2436.m1	267	701	Plut_plut2.m8.2436.m1
>UBE2D1-201_Prus_3118_t	127	561	Prus_3118_t
>UBE2D1-201_Pver_TRINITY_DN15389_c0_g2_i2	122	562	Pver_TRINITY_DN15389_c0_g2_i2
>UBE2D1-201_Spis_Stylophora_pistillata_13852	19	456	Spis_Stylophora_pistillata_13852
>UBE2D2-202_Adig_Acropora_digitifera_12725	1	441	Adig_Acropora_digitifera_12725
>UBE2D2-202_Ahya_Acropora_hyacinthus_4955	10	453	Ahya_Acropora_hyacinthus_4955
>UBE2D2-202_Amil_Acropora_millepora_20286	1	441	Amil_Acropora_millepora_20286
>UBE2D2-202_Apal_XM_021037089.2	125	565	Apal_XM_021037089.2
>UBE2D2-202_Apoc_chromosome_12.2494_1	1	441	Apoc_chromosome_12.2494_1
>UBE2D2-202_Aque_XM_003384405.3	107	547	Aque_XM_003384405.3
>UBE2D2-202_Cgig_G474.13	1	441	Cgig_G474.13
>UBE2D2-202_Emue_Em0010g1016a.t1	1	441	Emue_Em0010g1016a.t1
>UBE2D2-202_Gasp_gasp1.m3.18413.m1	775	1209	Gasp_gasp1.m3.18413.m1
>UBE2D2-202_Gfas_gfas1.m1.1506.m1	146	571	Gfas_gfas1.m1.1506.m1
>UBE2D2-202_Hsal_ENA_GHBP01010781_GHBP01010781.1	38	469	Hsal_ENA_GHBP01010781_GHBP01010781.1
>UBE2D2-202_Kiwa_ENA_GBGI01021772_GBGI01021772.1	693	220	Kiwa_ENA_GBGI01021772_GBGI01021772.1
>UBE2D2-202_Mcap_g1833	1	441	Mcap_g1833
>UBE2D2-202_Msqu_ENA_GHBR01001891_GHBR01001891.1	260	721	Msqu_ENA_GHBR01001891_GHBR01001891.1
>UBE2D2-202_Nvec_XM_032385388.1	134	574	Nvec_XM_032385388.1
>UBE2D2-202_Pbac_AVPN01000081.1	1032	1490	Pbac_AVPN01000081.1
>UBE2D2-202_Pdam_Pocillopora_damicornis_81	1	441	Pdam_Pocillopora_damicornis_81
>UBE2D2-202_Plut_plut2.m8.2436.m1	267	701	Plut_plut2.m8.2436.m1
>UBE2D2-202_Prus_3118_t	127	561	Prus_3118_t
>UBE2D2-202_Pver_TRINITY_DN15389_c0_g2_i2	122	562	Pver_TRINITY_DN15389_c0_g2_i2
>UBE2D2-202_Spis_Stylophora_pistillata_13852	19	456	Spis_Stylophora_pistillata_13852
>UBE2D3-210_Adig_Acropora_digitifera_12725	1	441	Adig_Acropora_digitifera_12725
>UBE2D3-210_Ahya_Acropora_hyacinthus_4955	10	453	Ahya_Acropora_hyacinthus_4955
>UBE2D3-210_Amil_Acropora_millepora_20286	1	441	Amil_Acropora_millepora_20286
>UBE2D3-210_Apal_XM_021037089.2	125	565	Apal_XM_021037089.2
>UBE2D3-210_Apoc_chromosome_12.2494_1	1	441	Apoc_chromosome_12.2494_1
>UBE2D3-210_Aque_XM_003384405.3	107	547	Aque_XM_003384405.3
>UBE2D3-210_Cgig_G474.13	1	441	Cgig_G474.13
>UBE2D3-210_Emue_Em0010g1016a.t1	1	441	Emue_Em0010g1016a.t1
>UBE2D3-210_Gasp_gasp1.m3.18413.m1	775	1209	Gasp_gasp1.m3.18413.m1
>UBE2D3-210_Gfas_gfas1.m1.1506.m1	146	571	Gfas_gfas1.m1.1506.m1
>UBE2D3-210_Hsal_ENA_GHBP01010781_GHBP01010781.1	38	445	Hsal_ENA_GHBP01010781_GHBP01010781.1
>UBE2D3-210_Kiwa_ENA_GBGI01021772_GBGI01021772.1	693	220	Kiwa_ENA_GBGI01021772_GBGI01021772.1
>UBE2D3-210_Mcap_g1833	1	441	Mcap_g1833
>UBE2D3-210_Msqu_ENA_GHBR01001891_GHBR01001891.1	260	664	Msqu_ENA_GHBR01001891_GHBR01001891.1
>UBE2D3-210_Nvec_XM_032385388.1	134	574	Nvec_XM_032385388.1
>UBE2D3-210_Pbac_AVPN01000081.1	1032	1490	Pbac_AVPN01000081.1
>UBE2D3-210_Pdam_Pocillopora_damicornis_81	1	441	Pdam_Pocillopora_damicornis_81
>UBE2D3-210_Plut_plut2.m8.2436.m1	267	701	Plut_plut2.m8.2436.m1
>UBE2D3-210_Prus_3118_t	127	561	Prus_3118_t
>UBE2D3-210_Pver_TRINITY_DN15389_c0_g2_i2	122	562	Pver_TRINITY_DN15389_c0_g2_i2
>UBE2D3-210_Spis_Stylophora_pistillata_13852	19	456	Spis_Stylophora_pistillata_13852
>UBE2V1-203_Adig_Acropora_digitifera_4514	61	483	Adig_Acropora_digitifera_4514
>UBE2V1-203_Ahya_Acropora_hyacinthus_4229	55	465	Ahya_Acropora_hyacinthus_4229
>UBE2V1-203_Amil_Acropora_millepora_8255	28	438	Amil_Acropora_millepora_8255
>UBE2V1-203_Apal_XM_021052117.2	35	454	Apal_XM_021052117.2
>UBE2V1-203_Apoc_chromosome_14.5261_1	4	417	Apoc_chromosome_14.5261_1
>UBE2V1-203_Aque_XM_011404905.2	32	436	Aque_XM_011404905.2
>UBE2V1-203_Cgig_G20843.7	1	432	Cgig_G20843.7
>UBE2V1-203_Emue_Em0018g510a.t1	16	414	Emue_Em0018g510a.t1
>UBE2V1-203_Gasp_gasp1.m3.1565.m1	31	399	Gasp_gasp1.m3.1565.m1
>UBE2V1-203_Gfas_gfas1.m1.13371.m1	229	411	Gfas_gfas1.m1.13371.m1
>UBE2V1-203_Hsal_ENA_GHBP01010781_GHBP01010781.1	47	364	Hsal_ENA_GHBP01010781_GHBP01010781.1
>UBE2V1-203_Kiwa_ENA_GBGI01021888_GBGI01021888.1	579	190	Kiwa_ENA_GBGI01021888_GBGI01021888.1
>UBE2V1-203_Mcap_g55310	4	414	Mcap_g55310
>UBE2V1-203_Msqu_ENA_GHBR01005706_GHBR01005706.1	116	496	Msqu_ENA_GHBR01005706_GHBR01005706.1
>UBE2V1-203_Nvec_XM_001622471.2	74	496	Nvec_XM_001622471.2
>UBE2V1-203_Pbac_AVPN01006314.1	1190	1053	Pbac_AVPN01006314.1
>UBE2V1-203_Pdam_Pocillopora_damicornis_24024	34	450	Pdam_Pocillopora_damicornis_24024
>UBE2V1-203_Plut_plut2.m8.813.m1	224	628	Plut_plut2.m8.813.m1
>UBE2V1-203_Prus_Prusg3783.t1	52	195	Prus_Prusg3783.t1
>UBE2V1-203_Pver_TRINITY_DN31588_c0_g1_i1	251	667	Pver_TRINITY_DN31588_c0_g1_i1
>UBE2V1-203_Spis_Stylophora_pistillata_15008	4	258	Spis_Stylophora_pistillata_15008
>UBE2Z-201_Adig_Acropora_digitifera_5106	46	780	Adig_Acropora_digitifera_5106
>UBE2Z-201_Ahya_Acropora_hyacinthus_4999	55	606	Ahya_Acropora_hyacinthus_4999
>UBE2Z-201_Amil_Acropora_millepora_3450	49	783	Amil_Acropora_millepora_3450
>UBE2Z-201_Apal_XM_021040484.2	56	805	Apal_XM_021040484.2
>UBE2Z-201_Apoc_chromosome_9.224.1.5f15e7fa_1	67	831	Apoc_chromosome_9.224.1.5f15e7fa_1
>UBE2Z-201_Aque_XM_003390436.3	192	896	Aque_XM_003390436.3
>UBE2Z-201_Cgig_G4225.3	91	825	Cgig_G4225.3
>UBE2Z-201_Emue_Em0024g242a.t1	4	492	Emue_Em0024g242a.t1
>UBE2Z-201_Gasp_gasp1.m3.12175.m1	67	801	Gasp_gasp1.m3.12175.m1
>UBE2Z-201_Gfas_gfas1.m1.3729.m1	91	933	Gfas_gfas1.m1.3729.m1
>UBE2Z-201_Hsal_ENA_GHBP01000474_GHBP01000474.1	1141	1461	Hsal_ENA_GHBP01000474_GHBP01000474.1
>UBE2Z-201_Kiwa_ENA_GBGI01004431_GBGI01004431.1	148	435	Kiwa_ENA_GBGI01004431_GBGI01004431.1
>UBE2Z-201_Mcap_g65528	55	846	Mcap_g65528
>UBE2Z-201_Msqu_ENA_GHBR01001891_GHBR01001891.1	254	697	Msqu_ENA_GHBR01001891_GHBR01001891.1
>UBE2Z-201_Nvec_XM_032366991.1	79	804	Nvec_XM_032366991.1
>UBE2Z-201_Pdam_Pocillopora_damicornis_24697	1	669	Pdam_Pocillopora_damicornis_24697
>UBE2Z-201_Plut_plut2.m8.2565.m1	46	690	Plut_plut2.m8.2565.m1
>UBE2Z-201_Prus_28882_t	46	780	Prus_28882_t
>UBE2Z-201_Pver_TRINITY_DN2085_c0_g4_i1	65	799	Pver_TRINITY_DN2085_c0_g4_i1
>UBE2Z-201_Spis_Stylophora_pistillata_4218	55	789	Spis_Stylophora_pistillata_4218
>UBE3A-226_Adig_Acropora_digitifera_2889	7	2301	Adig_Acropora_digitifera_2889
>UBE3A-226_Ahya_Acropora_hyacinthus_5062	61	780	Ahya_Acropora_hyacinthus_5062
>UBE3A-226_Amil_Acropora_millepora_6558	7	2298	Amil_Acropora_millepora_6558
>UBE3A-226_Apal_XM_021051992.2	72	2375	Apal_XM_021051992.2
>UBE3A-226_Apoc_chromosome_6.2239_1	160	2472	Apoc_chromosome_6.2239_1
>UBE3A-226_Aque_XM_003388104.3	145	2655	Aque_XM_003388104.3
>UBE3A-226_Cgig_G26517.2	97	2739	Cgig_G26517.2
>UBE3A-226_Emue_Em0022g317a.t1	577	2568	Emue_Em0022g317a.t1
>UBE3A-226_Gasp_gasp1.m3.30614.m1	176	2476	Gasp_gasp1.m3.30614.m1
>UBE3A-226_Gfas_gfas1.m1.1457.m1	173	2224	Gfas_gfas1.m1.1457.m1
>UBE3A-226_Hsal_ENA_GHBP01001096_GHBP01001096.1	441	1376	Hsal_ENA_GHBP01001096_GHBP01001096.1
>UBE3A-226_Kiwa_ENA_GBGI01002479_GBGI01002479.1	1511	2575	Kiwa_ENA_GBGI01002479_GBGI01002479.1
>UBE3A-226_Mcap_adi2mcaRNA4385_R0	82	2196	Mcap_adi2mcaRNA4385_R0
>UBE3A-226_Msqu_ENA_GHBR01001173_GHBR01001173.1	82	1080	Msqu_ENA_GHBR01001173_GHBR01001173.1
>UBE3A-226_Nvec_XM_001632475.2	595	2484	Nvec_XM_001632475.2
>UBE3A-226_Pbac_AVPN01006689.1	1753	2808	Pbac_AVPN01006689.1
>UBE3A-226_Pdam_Pocillopora_damicornis_12078	16	1074	Pdam_Pocillopora_damicornis_12078
>UBE3A-226_Plut_plut2.m8.6905.m1	947	2827	Plut_plut2.m8.6905.m1
>UBE3A-226_Prus_Prusg8299.t1	1786	2856	Prus_Prusg8299.t1
>UBE3A-226_Pver_TRINITY_DN931_c0_g2_i2	200	2467	Pver_TRINITY_DN931_c0_g2_i2
>UBE3A-226_Spis_Stylophora_pistillata_11677	157	2184	Spis_Stylophora_pistillata_11677
>UBE4A-201_Adig_Acropora_digitifera_16709	25	1485	Adig_Acropora_digitifera_16709
>UBE4A-201_Ahya_Acropora_hyacinthus_10790	76	339	Ahya_Acropora_hyacinthus_10790
>UBE4A-201_Amil_Acropora_millepora_1867	94	3441	Amil_Acropora_millepora_1867
>UBE4A-201_Apal_XM_021051164.2	4	3243	Apal_XM_021051164.2
>UBE4A-201_Apoc_chromosome_1.1640_1	4	3240	Apoc_chromosome_1.1640_1
>UBE4A-201_Aque_XM_011406841.2	196	2973	Aque_XM_011406841.2
>UBE4A-201_Cgig_G2889.5	16	3099	Cgig_G2889.5
>UBE4A-201_Emue_Em0012g1064a.t1	97	2979	Emue_Em0012g1064a.t1
>UBE4A-201_Gasp_gasp1.m3.10554.m1	22	3249	Gasp_gasp1.m3.10554.m1
>UBE4A-201_Gfas_gfas1.m1.2004.m1	186	3374	Gfas_gfas1.m1.2004.m1
>UBE4A-201_Hsal_ENA_GHBP01001405_GHBP01001405.1	646	1323	Hsal_ENA_GHBP01001405_GHBP01001405.1
>UBE4A-201_Kiwa_ENA_GBGI01015570_GBGI01015570.1	1343	2305	Kiwa_ENA_GBGI01015570_GBGI01015570.1
>UBE4A-201_Mcap_g22252	118	3111	Mcap_g22252
>UBE4A-201_Msqu_ENA_GHBR01000609_GHBR01000609.1	11	1297	Msqu_ENA_GHBR01000609_GHBR01000609.1
>UBE4A-201_Nvec_XM_032386734.1	344	3508	Nvec_XM_032386734.1
>UBE4A-201_Pbac_AVPN01000260.1	21912	23174	Pbac_AVPN01000260.1
>UBE4A-201_Pdam_Pocillopora_damicornis_4954	73	1080	Pdam_Pocillopora_damicornis_4954
>UBE4A-201_Plut_plut2.m8.2451.m1	1	3138	Plut_plut2.m8.2451.m1
>UBE4A-201_Prus_9182_t	313	3015	Prus_9182_t
>UBE4A-201_Pver_TRINITY_DN1142_c0_g1_i3	365	3526	Pver_TRINITY_DN1142_c0_g1_i3
>UBE4A-201_Spis_Stylophora_pistillata_11376	25	2487	Spis_Stylophora_pistillata_11376
>UBR2-202_Adig_Acropora_digitifera_13796	46	5319	Adig_Acropora_digitifera_13796
>UBR2-202_Ahya_Acropora_hyacinthus_8898	7	456	Ahya_Acropora_hyacinthus_8898
>UBR2-202_Amil_Acropora_millepora_1551	46	5319	Amil_Acropora_millepora_1551
>UBR2-202_Apal_XM_021055711.2	434	5590	Apal_XM_021055711.2
>UBR2-202_Apoc_chromosome_11.2704_1	31	5391	Apoc_chromosome_11.2704_1
>UBR2-202_Aque_XM_019996168.1	224	5401	Aque_XM_019996168.1
>UBR2-202_Cgig_G12475.1	85	5271	Cgig_G12475.1
>UBR2-202_Emue_Em0019g703a.t1	286	2472	Emue_Em0019g703a.t1
>UBR2-202_Gasp_gasp1.m3.15269.m1	353	5140	Gasp_gasp1.m3.15269.m1
>UBR2-202_Gfas_gfas1.m1.7345.m1	137	5341	Gfas_gfas1.m1.7345.m1
>UBR2-202_Hsal_ENA_GHBP01002098_GHBP01002098.1	101	925	Hsal_ENA_GHBP01002098_GHBP01002098.1
>UBR2-202_Kiwa_ENA_GBGI01016825_GBGI01016825.1	240	1748	Kiwa_ENA_GBGI01016825_GBGI01016825.1
>UBR2-202_Mcap_g34981	46	5322	Mcap_g34981
>UBR2-202_Msqu_ENA_GHBR01000027_GHBR01000027.1	32	793	Msqu_ENA_GHBR01000027_GHBR01000027.1
>UBR2-202_Nvec_XM_032370745.1	405	5465	Nvec_XM_032370745.1
>UBR2-202_Pbac_AVPN01000017.1	161483	164308	Pbac_AVPN01000017.1
>UBR2-202_Pdam_Pocillopora_damicornis_3692	751	1146	Pdam_Pocillopora_damicornis_3692
>UBR2-202_Plut_plut2.m8.30608.m1	99	1502	Plut_plut2.m8.30608.m1
>UBR2-202_Prus_12630_t	40	978	Prus_12630_t
>UBR2-202_Pver_TRINITY_DN4846_c0_g1_i10	156	5270	Pver_TRINITY_DN4846_c0_g1_i10
>UBR2-202_Spis_Stylophora_pistillata_778	19	5307	Spis_Stylophora_pistillata_778
>UHRF1-208_Adig_Acropora_digitifera_10632	1	2355	Adig_Acropora_digitifera_10632
>UHRF1-208_Ahya_Acropora_hyacinthus_2205	139	354	Ahya_Acropora_hyacinthus_2205
>UHRF1-208_Amil_Acropora_millepora_5620	1	1329	Amil_Acropora_millepora_5620
>UHRF1-208_Apal_XM_021058194.2	147	2489	Apal_XM_021058194.2
>UHRF1-208_Apoc_chromosome_6.1320_1	1	2349	Apoc_chromosome_6.1320_1
>UHRF1-208_Aque_XM_019993546.1	79	2340	Aque_XM_019993546.1
>UHRF1-208_Cgig_G2681.5	1	2376	Cgig_G2681.5
>UHRF1-208_Emue_Em0011g1054a.t1	1	2238	Emue_Em0011g1054a.t1
>UHRF1-208_Gasp_gasp1.m3.11887.m1	106	1500	Gasp_gasp1.m3.11887.m1
>UHRF1-208_Gfas_gfas1.m1.19929.m1	322	1149	Gfas_gfas1.m1.19929.m1
>UHRF1-208_Hsal_ENA_GHBP01008527_GHBP01008527.1	347	562	Hsal_ENA_GHBP01008527_GHBP01008527.1
>UHRF1-208_Kiwa_ENA_GBGI01001455_GBGI01001455.1	341	126	Kiwa_ENA_GBGI01001455_GBGI01001455.1
>UHRF1-208_Mcap_adi2mcaRNA19502_R1	142	1416	Mcap_adi2mcaRNA19502_R1
>UHRF1-208_Msqu_ENA_GHBR01000991_GHBR01000991.1	356	571	Msqu_ENA_GHBR01000991_GHBR01000991.1
>UHRF1-208_Nvec_XM_001632478.2	127	2454	Nvec_XM_001632478.2
>UHRF1-208_Pbac_AVPN01009157.1	1086	1997	Pbac_AVPN01009157.1
>UHRF1-208_Pdam_Pocillopora_damicornis_7914	196	627	Pdam_Pocillopora_damicornis_7914
>UHRF1-208_Plut_plut2.m8.5891.m1	145	2418	Plut_plut2.m8.5891.m1
>UHRF1-208_Prus_35217_t	1	1596	Prus_35217_t
>UHRF1-208_Pver_TRINITY_DN6160_c0_g1_i7	97	2451	Pver_TRINITY_DN6160_c0_g1_i7
>UHRF1-208_Spis_Stylophora_pistillata_15886	1213	1437	Spis_Stylophora_pistillata_15886
